i,j,text_a,text_b,type_a,type_b,created_a,created_b,similarity,action
0,28,User's favorite color is blue,User's favorite color is blue,fact,fact,2026-05-19,2026-04-16,1.0,DUPLICATE
0,39,User's favorite color is blue,User's favorite color is blue,fact,fact,2026-05-19,2026-04-02,1.0,DUPLICATE
0,213,User's favorite color is blue,User's favorite color is blue,fact,fact,2026-05-19,2026-05-28,1.0,DUPLICATE
0,232,User's favorite color is blue,User's favorite color is blue,fact,fact,2026-05-19,2026-06-11,1.0,DUPLICATE
0,244,User's favorite color is blue,User's favorite color is blue,fact,fact,2026-05-19,2026-02-14,1.0,DUPLICATE
0,258,User's favorite color is blue,User's favorite color is blue,fact,fact,2026-05-19,2026-06-23,1.0,DUPLICATE
0,321,User's favorite color is blue,User's favorite color is blue,fact,fact,2026-05-19,2026-03-15,1.0,DUPLICATE
0,353,User's favorite color is blue,User's favorite color is blue,fact,fact,2026-05-19,2026-07-03,1.0,DUPLICATE
0,385,User's favorite color is blue,User's favorite color is blue,fact,fact,2026-05-19,2026-07-03,1.0,DUPLICATE
1,2,User watched a movie yesterday,User watched a movie yesterday,event,event,2026-02-27,2026-03-07,1.0,DUPLICATE
1,19,User watched a movie yesterday,User watched a movie yesterday,event,event,2026-02-27,2026-02-25,1.0,DUPLICATE
1,34,User watched a movie yesterday,User watched a movie yesterday,event,event,2026-02-27,2026-05-09,1.0,DUPLICATE
1,46,User watched a movie yesterday,User watched a movie yesterday,event,event,2026-02-27,2026-06-30,1.0,DUPLICATE
1,78,User watched a movie yesterday,User watched a movie yesterday,event,event,2026-02-27,2026-04-30,1.0,DUPLICATE
1,156,User watched a movie yesterday,User watched a movie yesterday,event,event,2026-02-27,2026-05-19,1.0,DUPLICATE
1,199,User watched a movie yesterday,User watched a movie yesterday,event,event,2026-02-27,2026-02-13,1.0,DUPLICATE
1,230,User watched a movie yesterday,User watched a movie yesterday,event,event,2026-02-27,2026-02-24,1.0,DUPLICATE
1,347,User watched a movie yesterday,User watched a movie yesterday,event,event,2026-02-27,2026-04-01,1.0,DUPLICATE
1,448,User watched a movie yesterday,User watched a movie yesterday,event,event,2026-02-27,2026-05-03,1.0,DUPLICATE
2,19,User watched a movie yesterday,User watched a movie yesterday,event,event,2026-03-07,2026-02-25,1.0,DUPLICATE
2,34,User watched a movie yesterday,User watched a movie yesterday,event,event,2026-03-07,2026-05-09,1.0,DUPLICATE
2,46,User watched a movie yesterday,User watched a movie yesterday,event,event,2026-03-07,2026-06-30,1.0,DUPLICATE
2,78,User watched a movie yesterday,User watched a movie yesterday,event,event,2026-03-07,2026-04-30,1.0,DUPLICATE
2,156,User watched a movie yesterday,User watched a movie yesterday,event,event,2026-03-07,2026-05-19,1.0,DUPLICATE
2,199,User watched a movie yesterday,User watched a movie yesterday,event,event,2026-03-07,2026-02-13,1.0,DUPLICATE
2,230,User watched a movie yesterday,User watched a movie yesterday,event,event,2026-03-07,2026-02-24,1.0,DUPLICATE
2,347,User watched a movie yesterday,User watched a movie yesterday,event,event,2026-03-07,2026-04-01,1.0,DUPLICATE
2,448,User watched a movie yesterday,User watched a movie yesterday,event,event,2026-03-07,2026-05-03,1.0,DUPLICATE
3,81,User has a cat named Whiskers,User has a cat named Whiskers,fact,fact,2026-06-18,2026-06-17,1.0,DUPLICATE
3,102,User has a cat named Whiskers,User has a cat named Whiskers,fact,fact,2026-06-18,2026-06-05,1.0,DUPLICATE
3,114,User has a cat named Whiskers,User has a cat named Whiskers,fact,fact,2026-06-18,2026-04-16,1.0,DUPLICATE
3,154,User has a cat named Whiskers,User has a cat named Whiskers,fact,fact,2026-06-18,2026-05-04,1.0,DUPLICATE
3,218,User has a cat named Whiskers,User has a cat named Whiskers,fact,fact,2026-06-18,2026-03-02,1.0,DUPLICATE
3,375,User has a cat named Whiskers,User has a cat named Whiskers,fact,fact,2026-06-18,2026-05-29,1.0,DUPLICATE
3,383,User has a cat named Whiskers,User has a cat named Whiskers,fact,fact,2026-06-18,2026-03-14,1.0,DUPLICATE
3,402,User has a cat named Whiskers,User has a cat named Whiskers,fact,fact,2026-06-18,2026-04-18,1.0,DUPLICATE
3,409,User has a cat named Whiskers,User has a cat named Whiskers,fact,fact,2026-06-18,2026-07-21,1.0,DUPLICATE
3,441,User has a cat named Whiskers,User has a cat named Whiskers,fact,fact,2026-06-18,2026-06-02,1.0,DUPLICATE
4,7,User is learning Spanish,User is learning Spanish,goal,goal,2026-07-05,2026-05-30,1.0,DUPLICATE
4,94,User is learning Spanish,User is learning Spanish,goal,goal,2026-07-05,2026-03-13,1.0,DUPLICATE
4,96,User is learning Spanish,User wants to learn Spanish,goal,goal,2026-07-05,2026-03-14,0.919,NEAR_DUPLICATE
4,104,User is learning Spanish,User wants to learn Spanish,goal,goal,2026-07-05,2026-05-30,0.919,NEAR_DUPLICATE
4,138,User is learning Spanish,User wants to learn Spanish,goal,goal,2026-07-05,2026-02-10,0.919,NEAR_DUPLICATE
4,152,User is learning Spanish,User is learning Spanish,goal,goal,2026-07-05,2026-02-03,1.0,DUPLICATE
4,181,User is learning Spanish,User is learning Spanish,goal,goal,2026-07-05,2026-04-16,1.0,DUPLICATE
4,182,User is learning Spanish,User is learning Spanish,goal,goal,2026-07-05,2026-04-08,1.0,DUPLICATE
4,216,User is learning Spanish,User is learning Spanish,goal,goal,2026-07-05,2026-03-16,1.0,DUPLICATE
4,270,User is learning Spanish,User wants to learn Spanish,goal,goal,2026-07-05,2026-05-16,0.919,NEAR_DUPLICATE
4,331,User is learning Spanish,User wants to learn Spanish,goal,goal,2026-07-05,2026-07-03,0.919,NEAR_DUPLICATE
4,358,User is learning Spanish,User wants to learn Spanish,goal,goal,2026-07-05,2026-06-29,0.919,NEAR_DUPLICATE
4,420,User is learning Spanish,User is learning Spanish,goal,goal,2026-07-05,2026-06-06,1.0,DUPLICATE
4,439,User is learning Spanish,User wants to learn Spanish,goal,goal,2026-07-05,2026-03-30,0.919,NEAR_DUPLICATE
4,458,User is learning Spanish,User wants to learn Spanish,goal,goal,2026-07-05,2026-05-08,0.919,NEAR_DUPLICATE
4,510,User is learning Spanish,User is learning Spanish,goal,goal,2026-07-05,2026-05-09,1.0,DUPLICATE
4,511,User is learning Spanish,User is now fluent in Spanish,goal,fact,2026-07-05,2026-06-18,0.786,EVOLVING
5,56,User wears glasses,User wears glasses,fact,fact,2026-04-02,2026-04-08,1.0,DUPLICATE
5,389,User wears glasses,User wears glasses,fact,fact,2026-04-02,2026-07-04,1.0,DUPLICATE
5,428,User wears glasses,User wears glasses,fact,fact,2026-04-02,2026-05-26,1.0,DUPLICATE
5,443,User wears glasses,User wears glasses,fact,fact,2026-04-02,2026-01-30,1.0,DUPLICATE
5,455,User wears glasses,User wears glasses,fact,fact,2026-04-02,2026-07-28,1.0,DUPLICATE
6,21,User visited the doctor last month,User visited the doctor last month,event,event,2026-04-27,2026-06-26,1.0,DUPLICATE
6,83,User visited the doctor last month,User visited the doctor last month,event,event,2026-04-27,2026-06-28,1.0,DUPLICATE
6,95,User visited the doctor last month,User visited the doctor last month,event,event,2026-04-27,2026-03-16,1.0,DUPLICATE
6,117,User visited the doctor last month,User visited the doctor last month,event,event,2026-04-27,2026-05-28,1.0,DUPLICATE
6,123,User visited the doctor last month,User visited the doctor last month,event,event,2026-04-27,2026-03-11,1.0,DUPLICATE
6,179,User visited the doctor last month,User visited the doctor last month,event,event,2026-04-27,2026-02-07,1.0,DUPLICATE
6,196,User visited the doctor last month,User visited the doctor last month,event,event,2026-04-27,2026-06-20,1.0,DUPLICATE
6,228,User visited the doctor last month,User visited the doctor last month,event,event,2026-04-27,2026-02-05,1.0,DUPLICATE
6,287,User visited the doctor last month,User visited the doctor last month,event,event,2026-04-27,2026-02-08,1.0,DUPLICATE
6,316,User visited the doctor last month,User visited the doctor last month,event,event,2026-04-27,2026-05-27,1.0,DUPLICATE
6,338,User visited the doctor last month,User visited the doctor last month,event,event,2026-04-27,2026-05-06,1.0,DUPLICATE
6,408,User visited the doctor last month,User visited the doctor last month,event,event,2026-04-27,2026-05-23,1.0,DUPLICATE
6,450,User visited the doctor last month,User visited the doctor last month,event,event,2026-04-27,2026-04-28,1.0,DUPLICATE
6,463,User visited the doctor last month,User visited the doctor last month,event,event,2026-04-27,2026-03-25,1.0,DUPLICATE
6,497,User visited the doctor last month,User visited the doctor last month,event,event,2026-04-27,2026-06-10,1.0,DUPLICATE
7,94,User is learning Spanish,User is learning Spanish,goal,goal,2026-05-30,2026-03-13,1.0,DUPLICATE
7,96,User is learning Spanish,User wants to learn Spanish,goal,goal,2026-05-30,2026-03-14,0.919,NEAR_DUPLICATE
7,104,User is learning Spanish,User wants to learn Spanish,goal,goal,2026-05-30,2026-05-30,0.919,NEAR_DUPLICATE
7,138,User is learning Spanish,User wants to learn Spanish,goal,goal,2026-05-30,2026-02-10,0.919,NEAR_DUPLICATE
7,152,User is learning Spanish,User is learning Spanish,goal,goal,2026-05-30,2026-02-03,1.0,DUPLICATE
7,181,User is learning Spanish,User is learning Spanish,goal,goal,2026-05-30,2026-04-16,1.0,DUPLICATE
7,182,User is learning Spanish,User is learning Spanish,goal,goal,2026-05-30,2026-04-08,1.0,DUPLICATE
7,216,User is learning Spanish,User is learning Spanish,goal,goal,2026-05-30,2026-03-16,1.0,DUPLICATE
7,270,User is learning Spanish,User wants to learn Spanish,goal,goal,2026-05-30,2026-05-16,0.919,NEAR_DUPLICATE
7,331,User is learning Spanish,User wants to learn Spanish,goal,goal,2026-05-30,2026-07-03,0.919,NEAR_DUPLICATE
7,358,User is learning Spanish,User wants to learn Spanish,goal,goal,2026-05-30,2026-06-29,0.919,NEAR_DUPLICATE
7,420,User is learning Spanish,User is learning Spanish,goal,goal,2026-05-30,2026-06-06,1.0,DUPLICATE
7,439,User is learning Spanish,User wants to learn Spanish,goal,goal,2026-05-30,2026-03-30,0.919,NEAR_DUPLICATE
7,458,User is learning Spanish,User wants to learn Spanish,goal,goal,2026-05-30,2026-05-08,0.919,NEAR_DUPLICATE
7,510,User is learning Spanish,User is learning Spanish,goal,goal,2026-05-30,2026-05-09,1.0,DUPLICATE
7,511,User is learning Spanish,User is now fluent in Spanish,goal,fact,2026-05-30,2026-06-18,0.786,EVOLVING
8,98,User wants to get better at DSA,User wants to get better at DSA,goal,goal,2026-04-25,2026-07-15,1.0,DUPLICATE
8,387,User wants to get better at DSA,User wants to get better at DSA,goal,goal,2026-04-25,2026-05-19,1.0,DUPLICATE
9,99,User is left-handed,User is left-handed,fact,fact,2026-02-16,2026-02-17,1.0,DUPLICATE
9,190,User is left-handed,User is left-handed,fact,fact,2026-02-16,2026-02-26,1.0,DUPLICATE
9,262,User is left-handed,User is left-handed,fact,fact,2026-02-16,2026-03-29,1.0,DUPLICATE
9,423,User is left-handed,User is left-handed,fact,fact,2026-02-16,2026-03-05,1.0,DUPLICATE
9,431,User is left-handed,User is left-handed,fact,fact,2026-02-16,2026-02-28,1.0,DUPLICATE
10,35,User attended a wedding last weekend,User attended a wedding last weekend,event,event,2026-02-03,2026-07-14,1.0,DUPLICATE
10,47,User attended a wedding last weekend,User attended a wedding last weekend,event,event,2026-02-03,2026-04-09,1.0,DUPLICATE
10,80,User attended a wedding last weekend,User attended a wedding last weekend,event,event,2026-02-03,2026-03-31,1.0,DUPLICATE
10,134,User attended a wedding last weekend,User attended a wedding last weekend,event,event,2026-02-03,2026-05-30,1.0,DUPLICATE
10,155,User attended a wedding last weekend,User attended a wedding last weekend,event,event,2026-02-03,2026-02-28,1.0,DUPLICATE
10,231,User attended a wedding last weekend,User attended a wedding last weekend,event,event,2026-02-03,2026-03-15,1.0,DUPLICATE
10,240,User attended a wedding last weekend,User attended a wedding last weekend,event,event,2026-02-03,2026-06-25,1.0,DUPLICATE
10,243,User attended a wedding last weekend,User attended a wedding last weekend,event,event,2026-02-03,2026-06-15,1.0,DUPLICATE
10,259,User attended a wedding last weekend,User attended a wedding last weekend,event,event,2026-02-03,2026-05-06,1.0,DUPLICATE
10,296,User attended a wedding last weekend,User attended a wedding last weekend,event,event,2026-02-03,2026-02-11,1.0,DUPLICATE
10,310,User attended a wedding last weekend,User attended a wedding last weekend,event,event,2026-02-03,2026-03-28,1.0,DUPLICATE
10,339,User attended a wedding last weekend,User attended a wedding last weekend,event,event,2026-02-03,2026-03-04,1.0,DUPLICATE
10,344,User attended a wedding last weekend,User attended a wedding last weekend,event,event,2026-02-03,2026-05-13,1.0,DUPLICATE
10,354,User attended a wedding last weekend,User attended a wedding last weekend,event,event,2026-02-03,2026-04-05,1.0,DUPLICATE
10,355,User attended a wedding last weekend,User attended a wedding last weekend,event,event,2026-02-03,2026-05-01,1.0,DUPLICATE
10,361,User attended a wedding last weekend,User attended a wedding last weekend,event,event,2026-02-03,2026-04-04,1.0,DUPLICATE
10,376,User attended a wedding last weekend,User attended a wedding last weekend,event,event,2026-02-03,2026-06-06,1.0,DUPLICATE
10,411,User attended a wedding last weekend,User attended a wedding last weekend,event,event,2026-02-03,2026-04-25,1.0,DUPLICATE
10,452,User attended a wedding last weekend,User attended a wedding last weekend,event,event,2026-02-03,2026-02-15,1.0,DUPLICATE
11,58,Call the dentist to reschedule appointment,Call the dentist to reschedule appointment,task,task,2026-07-12,2026-03-09,1.0,DUPLICATE
11,101,Call the dentist to reschedule appointment,Call the dentist to reschedule appointment,task,task,2026-07-12,2026-02-28,1.0,DUPLICATE
11,135,Call the dentist to reschedule appointment,Call the dentist to reschedule appointment,task,task,2026-07-12,2026-02-05,1.0,DUPLICATE
11,144,Call the dentist to reschedule appointment,Call the dentist to reschedule appointment,task,task,2026-07-12,2026-05-03,1.0,DUPLICATE
11,151,Call the dentist to reschedule appointment,Call the dentist to reschedule appointment,task,task,2026-07-12,2026-07-20,1.0,DUPLICATE
11,175,Call the dentist to reschedule appointment,Call the dentist to reschedule appointment,task,task,2026-07-12,2026-06-03,1.0,DUPLICATE
11,204,Call the dentist to reschedule appointment,Call the dentist to reschedule appointment,task,task,2026-07-12,2026-04-05,1.0,DUPLICATE
11,246,Call the dentist to reschedule appointment,Call the dentist to reschedule appointment,task,task,2026-07-12,2026-04-03,1.0,DUPLICATE
11,253,Call the dentist to reschedule appointment,Call the dentist to reschedule appointment,task,task,2026-07-12,2026-03-13,1.0,DUPLICATE
11,438,Call the dentist to reschedule appointment,Call the dentist to reschedule appointment,task,task,2026-07-12,2026-06-12,1.0,DUPLICATE
11,444,Call the dentist to reschedule appointment,Call the dentist to reschedule appointment,task,task,2026-07-12,2026-06-14,1.0,DUPLICATE
11,477,Call the dentist to reschedule appointment,Call the dentist to reschedule appointment,task,task,2026-07-12,2026-04-21,1.0,DUPLICATE
12,17,Renew driving license this month,Renew driving license this month,task,task,2026-05-22,2026-04-03,1.0,DUPLICATE
12,29,Renew driving license this month,Renew driving license this month,task,task,2026-05-22,2026-04-11,1.0,DUPLICATE
12,38,Renew driving license this month,Renew driving license this month,task,task,2026-05-22,2026-02-07,1.0,DUPLICATE
12,49,Renew driving license this month,Renew driving license this month,task,task,2026-05-22,2026-05-29,1.0,DUPLICATE
12,61,Renew driving license this month,Renew driving license this month,task,task,2026-05-22,2026-02-10,1.0,DUPLICATE
12,76,Renew driving license this month,Renew driving license this month,task,task,2026-05-22,2026-04-01,1.0,DUPLICATE
12,85,Renew driving license this month,Renew driving license this month,task,task,2026-05-22,2026-04-08,1.0,DUPLICATE
12,131,Renew driving license this month,Renew driving license this month,task,task,2026-05-22,2026-02-01,1.0,DUPLICATE
12,208,Renew driving license this month,Renew driving license this month,task,task,2026-05-22,2026-04-08,1.0,DUPLICATE
12,211,Renew driving license this month,Renew driving license this month,task,task,2026-05-22,2026-03-30,1.0,DUPLICATE
12,234,Renew driving license this month,Renew driving license this month,task,task,2026-05-22,2026-04-06,1.0,DUPLICATE
12,237,Renew driving license this month,Renew driving license this month,task,task,2026-05-22,2026-02-22,1.0,DUPLICATE
12,277,Renew driving license this month,Renew driving license this month,task,task,2026-05-22,2026-05-15,1.0,DUPLICATE
12,286,Renew driving license this month,Renew driving license this month,task,task,2026-05-22,2026-04-03,1.0,DUPLICATE
12,322,Renew driving license this month,Renew driving license this month,task,task,2026-05-22,2026-07-01,1.0,DUPLICATE
12,367,Renew driving license this month,Renew driving license this month,task,task,2026-05-22,2026-03-26,1.0,DUPLICATE
12,391,Renew driving license this month,Renew driving license this month,task,task,2026-05-22,2026-03-28,1.0,DUPLICATE
12,413,Renew driving license this month,Renew driving license this month,task,task,2026-05-22,2026-06-13,1.0,DUPLICATE
12,432,Renew driving license this month,Renew driving license this month,task,task,2026-05-22,2026-07-05,1.0,DUPLICATE
12,436,Renew driving license this month,Renew driving license this month,task,task,2026-05-22,2026-04-12,1.0,DUPLICATE
13,20,User had a job interview last week,User is preparing for interviews,event,goal,2026-03-01,2026-07-14,0.625,RELATED
13,22,User had a job interview last week,User had a job interview last week,event,event,2026-03-01,2026-06-04,1.0,DUPLICATE
13,44,User had a job interview last week,User had a job interview last week,event,event,2026-03-01,2026-05-25,1.0,DUPLICATE
13,66,User had a job interview last week,User had a job interview last week,event,event,2026-03-01,2026-07-16,1.0,DUPLICATE
13,130,User had a job interview last week,User is preparing for interviews,event,goal,2026-03-01,2026-07-05,0.625,RELATED
13,140,User had a job interview last week,User is preparing for interviews,event,goal,2026-03-01,2026-02-16,0.625,RELATED
13,150,User had a job interview last week,User had a job interview last week,event,event,2026-03-01,2026-02-28,1.0,DUPLICATE
13,176,User had a job interview last week,User had a job interview last week,event,event,2026-03-01,2026-03-16,1.0,DUPLICATE
13,251,User had a job interview last week,User had a job interview last week,event,event,2026-03-01,2026-03-23,1.0,DUPLICATE
13,266,User had a job interview last week,User had a job interview last week,event,event,2026-03-01,2026-05-09,1.0,DUPLICATE
13,298,User had a job interview last week,User had a job interview last week,event,event,2026-03-01,2026-03-14,1.0,DUPLICATE
13,303,User had a job interview last week,User is preparing for interviews,event,goal,2026-03-01,2026-05-12,0.625,RELATED
13,306,User had a job interview last week,User had a job interview last week,event,event,2026-03-01,2026-05-28,1.0,DUPLICATE
13,308,User had a job interview last week,User is preparing for interviews,event,goal,2026-03-01,2026-05-05,0.625,RELATED
13,314,User had a job interview last week,User is preparing for interviews,event,goal,2026-03-01,2026-04-25,0.625,RELATED
13,327,User had a job interview last week,User had a job interview last week,event,event,2026-03-01,2026-05-20,1.0,DUPLICATE
13,332,User had a job interview last week,User had a job interview last week,event,event,2026-03-01,2026-05-06,1.0,DUPLICATE
13,343,User had a job interview last week,User had a job interview last week,event,event,2026-03-01,2026-05-05,1.0,DUPLICATE
13,350,User had a job interview last week,User had a job interview last week,event,event,2026-03-01,2026-03-14,1.0,DUPLICATE
13,433,User had a job interview last week,User had a job interview last week,event,event,2026-03-01,2026-04-18,1.0,DUPLICATE
13,464,User had a job interview last week,User had a job interview last week,event,event,2026-03-01,2026-06-07,1.0,DUPLICATE
13,483,User had a job interview last week,User had a job interview last week,event,event,2026-03-01,2026-06-24,1.0,DUPLICATE
13,494,User had a job interview last week,User is preparing for interviews,event,goal,2026-03-01,2026-06-20,0.625,RELATED
13,495,User had a job interview last week,User had a job interview last week,event,event,2026-03-01,2026-02-09,1.0,DUPLICATE
13,514,User had a job interview last week,User is preparing for interviews,event,goal,2026-03-01,2026-04-21,0.625,RELATED
13,515,User had a job interview last week,User got a new job after interviews,event,fact,2026-03-01,2026-05-24,0.776,RELATED
14,15,Submit assignment by Monday,Submit assignment by Monday,task,task,2026-07-16,2026-04-21,1.0,DUPLICATE
14,30,Submit assignment by Monday,Submit assignment by Monday,task,task,2026-07-16,2026-07-16,1.0,DUPLICATE
14,149,Submit assignment by Monday,Submit assignment by Monday,task,task,2026-07-16,2026-07-04,1.0,DUPLICATE
14,161,Submit assignment by Monday,Submit assignment by Monday,task,task,2026-07-16,2026-03-25,1.0,DUPLICATE
14,165,Submit assignment by Monday,Submit assignment by Monday,task,task,2026-07-16,2026-05-09,1.0,DUPLICATE
14,166,Submit assignment by Monday,Submit assignment by Monday,task,task,2026-07-16,2026-07-05,1.0,DUPLICATE
14,329,Submit assignment by Monday,Submit assignment by Monday,task,task,2026-07-16,2026-05-13,1.0,DUPLICATE
14,341,Submit assignment by Monday,Submit assignment by Monday,task,task,2026-07-16,2026-04-27,1.0,DUPLICATE
14,426,Submit assignment by Monday,Submit assignment by Monday,task,task,2026-07-16,2026-03-13,1.0,DUPLICATE
15,30,Submit assignment by Monday,Submit assignment by Monday,task,task,2026-04-21,2026-07-16,1.0,DUPLICATE
15,149,Submit assignment by Monday,Submit assignment by Monday,task,task,2026-04-21,2026-07-04,1.0,DUPLICATE
15,161,Submit assignment by Monday,Submit assignment by Monday,task,task,2026-04-21,2026-03-25,1.0,DUPLICATE
15,165,Submit assignment by Monday,Submit assignment by Monday,task,task,2026-04-21,2026-05-09,1.0,DUPLICATE
15,166,Submit assignment by Monday,Submit assignment by Monday,task,task,2026-04-21,2026-07-05,1.0,DUPLICATE
15,329,Submit assignment by Monday,Submit assignment by Monday,task,task,2026-04-21,2026-05-13,1.0,DUPLICATE
15,341,Submit assignment by Monday,Submit assignment by Monday,task,task,2026-04-21,2026-04-27,1.0,DUPLICATE
15,426,Submit assignment by Monday,Submit assignment by Monday,task,task,2026-04-21,2026-03-13,1.0,DUPLICATE
16,27,User's mother tongue is Marathi,User's mother tongue is Marathi,fact,fact,2026-06-29,2026-04-09,1.0,DUPLICATE
16,174,User's mother tongue is Marathi,User's mother tongue is Marathi,fact,fact,2026-06-29,2026-07-08,1.0,DUPLICATE
16,290,User's mother tongue is Marathi,User's mother tongue is Marathi,fact,fact,2026-06-29,2026-06-06,1.0,DUPLICATE
16,466,User's mother tongue is Marathi,User's mother tongue is Marathi,fact,fact,2026-06-29,2026-03-11,1.0,DUPLICATE
17,29,Renew driving license this month,Renew driving license this month,task,task,2026-04-03,2026-04-11,1.0,DUPLICATE
17,38,Renew driving license this month,Renew driving license this month,task,task,2026-04-03,2026-02-07,1.0,DUPLICATE
17,49,Renew driving license this month,Renew driving license this month,task,task,2026-04-03,2026-05-29,1.0,DUPLICATE
17,61,Renew driving license this month,Renew driving license this month,task,task,2026-04-03,2026-02-10,1.0,DUPLICATE
17,76,Renew driving license this month,Renew driving license this month,task,task,2026-04-03,2026-04-01,1.0,DUPLICATE
17,85,Renew driving license this month,Renew driving license this month,task,task,2026-04-03,2026-04-08,1.0,DUPLICATE
17,131,Renew driving license this month,Renew driving license this month,task,task,2026-04-03,2026-02-01,1.0,DUPLICATE
17,208,Renew driving license this month,Renew driving license this month,task,task,2026-04-03,2026-04-08,1.0,DUPLICATE
17,211,Renew driving license this month,Renew driving license this month,task,task,2026-04-03,2026-03-30,1.0,DUPLICATE
17,234,Renew driving license this month,Renew driving license this month,task,task,2026-04-03,2026-04-06,1.0,DUPLICATE
17,237,Renew driving license this month,Renew driving license this month,task,task,2026-04-03,2026-02-22,1.0,DUPLICATE
17,277,Renew driving license this month,Renew driving license this month,task,task,2026-04-03,2026-05-15,1.0,DUPLICATE
17,286,Renew driving license this month,Renew driving license this month,task,task,2026-04-03,2026-04-03,1.0,DUPLICATE
17,322,Renew driving license this month,Renew driving license this month,task,task,2026-04-03,2026-07-01,1.0,DUPLICATE
17,367,Renew driving license this month,Renew driving license this month,task,task,2026-04-03,2026-03-26,1.0,DUPLICATE
17,391,Renew driving license this month,Renew driving license this month,task,task,2026-04-03,2026-03-28,1.0,DUPLICATE
17,413,Renew driving license this month,Renew driving license this month,task,task,2026-04-03,2026-06-13,1.0,DUPLICATE
17,432,Renew driving license this month,Renew driving license this month,task,task,2026-04-03,2026-07-05,1.0,DUPLICATE
17,436,Renew driving license this month,Renew driving license this month,task,task,2026-04-03,2026-04-12,1.0,DUPLICATE
18,51,User's hometown is Pune,User's hometown is Pune,fact,fact,2026-02-18,2026-03-30,1.0,DUPLICATE
18,62,User's hometown is Pune,User's hometown is Pune,fact,fact,2026-02-18,2026-05-29,1.0,DUPLICATE
18,153,User's hometown is Pune,User's hometown is Pune,fact,fact,2026-02-18,2026-04-03,1.0,DUPLICATE
18,348,User's hometown is Pune,User's hometown is Pune,fact,fact,2026-02-18,2026-04-15,1.0,DUPLICATE
18,382,User's hometown is Pune,User's hometown is Pune,fact,fact,2026-02-18,2026-07-05,1.0,DUPLICATE
18,447,User's hometown is Pune,User's hometown is Pune,fact,fact,2026-02-18,2026-03-16,1.0,DUPLICATE
19,34,User watched a movie yesterday,User watched a movie yesterday,event,event,2026-02-25,2026-05-09,1.0,DUPLICATE
19,46,User watched a movie yesterday,User watched a movie yesterday,event,event,2026-02-25,2026-06-30,1.0,DUPLICATE
19,78,User watched a movie yesterday,User watched a movie yesterday,event,event,2026-02-25,2026-04-30,1.0,DUPLICATE
19,156,User watched a movie yesterday,User watched a movie yesterday,event,event,2026-02-25,2026-05-19,1.0,DUPLICATE
19,199,User watched a movie yesterday,User watched a movie yesterday,event,event,2026-02-25,2026-02-13,1.0,DUPLICATE
19,230,User watched a movie yesterday,User watched a movie yesterday,event,event,2026-02-25,2026-02-24,1.0,DUPLICATE
19,347,User watched a movie yesterday,User watched a movie yesterday,event,event,2026-02-25,2026-04-01,1.0,DUPLICATE
19,448,User watched a movie yesterday,User watched a movie yesterday,event,event,2026-02-25,2026-05-03,1.0,DUPLICATE
20,22,User is preparing for interviews,User had a job interview last week,goal,event,2026-07-14,2026-06-04,0.625,RELATED
20,44,User is preparing for interviews,User had a job interview last week,goal,event,2026-07-14,2026-05-25,0.625,RELATED
20,66,User is preparing for interviews,User had a job interview last week,goal,event,2026-07-14,2026-07-16,0.625,RELATED
20,130,User is preparing for interviews,User is preparing for interviews,goal,goal,2026-07-14,2026-07-05,1.0,DUPLICATE
20,140,User is preparing for interviews,User is preparing for interviews,goal,goal,2026-07-14,2026-02-16,1.0,DUPLICATE
20,150,User is preparing for interviews,User had a job interview last week,goal,event,2026-07-14,2026-02-28,0.625,RELATED
20,176,User is preparing for interviews,User had a job interview last week,goal,event,2026-07-14,2026-03-16,0.625,RELATED
20,251,User is preparing for interviews,User had a job interview last week,goal,event,2026-07-14,2026-03-23,0.625,RELATED
20,266,User is preparing for interviews,User had a job interview last week,goal,event,2026-07-14,2026-05-09,0.625,RELATED
20,298,User is preparing for interviews,User had a job interview last week,goal,event,2026-07-14,2026-03-14,0.625,RELATED
20,303,User is preparing for interviews,User is preparing for interviews,goal,goal,2026-07-14,2026-05-12,1.0,DUPLICATE
20,306,User is preparing for interviews,User had a job interview last week,goal,event,2026-07-14,2026-05-28,0.625,RELATED
20,308,User is preparing for interviews,User is preparing for interviews,goal,goal,2026-07-14,2026-05-05,1.0,DUPLICATE
20,314,User is preparing for interviews,User is preparing for interviews,goal,goal,2026-07-14,2026-04-25,1.0,DUPLICATE
20,327,User is preparing for interviews,User had a job interview last week,goal,event,2026-07-14,2026-05-20,0.625,RELATED
20,332,User is preparing for interviews,User had a job interview last week,goal,event,2026-07-14,2026-05-06,0.625,RELATED
20,343,User is preparing for interviews,User had a job interview last week,goal,event,2026-07-14,2026-05-05,0.625,RELATED
20,350,User is preparing for interviews,User had a job interview last week,goal,event,2026-07-14,2026-03-14,0.625,RELATED
20,433,User is preparing for interviews,User had a job interview last week,goal,event,2026-07-14,2026-04-18,0.625,RELATED
20,464,User is preparing for interviews,User had a job interview last week,goal,event,2026-07-14,2026-06-07,0.625,RELATED
20,483,User is preparing for interviews,User had a job interview last week,goal,event,2026-07-14,2026-06-24,0.625,RELATED
20,494,User is preparing for interviews,User is preparing for interviews,goal,goal,2026-07-14,2026-06-20,1.0,DUPLICATE
20,495,User is preparing for interviews,User had a job interview last week,goal,event,2026-07-14,2026-02-09,0.625,RELATED
20,514,User is preparing for interviews,User is preparing for interviews,goal,goal,2026-07-14,2026-04-21,1.0,DUPLICATE
20,515,User is preparing for interviews,User got a new job after interviews,goal,fact,2026-07-14,2026-05-24,0.667,EVOLVING
21,83,User visited the doctor last month,User visited the doctor last month,event,event,2026-06-26,2026-06-28,1.0,DUPLICATE
21,95,User visited the doctor last month,User visited the doctor last month,event,event,2026-06-26,2026-03-16,1.0,DUPLICATE
21,117,User visited the doctor last month,User visited the doctor last month,event,event,2026-06-26,2026-05-28,1.0,DUPLICATE
21,123,User visited the doctor last month,User visited the doctor last month,event,event,2026-06-26,2026-03-11,1.0,DUPLICATE
21,179,User visited the doctor last month,User visited the doctor last month,event,event,2026-06-26,2026-02-07,1.0,DUPLICATE
21,196,User visited the doctor last month,User visited the doctor last month,event,event,2026-06-26,2026-06-20,1.0,DUPLICATE
21,228,User visited the doctor last month,User visited the doctor last month,event,event,2026-06-26,2026-02-05,1.0,DUPLICATE
21,287,User visited the doctor last month,User visited the doctor last month,event,event,2026-06-26,2026-02-08,1.0,DUPLICATE
21,316,User visited the doctor last month,User visited the doctor last month,event,event,2026-06-26,2026-05-27,1.0,DUPLICATE
21,338,User visited the doctor last month,User visited the doctor last month,event,event,2026-06-26,2026-05-06,1.0,DUPLICATE
21,408,User visited the doctor last month,User visited the doctor last month,event,event,2026-06-26,2026-05-23,1.0,DUPLICATE
21,450,User visited the doctor last month,User visited the doctor last month,event,event,2026-06-26,2026-04-28,1.0,DUPLICATE
21,463,User visited the doctor last month,User visited the doctor last month,event,event,2026-06-26,2026-03-25,1.0,DUPLICATE
21,497,User visited the doctor last month,User visited the doctor last month,event,event,2026-06-26,2026-06-10,1.0,DUPLICATE
22,44,User had a job interview last week,User had a job interview last week,event,event,2026-06-04,2026-05-25,1.0,DUPLICATE
22,66,User had a job interview last week,User had a job interview last week,event,event,2026-06-04,2026-07-16,1.0,DUPLICATE
22,130,User had a job interview last week,User is preparing for interviews,event,goal,2026-06-04,2026-07-05,0.625,RELATED
22,140,User had a job interview last week,User is preparing for interviews,event,goal,2026-06-04,2026-02-16,0.625,RELATED
22,150,User had a job interview last week,User had a job interview last week,event,event,2026-06-04,2026-02-28,1.0,DUPLICATE
22,176,User had a job interview last week,User had a job interview last week,event,event,2026-06-04,2026-03-16,1.0,DUPLICATE
22,251,User had a job interview last week,User had a job interview last week,event,event,2026-06-04,2026-03-23,1.0,DUPLICATE
22,266,User had a job interview last week,User had a job interview last week,event,event,2026-06-04,2026-05-09,1.0,DUPLICATE
22,298,User had a job interview last week,User had a job interview last week,event,event,2026-06-04,2026-03-14,1.0,DUPLICATE
22,303,User had a job interview last week,User is preparing for interviews,event,goal,2026-06-04,2026-05-12,0.625,RELATED
22,306,User had a job interview last week,User had a job interview last week,event,event,2026-06-04,2026-05-28,1.0,DUPLICATE
22,308,User had a job interview last week,User is preparing for interviews,event,goal,2026-06-04,2026-05-05,0.625,RELATED
22,314,User had a job interview last week,User is preparing for interviews,event,goal,2026-06-04,2026-04-25,0.625,RELATED
22,327,User had a job interview last week,User had a job interview last week,event,event,2026-06-04,2026-05-20,1.0,DUPLICATE
22,332,User had a job interview last week,User had a job interview last week,event,event,2026-06-04,2026-05-06,1.0,DUPLICATE
22,343,User had a job interview last week,User had a job interview last week,event,event,2026-06-04,2026-05-05,1.0,DUPLICATE
22,350,User had a job interview last week,User had a job interview last week,event,event,2026-06-04,2026-03-14,1.0,DUPLICATE
22,433,User had a job interview last week,User had a job interview last week,event,event,2026-06-04,2026-04-18,1.0,DUPLICATE
22,464,User had a job interview last week,User had a job interview last week,event,event,2026-06-04,2026-06-07,1.0,DUPLICATE
22,483,User had a job interview last week,User had a job interview last week,event,event,2026-06-04,2026-06-24,1.0,DUPLICATE
22,494,User had a job interview last week,User is preparing for interviews,event,goal,2026-06-04,2026-06-20,0.625,RELATED
22,495,User had a job interview last week,User had a job interview last week,event,event,2026-06-04,2026-02-09,1.0,DUPLICATE
22,514,User had a job interview last week,User is preparing for interviews,event,goal,2026-06-04,2026-04-21,0.625,RELATED
22,515,User had a job interview last week,User got a new job after interviews,event,fact,2026-06-04,2026-05-24,0.776,RELATED
23,92,User wants to switch careers into AI,User wants to switch careers into AI,goal,goal,2026-03-18,2026-03-09,1.0,DUPLICATE
23,189,User wants to switch careers into AI,User wants to switch careers into AI,goal,goal,2026-03-18,2026-04-04,1.0,DUPLICATE
23,422,User wants to switch careers into AI,User wants to switch careers into AI,goal,goal,2026-03-18,2026-07-07,1.0,DUPLICATE
23,454,User wants to switch careers into AI,User wants to switch careers into AI,goal,goal,2026-03-18,2026-07-26,1.0,DUPLICATE
24,37,User celebrated their birthday recently,User celebrated their birthday recently,event,event,2026-05-31,2026-05-09,1.0,DUPLICATE
24,67,User celebrated their birthday recently,User celebrated their birthday recently,event,event,2026-05-31,2026-02-26,1.0,DUPLICATE
24,110,User celebrated their birthday recently,User celebrated their birthday recently,event,event,2026-05-31,2026-07-23,1.0,DUPLICATE
24,147,User celebrated their birthday recently,User celebrated their birthday recently,event,event,2026-05-31,2026-05-06,1.0,DUPLICATE
24,157,User celebrated their birthday recently,User's birthday is in March,event,fact,2026-05-31,2026-07-25,0.831,RELATED
24,158,User celebrated their birthday recently,User's birthday is in March,event,fact,2026-05-31,2026-04-12,0.831,RELATED
24,186,User celebrated their birthday recently,User's birthday is in March,event,fact,2026-05-31,2026-02-18,0.831,RELATED
24,206,User celebrated their birthday recently,User celebrated their birthday recently,event,event,2026-05-31,2026-04-12,1.0,DUPLICATE
24,214,User celebrated their birthday recently,User celebrated their birthday recently,event,event,2026-05-31,2026-07-24,1.0,DUPLICATE
24,289,User celebrated their birthday recently,User celebrated their birthday recently,event,event,2026-05-31,2026-06-07,1.0,DUPLICATE
24,302,User celebrated their birthday recently,User's birthday is in March,event,fact,2026-05-31,2026-03-22,0.831,RELATED
24,337,User celebrated their birthday recently,User celebrated their birthday recently,event,event,2026-05-31,2026-04-15,1.0,DUPLICATE
24,351,User celebrated their birthday recently,User celebrated their birthday recently,event,event,2026-05-31,2026-02-15,1.0,DUPLICATE
24,365,User celebrated their birthday recently,User celebrated their birthday recently,event,event,2026-05-31,2026-07-07,1.0,DUPLICATE
24,372,User celebrated their birthday recently,User celebrated their birthday recently,event,event,2026-05-31,2026-06-30,1.0,DUPLICATE
24,377,User celebrated their birthday recently,User celebrated their birthday recently,event,event,2026-05-31,2026-06-15,1.0,DUPLICATE
24,398,User celebrated their birthday recently,User celebrated their birthday recently,event,event,2026-05-31,2026-06-10,1.0,DUPLICATE
24,468,User celebrated their birthday recently,User's birthday is in March,event,fact,2026-05-31,2026-01-31,0.831,RELATED
24,471,User celebrated their birthday recently,User celebrated their birthday recently,event,event,2026-05-31,2026-03-18,1.0,DUPLICATE
24,476,User celebrated their birthday recently,User celebrated their birthday recently,event,event,2026-05-31,2026-07-03,1.0,DUPLICATE
25,162,User likes concise answers,User likes concise answers,preference,preference,2026-07-20,2026-06-26,1.0,DUPLICATE
25,279,User likes concise answers,User likes concise answers,preference,preference,2026-07-20,2026-05-05,1.0,DUPLICATE
25,395,User likes concise answers,User likes concise answers,preference,preference,2026-07-20,2026-07-03,1.0,DUPLICATE
25,407,User likes concise answers,User likes concise answers,preference,preference,2026-07-20,2026-07-25,1.0,DUPLICATE
25,430,User likes concise answers,User likes concise answers,preference,preference,2026-07-20,2026-07-25,1.0,DUPLICATE
25,440,User likes concise answers,User likes concise answers,preference,preference,2026-07-20,2026-05-26,1.0,DUPLICATE
26,103,User dislikes spicy food,User dislikes spicy food,preference,preference,2026-06-25,2026-07-09,1.0,DUPLICATE
26,143,User dislikes spicy food,User dislikes spicy food,preference,preference,2026-06-25,2026-04-26,1.0,DUPLICATE
26,167,User dislikes spicy food,User dislikes spicy food,preference,preference,2026-06-25,2026-07-13,1.0,DUPLICATE
26,212,User dislikes spicy food,User dislikes spicy food,preference,preference,2026-06-25,2026-02-23,1.0,DUPLICATE
26,312,User dislikes spicy food,User dislikes spicy food,preference,preference,2026-06-25,2026-05-07,1.0,DUPLICATE
26,359,User dislikes spicy food,User dislikes spicy food,preference,preference,2026-06-25,2026-06-14,1.0,DUPLICATE
26,371,User dislikes spicy food,User dislikes spicy food,preference,preference,2026-06-25,2026-05-16,1.0,DUPLICATE
26,504,User dislikes spicy food,User dislikes spicy food,preference,preference,2026-06-25,2026-06-25,1.0,DUPLICATE
26,505,User dislikes spicy food,User loves spicy food,preference,preference,2026-06-25,2026-07-11,0.872,CONFLICT
27,174,User's mother tongue is Marathi,User's mother tongue is Marathi,fact,fact,2026-04-09,2026-07-08,1.0,DUPLICATE
27,290,User's mother tongue is Marathi,User's mother tongue is Marathi,fact,fact,2026-04-09,2026-06-06,1.0,DUPLICATE
27,466,User's mother tongue is Marathi,User's mother tongue is Marathi,fact,fact,2026-04-09,2026-03-11,1.0,DUPLICATE
28,39,User's favorite color is blue,User's favorite color is blue,fact,fact,2026-04-16,2026-04-02,1.0,DUPLICATE
28,213,User's favorite color is blue,User's favorite color is blue,fact,fact,2026-04-16,2026-05-28,1.0,DUPLICATE
28,232,User's favorite color is blue,User's favorite color is blue,fact,fact,2026-04-16,2026-06-11,1.0,DUPLICATE
28,244,User's favorite color is blue,User's favorite color is blue,fact,fact,2026-04-16,2026-02-14,1.0,DUPLICATE
28,258,User's favorite color is blue,User's favorite color is blue,fact,fact,2026-04-16,2026-06-23,1.0,DUPLICATE
28,321,User's favorite color is blue,User's favorite color is blue,fact,fact,2026-04-16,2026-03-15,1.0,DUPLICATE
28,353,User's favorite color is blue,User's favorite color is blue,fact,fact,2026-04-16,2026-07-03,1.0,DUPLICATE
28,385,User's favorite color is blue,User's favorite color is blue,fact,fact,2026-04-16,2026-07-03,1.0,DUPLICATE
29,38,Renew driving license this month,Renew driving license this month,task,task,2026-04-11,2026-02-07,1.0,DUPLICATE
29,49,Renew driving license this month,Renew driving license this month,task,task,2026-04-11,2026-05-29,1.0,DUPLICATE
29,61,Renew driving license this month,Renew driving license this month,task,task,2026-04-11,2026-02-10,1.0,DUPLICATE
29,76,Renew driving license this month,Renew driving license this month,task,task,2026-04-11,2026-04-01,1.0,DUPLICATE
29,85,Renew driving license this month,Renew driving license this month,task,task,2026-04-11,2026-04-08,1.0,DUPLICATE
29,131,Renew driving license this month,Renew driving license this month,task,task,2026-04-11,2026-02-01,1.0,DUPLICATE
29,208,Renew driving license this month,Renew driving license this month,task,task,2026-04-11,2026-04-08,1.0,DUPLICATE
29,211,Renew driving license this month,Renew driving license this month,task,task,2026-04-11,2026-03-30,1.0,DUPLICATE
29,234,Renew driving license this month,Renew driving license this month,task,task,2026-04-11,2026-04-06,1.0,DUPLICATE
29,237,Renew driving license this month,Renew driving license this month,task,task,2026-04-11,2026-02-22,1.0,DUPLICATE
29,277,Renew driving license this month,Renew driving license this month,task,task,2026-04-11,2026-05-15,1.0,DUPLICATE
29,286,Renew driving license this month,Renew driving license this month,task,task,2026-04-11,2026-04-03,1.0,DUPLICATE
29,322,Renew driving license this month,Renew driving license this month,task,task,2026-04-11,2026-07-01,1.0,DUPLICATE
29,367,Renew driving license this month,Renew driving license this month,task,task,2026-04-11,2026-03-26,1.0,DUPLICATE
29,391,Renew driving license this month,Renew driving license this month,task,task,2026-04-11,2026-03-28,1.0,DUPLICATE
29,413,Renew driving license this month,Renew driving license this month,task,task,2026-04-11,2026-06-13,1.0,DUPLICATE
29,432,Renew driving license this month,Renew driving license this month,task,task,2026-04-11,2026-07-05,1.0,DUPLICATE
29,436,Renew driving license this month,Renew driving license this month,task,task,2026-04-11,2026-04-12,1.0,DUPLICATE
30,149,Submit assignment by Monday,Submit assignment by Monday,task,task,2026-07-16,2026-07-04,1.0,DUPLICATE
30,161,Submit assignment by Monday,Submit assignment by Monday,task,task,2026-07-16,2026-03-25,1.0,DUPLICATE
30,165,Submit assignment by Monday,Submit assignment by Monday,task,task,2026-07-16,2026-05-09,1.0,DUPLICATE
30,166,Submit assignment by Monday,Submit assignment by Monday,task,task,2026-07-16,2026-07-05,1.0,DUPLICATE
30,329,Submit assignment by Monday,Submit assignment by Monday,task,task,2026-07-16,2026-05-13,1.0,DUPLICATE
30,341,Submit assignment by Monday,Submit assignment by Monday,task,task,2026-07-16,2026-04-27,1.0,DUPLICATE
30,426,Submit assignment by Monday,Submit assignment by Monday,task,task,2026-07-16,2026-03-13,1.0,DUPLICATE
31,36,User likes minimalist design,User likes minimalist design,preference,preference,2026-03-26,2026-06-28,1.0,DUPLICATE
31,60,User likes minimalist design,User likes minimalist design,preference,preference,2026-03-26,2026-03-02,1.0,DUPLICATE
31,127,User likes minimalist design,User likes minimalist design,preference,preference,2026-03-26,2026-02-11,1.0,DUPLICATE
31,164,User likes minimalist design,User likes minimalist design,preference,preference,2026-03-26,2026-04-04,1.0,DUPLICATE
31,274,User likes minimalist design,User likes minimalist design,preference,preference,2026-03-26,2026-02-11,1.0,DUPLICATE
31,360,User likes minimalist design,User likes minimalist design,preference,preference,2026-03-26,2026-02-17,1.0,DUPLICATE
31,369,User likes minimalist design,User likes minimalist design,preference,preference,2026-03-26,2026-03-07,1.0,DUPLICATE
32,74,User has two younger siblings,User has two younger siblings,fact,fact,2026-05-22,2026-05-03,1.0,DUPLICATE
32,183,User has two younger siblings,User has two younger siblings,fact,fact,2026-05-22,2026-05-10,1.0,DUPLICATE
32,293,User has two younger siblings,User has two younger siblings,fact,fact,2026-05-22,2026-05-01,1.0,DUPLICATE
32,319,User has two younger siblings,User has two younger siblings,fact,fact,2026-05-22,2026-06-23,1.0,DUPLICATE
32,381,User has two younger siblings,User has two younger siblings,fact,fact,2026-05-22,2026-03-19,1.0,DUPLICATE
32,437,User has two younger siblings,User has two younger siblings,fact,fact,2026-05-22,2026-04-28,1.0,DUPLICATE
33,84,User attended a college hackathon,User attended a college hackathon,event,event,2026-03-26,2026-05-02,1.0,DUPLICATE
33,122,User attended a college hackathon,User attended a college hackathon,event,event,2026-03-26,2026-03-25,1.0,DUPLICATE
33,128,User attended a college hackathon,User attended a college hackathon,event,event,2026-03-26,2026-04-18,1.0,DUPLICATE
33,187,User attended a college hackathon,User attended a college hackathon,event,event,2026-03-26,2026-02-16,1.0,DUPLICATE
33,226,User attended a college hackathon,User attended a college hackathon,event,event,2026-03-26,2026-04-10,1.0,DUPLICATE
33,245,User attended a college hackathon,User attended a college hackathon,event,event,2026-03-26,2026-07-21,1.0,DUPLICATE
33,256,User attended a college hackathon,User attended a college hackathon,event,event,2026-03-26,2026-02-22,1.0,DUPLICATE
33,263,User attended a college hackathon,User attended a college hackathon,event,event,2026-03-26,2026-02-20,1.0,DUPLICATE
33,304,User attended a college hackathon,User attended a college hackathon,event,event,2026-03-26,2026-06-14,1.0,DUPLICATE
33,318,User attended a college hackathon,User attended a college hackathon,event,event,2026-03-26,2026-07-13,1.0,DUPLICATE
33,328,User attended a college hackathon,User attended a college hackathon,event,event,2026-03-26,2026-07-20,1.0,DUPLICATE
33,378,User attended a college hackathon,User attended a college hackathon,event,event,2026-03-26,2026-07-04,1.0,DUPLICATE
33,390,User attended a college hackathon,User attended a college hackathon,event,event,2026-03-26,2026-04-06,1.0,DUPLICATE
33,397,User attended a college hackathon,User attended a college hackathon,event,event,2026-03-26,2026-02-23,1.0,DUPLICATE
33,410,User attended a college hackathon,User attended a college hackathon,event,event,2026-03-26,2026-07-09,1.0,DUPLICATE
33,457,User attended a college hackathon,User attended a college hackathon,event,event,2026-03-26,2026-02-03,1.0,DUPLICATE
34,46,User watched a movie yesterday,User watched a movie yesterday,event,event,2026-05-09,2026-06-30,1.0,DUPLICATE
34,78,User watched a movie yesterday,User watched a movie yesterday,event,event,2026-05-09,2026-04-30,1.0,DUPLICATE
34,156,User watched a movie yesterday,User watched a movie yesterday,event,event,2026-05-09,2026-05-19,1.0,DUPLICATE
34,199,User watched a movie yesterday,User watched a movie yesterday,event,event,2026-05-09,2026-02-13,1.0,DUPLICATE
34,230,User watched a movie yesterday,User watched a movie yesterday,event,event,2026-05-09,2026-02-24,1.0,DUPLICATE
34,347,User watched a movie yesterday,User watched a movie yesterday,event,event,2026-05-09,2026-04-01,1.0,DUPLICATE
34,448,User watched a movie yesterday,User watched a movie yesterday,event,event,2026-05-09,2026-05-03,1.0,DUPLICATE
35,47,User attended a wedding last weekend,User attended a wedding last weekend,event,event,2026-07-14,2026-04-09,1.0,DUPLICATE
35,80,User attended a wedding last weekend,User attended a wedding last weekend,event,event,2026-07-14,2026-03-31,1.0,DUPLICATE
35,134,User attended a wedding last weekend,User attended a wedding last weekend,event,event,2026-07-14,2026-05-30,1.0,DUPLICATE
35,155,User attended a wedding last weekend,User attended a wedding last weekend,event,event,2026-07-14,2026-02-28,1.0,DUPLICATE
35,231,User attended a wedding last weekend,User attended a wedding last weekend,event,event,2026-07-14,2026-03-15,1.0,DUPLICATE
35,240,User attended a wedding last weekend,User attended a wedding last weekend,event,event,2026-07-14,2026-06-25,1.0,DUPLICATE
35,243,User attended a wedding last weekend,User attended a wedding last weekend,event,event,2026-07-14,2026-06-15,1.0,DUPLICATE
35,259,User attended a wedding last weekend,User attended a wedding last weekend,event,event,2026-07-14,2026-05-06,1.0,DUPLICATE
35,296,User attended a wedding last weekend,User attended a wedding last weekend,event,event,2026-07-14,2026-02-11,1.0,DUPLICATE
35,310,User attended a wedding last weekend,User attended a wedding last weekend,event,event,2026-07-14,2026-03-28,1.0,DUPLICATE
35,339,User attended a wedding last weekend,User attended a wedding last weekend,event,event,2026-07-14,2026-03-04,1.0,DUPLICATE
35,344,User attended a wedding last weekend,User attended a wedding last weekend,event,event,2026-07-14,2026-05-13,1.0,DUPLICATE
35,354,User attended a wedding last weekend,User attended a wedding last weekend,event,event,2026-07-14,2026-04-05,1.0,DUPLICATE
35,355,User attended a wedding last weekend,User attended a wedding last weekend,event,event,2026-07-14,2026-05-01,1.0,DUPLICATE
35,361,User attended a wedding last weekend,User attended a wedding last weekend,event,event,2026-07-14,2026-04-04,1.0,DUPLICATE
35,376,User attended a wedding last weekend,User attended a wedding last weekend,event,event,2026-07-14,2026-06-06,1.0,DUPLICATE
35,411,User attended a wedding last weekend,User attended a wedding last weekend,event,event,2026-07-14,2026-04-25,1.0,DUPLICATE
35,452,User attended a wedding last weekend,User attended a wedding last weekend,event,event,2026-07-14,2026-02-15,1.0,DUPLICATE
36,60,User likes minimalist design,User likes minimalist design,preference,preference,2026-06-28,2026-03-02,1.0,DUPLICATE
36,127,User likes minimalist design,User likes minimalist design,preference,preference,2026-06-28,2026-02-11,1.0,DUPLICATE
36,164,User likes minimalist design,User likes minimalist design,preference,preference,2026-06-28,2026-04-04,1.0,DUPLICATE
36,274,User likes minimalist design,User likes minimalist design,preference,preference,2026-06-28,2026-02-11,1.0,DUPLICATE
36,360,User likes minimalist design,User likes minimalist design,preference,preference,2026-06-28,2026-02-17,1.0,DUPLICATE
36,369,User likes minimalist design,User likes minimalist design,preference,preference,2026-06-28,2026-03-07,1.0,DUPLICATE
37,67,User celebrated their birthday recently,User celebrated their birthday recently,event,event,2026-05-09,2026-02-26,1.0,DUPLICATE
37,110,User celebrated their birthday recently,User celebrated their birthday recently,event,event,2026-05-09,2026-07-23,1.0,DUPLICATE
37,147,User celebrated their birthday recently,User celebrated their birthday recently,event,event,2026-05-09,2026-05-06,1.0,DUPLICATE
37,157,User celebrated their birthday recently,User's birthday is in March,event,fact,2026-05-09,2026-07-25,0.831,RELATED
37,158,User celebrated their birthday recently,User's birthday is in March,event,fact,2026-05-09,2026-04-12,0.831,RELATED
37,186,User celebrated their birthday recently,User's birthday is in March,event,fact,2026-05-09,2026-02-18,0.831,RELATED
37,206,User celebrated their birthday recently,User celebrated their birthday recently,event,event,2026-05-09,2026-04-12,1.0,DUPLICATE
37,214,User celebrated their birthday recently,User celebrated their birthday recently,event,event,2026-05-09,2026-07-24,1.0,DUPLICATE
37,289,User celebrated their birthday recently,User celebrated their birthday recently,event,event,2026-05-09,2026-06-07,1.0,DUPLICATE
37,302,User celebrated their birthday recently,User's birthday is in March,event,fact,2026-05-09,2026-03-22,0.831,RELATED
37,337,User celebrated their birthday recently,User celebrated their birthday recently,event,event,2026-05-09,2026-04-15,1.0,DUPLICATE
37,351,User celebrated their birthday recently,User celebrated their birthday recently,event,event,2026-05-09,2026-02-15,1.0,DUPLICATE
37,365,User celebrated their birthday recently,User celebrated their birthday recently,event,event,2026-05-09,2026-07-07,1.0,DUPLICATE
37,372,User celebrated their birthday recently,User celebrated their birthday recently,event,event,2026-05-09,2026-06-30,1.0,DUPLICATE
37,377,User celebrated their birthday recently,User celebrated their birthday recently,event,event,2026-05-09,2026-06-15,1.0,DUPLICATE
37,398,User celebrated their birthday recently,User celebrated their birthday recently,event,event,2026-05-09,2026-06-10,1.0,DUPLICATE
37,468,User celebrated their birthday recently,User's birthday is in March,event,fact,2026-05-09,2026-01-31,0.831,RELATED
37,471,User celebrated their birthday recently,User celebrated their birthday recently,event,event,2026-05-09,2026-03-18,1.0,DUPLICATE
37,476,User celebrated their birthday recently,User celebrated their birthday recently,event,event,2026-05-09,2026-07-03,1.0,DUPLICATE
38,49,Renew driving license this month,Renew driving license this month,task,task,2026-02-07,2026-05-29,1.0,DUPLICATE
38,61,Renew driving license this month,Renew driving license this month,task,task,2026-02-07,2026-02-10,1.0,DUPLICATE
38,76,Renew driving license this month,Renew driving license this month,task,task,2026-02-07,2026-04-01,1.0,DUPLICATE
38,85,Renew driving license this month,Renew driving license this month,task,task,2026-02-07,2026-04-08,1.0,DUPLICATE
38,131,Renew driving license this month,Renew driving license this month,task,task,2026-02-07,2026-02-01,1.0,DUPLICATE
38,208,Renew driving license this month,Renew driving license this month,task,task,2026-02-07,2026-04-08,1.0,DUPLICATE
38,211,Renew driving license this month,Renew driving license this month,task,task,2026-02-07,2026-03-30,1.0,DUPLICATE
38,234,Renew driving license this month,Renew driving license this month,task,task,2026-02-07,2026-04-06,1.0,DUPLICATE
38,237,Renew driving license this month,Renew driving license this month,task,task,2026-02-07,2026-02-22,1.0,DUPLICATE
38,277,Renew driving license this month,Renew driving license this month,task,task,2026-02-07,2026-05-15,1.0,DUPLICATE
38,286,Renew driving license this month,Renew driving license this month,task,task,2026-02-07,2026-04-03,1.0,DUPLICATE
38,322,Renew driving license this month,Renew driving license this month,task,task,2026-02-07,2026-07-01,1.0,DUPLICATE
38,367,Renew driving license this month,Renew driving license this month,task,task,2026-02-07,2026-03-26,1.0,DUPLICATE
38,391,Renew driving license this month,Renew driving license this month,task,task,2026-02-07,2026-03-28,1.0,DUPLICATE
38,413,Renew driving license this month,Renew driving license this month,task,task,2026-02-07,2026-06-13,1.0,DUPLICATE
38,432,Renew driving license this month,Renew driving license this month,task,task,2026-02-07,2026-07-05,1.0,DUPLICATE
38,436,Renew driving license this month,Renew driving license this month,task,task,2026-02-07,2026-04-12,1.0,DUPLICATE
39,213,User's favorite color is blue,User's favorite color is blue,fact,fact,2026-04-02,2026-05-28,1.0,DUPLICATE
39,232,User's favorite color is blue,User's favorite color is blue,fact,fact,2026-04-02,2026-06-11,1.0,DUPLICATE
39,244,User's favorite color is blue,User's favorite color is blue,fact,fact,2026-04-02,2026-02-14,1.0,DUPLICATE
39,258,User's favorite color is blue,User's favorite color is blue,fact,fact,2026-04-02,2026-06-23,1.0,DUPLICATE
39,321,User's favorite color is blue,User's favorite color is blue,fact,fact,2026-04-02,2026-03-15,1.0,DUPLICATE
39,353,User's favorite color is blue,User's favorite color is blue,fact,fact,2026-04-02,2026-07-03,1.0,DUPLICATE
39,385,User's favorite color is blue,User's favorite color is blue,fact,fact,2026-04-02,2026-07-03,1.0,DUPLICATE
40,200,User prefers tea over coffee,User prefers tea over coffee,preference,preference,2026-07-11,2026-03-26,1.0,DUPLICATE
40,205,User prefers tea over coffee,User prefers tea over coffee,preference,preference,2026-07-11,2026-02-05,1.0,DUPLICATE
40,241,User prefers tea over coffee,User prefers tea over coffee,preference,preference,2026-07-11,2026-06-01,1.0,DUPLICATE
40,247,User prefers tea over coffee,User prefers tea over coffee,preference,preference,2026-07-11,2026-02-23,1.0,DUPLICATE
40,366,User prefers tea over coffee,User prefers tea over coffee,preference,preference,2026-07-11,2026-02-01,1.0,DUPLICATE
40,368,User prefers tea over coffee,User prefers tea over coffee,preference,preference,2026-07-11,2026-04-04,1.0,DUPLICATE
40,446,User prefers tea over coffee,User prefers tea over coffee,preference,preference,2026-07-11,2026-07-13,1.0,DUPLICATE
40,453,User prefers tea over coffee,User prefers tea over coffee,preference,preference,2026-07-11,2026-05-08,1.0,DUPLICATE
40,500,User prefers tea over coffee,User prefers tea over coffee,preference,preference,2026-07-11,2026-05-13,1.0,DUPLICATE
40,501,User prefers tea over coffee,User prefers coffee over tea,preference,preference,2026-07-11,2026-05-23,0.996,DUPLICATE
41,43,User is saving up to buy a house,User is saving up to buy a house,goal,goal,2026-02-11,2026-06-05,1.0,DUPLICATE
41,57,User is saving up to buy a house,User is saving up to buy a house,goal,goal,2026-02-11,2026-05-09,1.0,DUPLICATE
41,69,User is saving up to buy a house,User wants to buy a house within five years,goal,goal,2026-02-11,2026-03-26,0.722,RELATED
41,89,User is saving up to buy a house,User is saving up to buy a house,goal,goal,2026-02-11,2026-01-30,1.0,DUPLICATE
41,108,User is saving up to buy a house,User wants to buy a house within five years,goal,goal,2026-02-11,2026-03-12,0.722,RELATED
41,109,User is saving up to buy a house,User is saving up to buy a house,goal,goal,2026-02-11,2026-05-25,1.0,DUPLICATE
41,116,User is saving up to buy a house,User wants to buy a house within five years,goal,goal,2026-02-11,2026-06-25,0.722,RELATED
41,119,User is saving up to buy a house,User wants to buy a house within five years,goal,goal,2026-02-11,2026-05-20,0.722,RELATED
41,146,User is saving up to buy a house,User is saving up to buy a house,goal,goal,2026-02-11,2026-04-22,1.0,DUPLICATE
41,159,User is saving up to buy a house,User wants to buy a house within five years,goal,goal,2026-02-11,2026-02-27,0.722,RELATED
41,198,User is saving up to buy a house,User wants to buy a house within five years,goal,goal,2026-02-11,2026-04-23,0.722,RELATED
41,221,User is saving up to buy a house,User wants to buy a house within five years,goal,goal,2026-02-11,2026-04-18,0.722,RELATED
41,227,User is saving up to buy a house,User is saving up to buy a house,goal,goal,2026-02-11,2026-04-08,1.0,DUPLICATE
41,257,User is saving up to buy a house,User wants to buy a house within five years,goal,goal,2026-02-11,2026-04-26,0.722,RELATED
41,260,User is saving up to buy a house,User is saving up to buy a house,goal,goal,2026-02-11,2026-05-03,1.0,DUPLICATE
41,267,User is saving up to buy a house,User is saving up to buy a house,goal,goal,2026-02-11,2026-03-27,1.0,DUPLICATE
41,283,User is saving up to buy a house,User is saving up to buy a house,goal,goal,2026-02-11,2026-03-04,1.0,DUPLICATE
41,326,User is saving up to buy a house,User is saving up to buy a house,goal,goal,2026-02-11,2026-07-04,1.0,DUPLICATE
41,373,User is saving up to buy a house,User wants to buy a house within five years,goal,goal,2026-02-11,2026-07-18,0.722,RELATED
41,492,User is saving up to buy a house,User wants to buy a house within five years,goal,goal,2026-02-11,2026-02-13,0.722,RELATED
41,498,User is saving up to buy a house,User wants to buy a house within five years,goal,goal,2026-02-11,2026-05-13,0.722,RELATED
41,512,User is saving up to buy a house,User wants to buy a house within five years,goal,goal,2026-02-11,2026-05-13,0.722,RELATED
41,513,User is saving up to buy a house,User bought a house,goal,fact,2026-02-11,2026-06-08,0.748,EVOLVING
41,518,User is saving up to buy a house,User is saving up to buy a house,goal,goal,2026-02-11,2026-04-12,1.0,DUPLICATE
41,519,User is saving up to buy a house,User bought a house,goal,fact,2026-02-11,2026-05-28,0.748,EVOLVING
42,48,User is vegetarian,User is vegetarian,fact,fact,2026-06-24,2026-04-28,1.0,DUPLICATE
42,65,User is vegetarian,User is vegetarian,fact,fact,2026-06-24,2026-07-01,1.0,DUPLICATE
42,139,User is vegetarian,User is vegetarian,fact,fact,2026-06-24,2026-02-23,1.0,DUPLICATE
42,276,User is vegetarian,User is vegetarian,fact,fact,2026-06-24,2026-06-14,1.0,DUPLICATE
42,294,User is vegetarian,User is vegetarian,fact,fact,2026-06-24,2026-03-30,1.0,DUPLICATE
42,508,User is vegetarian,User is vegetarian,fact,fact,2026-06-24,2026-05-24,1.0,DUPLICATE
42,509,User is vegetarian,User eats non-vegetarian food regularly,fact,fact,2026-06-24,2026-06-08,0.813,CONFLICT
43,57,User is saving up to buy a house,User is saving up to buy a house,goal,goal,2026-06-05,2026-05-09,1.0,DUPLICATE
43,69,User is saving up to buy a house,User wants to buy a house within five years,goal,goal,2026-06-05,2026-03-26,0.722,RELATED
43,89,User is saving up to buy a house,User is saving up to buy a house,goal,goal,2026-06-05,2026-01-30,1.0,DUPLICATE
43,108,User is saving up to buy a house,User wants to buy a house within five years,goal,goal,2026-06-05,2026-03-12,0.722,RELATED
43,109,User is saving up to buy a house,User is saving up to buy a house,goal,goal,2026-06-05,2026-05-25,1.0,DUPLICATE
43,116,User is saving up to buy a house,User wants to buy a house within five years,goal,goal,2026-06-05,2026-06-25,0.722,RELATED
43,119,User is saving up to buy a house,User wants to buy a house within five years,goal,goal,2026-06-05,2026-05-20,0.722,RELATED
43,146,User is saving up to buy a house,User is saving up to buy a house,goal,goal,2026-06-05,2026-04-22,1.0,DUPLICATE
43,159,User is saving up to buy a house,User wants to buy a house within five years,goal,goal,2026-06-05,2026-02-27,0.722,RELATED
43,198,User is saving up to buy a house,User wants to buy a house within five years,goal,goal,2026-06-05,2026-04-23,0.722,RELATED
43,221,User is saving up to buy a house,User wants to buy a house within five years,goal,goal,2026-06-05,2026-04-18,0.722,RELATED
43,227,User is saving up to buy a house,User is saving up to buy a house,goal,goal,2026-06-05,2026-04-08,1.0,DUPLICATE
43,257,User is saving up to buy a house,User wants to buy a house within five years,goal,goal,2026-06-05,2026-04-26,0.722,RELATED
43,260,User is saving up to buy a house,User is saving up to buy a house,goal,goal,2026-06-05,2026-05-03,1.0,DUPLICATE
43,267,User is saving up to buy a house,User is saving up to buy a house,goal,goal,2026-06-05,2026-03-27,1.0,DUPLICATE
43,283,User is saving up to buy a house,User is saving up to buy a house,goal,goal,2026-06-05,2026-03-04,1.0,DUPLICATE
43,326,User is saving up to buy a house,User is saving up to buy a house,goal,goal,2026-06-05,2026-07-04,1.0,DUPLICATE
43,373,User is saving up to buy a house,User wants to buy a house within five years,goal,goal,2026-06-05,2026-07-18,0.722,RELATED
43,492,User is saving up to buy a house,User wants to buy a house within five years,goal,goal,2026-06-05,2026-02-13,0.722,RELATED
43,498,User is saving up to buy a house,User wants to buy a house within five years,goal,goal,2026-06-05,2026-05-13,0.722,RELATED
43,512,User is saving up to buy a house,User wants to buy a house within five years,goal,goal,2026-06-05,2026-05-13,0.722,RELATED
43,513,User is saving up to buy a house,User bought a house,goal,fact,2026-06-05,2026-06-08,0.748,EVOLVING
43,518,User is saving up to buy a house,User is saving up to buy a house,goal,goal,2026-06-05,2026-04-12,1.0,DUPLICATE
43,519,User is saving up to buy a house,User bought a house,goal,fact,2026-06-05,2026-05-28,0.748,EVOLVING
44,66,User had a job interview last week,User had a job interview last week,event,event,2026-05-25,2026-07-16,1.0,DUPLICATE
44,130,User had a job interview last week,User is preparing for interviews,event,goal,2026-05-25,2026-07-05,0.625,RELATED
44,140,User had a job interview last week,User is preparing for interviews,event,goal,2026-05-25,2026-02-16,0.625,RELATED
44,150,User had a job interview last week,User had a job interview last week,event,event,2026-05-25,2026-02-28,1.0,DUPLICATE
44,176,User had a job interview last week,User had a job interview last week,event,event,2026-05-25,2026-03-16,1.0,DUPLICATE
44,251,User had a job interview last week,User had a job interview last week,event,event,2026-05-25,2026-03-23,1.0,DUPLICATE
44,266,User had a job interview last week,User had a job interview last week,event,event,2026-05-25,2026-05-09,1.0,DUPLICATE
44,298,User had a job interview last week,User had a job interview last week,event,event,2026-05-25,2026-03-14,1.0,DUPLICATE
44,303,User had a job interview last week,User is preparing for interviews,event,goal,2026-05-25,2026-05-12,0.625,RELATED
44,306,User had a job interview last week,User had a job interview last week,event,event,2026-05-25,2026-05-28,1.0,DUPLICATE
44,308,User had a job interview last week,User is preparing for interviews,event,goal,2026-05-25,2026-05-05,0.625,RELATED
44,314,User had a job interview last week,User is preparing for interviews,event,goal,2026-05-25,2026-04-25,0.625,RELATED
44,327,User had a job interview last week,User had a job interview last week,event,event,2026-05-25,2026-05-20,1.0,DUPLICATE
44,332,User had a job interview last week,User had a job interview last week,event,event,2026-05-25,2026-05-06,1.0,DUPLICATE
44,343,User had a job interview last week,User had a job interview last week,event,event,2026-05-25,2026-05-05,1.0,DUPLICATE
44,350,User had a job interview last week,User had a job interview last week,event,event,2026-05-25,2026-03-14,1.0,DUPLICATE
44,433,User had a job interview last week,User had a job interview last week,event,event,2026-05-25,2026-04-18,1.0,DUPLICATE
44,464,User had a job interview last week,User had a job interview last week,event,event,2026-05-25,2026-06-07,1.0,DUPLICATE
44,483,User had a job interview last week,User had a job interview last week,event,event,2026-05-25,2026-06-24,1.0,DUPLICATE
44,494,User had a job interview last week,User is preparing for interviews,event,goal,2026-05-25,2026-06-20,0.625,RELATED
44,495,User had a job interview last week,User had a job interview last week,event,event,2026-05-25,2026-02-09,1.0,DUPLICATE
44,514,User had a job interview last week,User is preparing for interviews,event,goal,2026-05-25,2026-04-21,0.625,RELATED
44,515,User had a job interview last week,User got a new job after interviews,event,fact,2026-05-25,2026-05-24,0.776,RELATED
45,261,User is allergic to peanuts,User is allergic to peanuts,fact,fact,2026-06-25,2026-05-05,1.0,DUPLICATE
45,364,User is allergic to peanuts,User is allergic to peanuts,fact,fact,2026-06-25,2026-04-29,1.0,DUPLICATE
45,392,User is allergic to peanuts,User is allergic to peanuts,fact,fact,2026-06-25,2026-04-25,1.0,DUPLICATE
45,400,User is allergic to peanuts,User is allergic to peanuts,fact,fact,2026-06-25,2026-05-08,1.0,DUPLICATE
45,461,User is allergic to peanuts,User is allergic to peanuts,fact,fact,2026-06-25,2026-06-06,1.0,DUPLICATE
46,78,User watched a movie yesterday,User watched a movie yesterday,event,event,2026-06-30,2026-04-30,1.0,DUPLICATE
46,156,User watched a movie yesterday,User watched a movie yesterday,event,event,2026-06-30,2026-05-19,1.0,DUPLICATE
46,199,User watched a movie yesterday,User watched a movie yesterday,event,event,2026-06-30,2026-02-13,1.0,DUPLICATE
46,230,User watched a movie yesterday,User watched a movie yesterday,event,event,2026-06-30,2026-02-24,1.0,DUPLICATE
46,347,User watched a movie yesterday,User watched a movie yesterday,event,event,2026-06-30,2026-04-01,1.0,DUPLICATE
46,448,User watched a movie yesterday,User watched a movie yesterday,event,event,2026-06-30,2026-05-03,1.0,DUPLICATE
47,80,User attended a wedding last weekend,User attended a wedding last weekend,event,event,2026-04-09,2026-03-31,1.0,DUPLICATE
47,134,User attended a wedding last weekend,User attended a wedding last weekend,event,event,2026-04-09,2026-05-30,1.0,DUPLICATE
47,155,User attended a wedding last weekend,User attended a wedding last weekend,event,event,2026-04-09,2026-02-28,1.0,DUPLICATE
47,231,User attended a wedding last weekend,User attended a wedding last weekend,event,event,2026-04-09,2026-03-15,1.0,DUPLICATE
47,240,User attended a wedding last weekend,User attended a wedding last weekend,event,event,2026-04-09,2026-06-25,1.0,DUPLICATE
47,243,User attended a wedding last weekend,User attended a wedding last weekend,event,event,2026-04-09,2026-06-15,1.0,DUPLICATE
47,259,User attended a wedding last weekend,User attended a wedding last weekend,event,event,2026-04-09,2026-05-06,1.0,DUPLICATE
47,296,User attended a wedding last weekend,User attended a wedding last weekend,event,event,2026-04-09,2026-02-11,1.0,DUPLICATE
47,310,User attended a wedding last weekend,User attended a wedding last weekend,event,event,2026-04-09,2026-03-28,1.0,DUPLICATE
47,339,User attended a wedding last weekend,User attended a wedding last weekend,event,event,2026-04-09,2026-03-04,1.0,DUPLICATE
47,344,User attended a wedding last weekend,User attended a wedding last weekend,event,event,2026-04-09,2026-05-13,1.0,DUPLICATE
47,354,User attended a wedding last weekend,User attended a wedding last weekend,event,event,2026-04-09,2026-04-05,1.0,DUPLICATE
47,355,User attended a wedding last weekend,User attended a wedding last weekend,event,event,2026-04-09,2026-05-01,1.0,DUPLICATE
47,361,User attended a wedding last weekend,User attended a wedding last weekend,event,event,2026-04-09,2026-04-04,1.0,DUPLICATE
47,376,User attended a wedding last weekend,User attended a wedding last weekend,event,event,2026-04-09,2026-06-06,1.0,DUPLICATE
47,411,User attended a wedding last weekend,User attended a wedding last weekend,event,event,2026-04-09,2026-04-25,1.0,DUPLICATE
47,452,User attended a wedding last weekend,User attended a wedding last weekend,event,event,2026-04-09,2026-02-15,1.0,DUPLICATE
48,65,User is vegetarian,User is vegetarian,fact,fact,2026-04-28,2026-07-01,1.0,DUPLICATE
48,139,User is vegetarian,User is vegetarian,fact,fact,2026-04-28,2026-02-23,1.0,DUPLICATE
48,276,User is vegetarian,User is vegetarian,fact,fact,2026-04-28,2026-06-14,1.0,DUPLICATE
48,294,User is vegetarian,User is vegetarian,fact,fact,2026-04-28,2026-03-30,1.0,DUPLICATE
48,508,User is vegetarian,User is vegetarian,fact,fact,2026-04-28,2026-05-24,1.0,DUPLICATE
48,509,User is vegetarian,User eats non-vegetarian food regularly,fact,fact,2026-04-28,2026-06-08,0.813,CONFLICT
49,61,Renew driving license this month,Renew driving license this month,task,task,2026-05-29,2026-02-10,1.0,DUPLICATE
49,76,Renew driving license this month,Renew driving license this month,task,task,2026-05-29,2026-04-01,1.0,DUPLICATE
49,85,Renew driving license this month,Renew driving license this month,task,task,2026-05-29,2026-04-08,1.0,DUPLICATE
49,131,Renew driving license this month,Renew driving license this month,task,task,2026-05-29,2026-02-01,1.0,DUPLICATE
49,208,Renew driving license this month,Renew driving license this month,task,task,2026-05-29,2026-04-08,1.0,DUPLICATE
49,211,Renew driving license this month,Renew driving license this month,task,task,2026-05-29,2026-03-30,1.0,DUPLICATE
49,234,Renew driving license this month,Renew driving license this month,task,task,2026-05-29,2026-04-06,1.0,DUPLICATE
49,237,Renew driving license this month,Renew driving license this month,task,task,2026-05-29,2026-02-22,1.0,DUPLICATE
49,277,Renew driving license this month,Renew driving license this month,task,task,2026-05-29,2026-05-15,1.0,DUPLICATE
49,286,Renew driving license this month,Renew driving license this month,task,task,2026-05-29,2026-04-03,1.0,DUPLICATE
49,322,Renew driving license this month,Renew driving license this month,task,task,2026-05-29,2026-07-01,1.0,DUPLICATE
49,367,Renew driving license this month,Renew driving license this month,task,task,2026-05-29,2026-03-26,1.0,DUPLICATE
49,391,Renew driving license this month,Renew driving license this month,task,task,2026-05-29,2026-03-28,1.0,DUPLICATE
49,413,Renew driving license this month,Renew driving license this month,task,task,2026-05-29,2026-06-13,1.0,DUPLICATE
49,432,Renew driving license this month,Renew driving license this month,task,task,2026-05-29,2026-07-05,1.0,DUPLICATE
49,436,Renew driving license this month,Renew driving license this month,task,task,2026-05-29,2026-04-12,1.0,DUPLICATE
50,53,User plans to run a marathon next year,User wants to run a marathon next year,goal,goal,2026-02-07,2026-02-14,0.935,NEAR_DUPLICATE
50,55,User plans to run a marathon next year,User plans to run a marathon next year,goal,goal,2026-02-07,2026-02-23,1.0,DUPLICATE
50,77,User plans to run a marathon next year,User wants to run a marathon next year,goal,goal,2026-02-07,2026-04-22,0.935,NEAR_DUPLICATE
50,132,User plans to run a marathon next year,User wants to run a marathon next year,goal,goal,2026-02-07,2026-04-09,0.935,NEAR_DUPLICATE
50,171,User plans to run a marathon next year,User wants to run a marathon next year,goal,goal,2026-02-07,2026-07-27,0.935,NEAR_DUPLICATE
50,222,User plans to run a marathon next year,User wants to run a marathon next year,goal,goal,2026-02-07,2026-07-16,0.935,NEAR_DUPLICATE
50,248,User plans to run a marathon next year,User plans to run a marathon next year,goal,goal,2026-02-07,2026-06-25,1.0,DUPLICATE
50,254,User plans to run a marathon next year,User plans to run a marathon next year,goal,goal,2026-02-07,2026-04-26,1.0,DUPLICATE
50,313,User plans to run a marathon next year,User wants to run a marathon next year,goal,goal,2026-02-07,2026-03-19,0.935,NEAR_DUPLICATE
50,346,User plans to run a marathon next year,User plans to run a marathon next year,goal,goal,2026-02-07,2026-04-26,1.0,DUPLICATE
50,416,User plans to run a marathon next year,User wants to run a marathon next year,goal,goal,2026-02-07,2026-07-06,0.935,NEAR_DUPLICATE
50,424,User plans to run a marathon next year,User wants to run a marathon next year,goal,goal,2026-02-07,2026-04-19,0.935,NEAR_DUPLICATE
50,478,User plans to run a marathon next year,User plans to run a marathon next year,goal,goal,2026-02-07,2026-06-22,1.0,DUPLICATE
50,516,User plans to run a marathon next year,User wants to run a marathon next year,goal,goal,2026-02-07,2026-05-30,0.935,NEAR_DUPLICATE
50,517,User plans to run a marathon next year,User completed a marathon,goal,fact,2026-02-07,2026-06-20,0.684,EVOLVING
51,62,User's hometown is Pune,User's hometown is Pune,fact,fact,2026-03-30,2026-05-29,1.0,DUPLICATE
51,153,User's hometown is Pune,User's hometown is Pune,fact,fact,2026-03-30,2026-04-03,1.0,DUPLICATE
51,348,User's hometown is Pune,User's hometown is Pune,fact,fact,2026-03-30,2026-04-15,1.0,DUPLICATE
51,382,User's hometown is Pune,User's hometown is Pune,fact,fact,2026-03-30,2026-07-05,1.0,DUPLICATE
51,447,User's hometown is Pune,User's hometown is Pune,fact,fact,2026-03-30,2026-03-16,1.0,DUPLICATE
52,185,User dislikes long meetings,User dislikes long meetings,preference,preference,2026-07-22,2026-07-02,1.0,DUPLICATE
52,271,User dislikes long meetings,User dislikes long meetings,preference,preference,2026-07-22,2026-03-13,1.0,DUPLICATE
52,272,User dislikes long meetings,User dislikes long meetings,preference,preference,2026-07-22,2026-07-16,1.0,DUPLICATE
52,415,User dislikes long meetings,User dislikes long meetings,preference,preference,2026-07-22,2026-03-18,1.0,DUPLICATE
52,472,User dislikes long meetings,User dislikes long meetings,preference,preference,2026-07-22,2026-06-09,1.0,DUPLICATE
52,488,User dislikes long meetings,User dislikes long meetings,preference,preference,2026-07-22,2026-02-13,1.0,DUPLICATE
53,55,User wants to run a marathon next year,User plans to run a marathon next year,goal,goal,2026-02-14,2026-02-23,0.935,NEAR_DUPLICATE
53,77,User wants to run a marathon next year,User wants to run a marathon next year,goal,goal,2026-02-14,2026-04-22,1.0,DUPLICATE
53,132,User wants to run a marathon next year,User wants to run a marathon next year,goal,goal,2026-02-14,2026-04-09,1.0,DUPLICATE
53,171,User wants to run a marathon next year,User wants to run a marathon next year,goal,goal,2026-02-14,2026-07-27,1.0,DUPLICATE
53,222,User wants to run a marathon next year,User wants to run a marathon next year,goal,goal,2026-02-14,2026-07-16,1.0,DUPLICATE
53,248,User wants to run a marathon next year,User plans to run a marathon next year,goal,goal,2026-02-14,2026-06-25,0.935,NEAR_DUPLICATE
53,254,User wants to run a marathon next year,User plans to run a marathon next year,goal,goal,2026-02-14,2026-04-26,0.935,NEAR_DUPLICATE
53,313,User wants to run a marathon next year,User wants to run a marathon next year,goal,goal,2026-02-14,2026-03-19,1.0,DUPLICATE
53,346,User wants to run a marathon next year,User plans to run a marathon next year,goal,goal,2026-02-14,2026-04-26,0.935,NEAR_DUPLICATE
53,416,User wants to run a marathon next year,User wants to run a marathon next year,goal,goal,2026-02-14,2026-07-06,1.0,DUPLICATE
53,424,User wants to run a marathon next year,User wants to run a marathon next year,goal,goal,2026-02-14,2026-04-19,1.0,DUPLICATE
53,478,User wants to run a marathon next year,User plans to run a marathon next year,goal,goal,2026-02-14,2026-06-22,0.935,NEAR_DUPLICATE
53,516,User wants to run a marathon next year,User wants to run a marathon next year,goal,goal,2026-02-14,2026-05-30,1.0,DUPLICATE
53,517,User wants to run a marathon next year,User completed a marathon,goal,fact,2026-02-14,2026-06-20,0.743,EVOLVING
54,91,User lives in Solapur,User lives in Solapur,fact,fact,2026-05-23,2026-05-14,1.0,DUPLICATE
54,172,User lives in Solapur,User lives in Solapur,fact,fact,2026-05-23,2026-03-15,1.0,DUPLICATE
54,356,User lives in Solapur,User lives in Solapur,fact,fact,2026-05-23,2026-06-22,1.0,DUPLICATE
54,427,User lives in Solapur,User lives in Solapur,fact,fact,2026-05-23,2026-06-18,1.0,DUPLICATE
54,474,User lives in Solapur,User lives in Solapur,fact,fact,2026-05-23,2026-04-20,1.0,DUPLICATE
55,77,User plans to run a marathon next year,User wants to run a marathon next year,goal,goal,2026-02-23,2026-04-22,0.935,NEAR_DUPLICATE
55,132,User plans to run a marathon next year,User wants to run a marathon next year,goal,goal,2026-02-23,2026-04-09,0.935,NEAR_DUPLICATE
55,171,User plans to run a marathon next year,User wants to run a marathon next year,goal,goal,2026-02-23,2026-07-27,0.935,NEAR_DUPLICATE
55,222,User plans to run a marathon next year,User wants to run a marathon next year,goal,goal,2026-02-23,2026-07-16,0.935,NEAR_DUPLICATE
55,248,User plans to run a marathon next year,User plans to run a marathon next year,goal,goal,2026-02-23,2026-06-25,1.0,DUPLICATE
55,254,User plans to run a marathon next year,User plans to run a marathon next year,goal,goal,2026-02-23,2026-04-26,1.0,DUPLICATE
55,313,User plans to run a marathon next year,User wants to run a marathon next year,goal,goal,2026-02-23,2026-03-19,0.935,NEAR_DUPLICATE
55,346,User plans to run a marathon next year,User plans to run a marathon next year,goal,goal,2026-02-23,2026-04-26,1.0,DUPLICATE
55,416,User plans to run a marathon next year,User wants to run a marathon next year,goal,goal,2026-02-23,2026-07-06,0.935,NEAR_DUPLICATE
55,424,User plans to run a marathon next year,User wants to run a marathon next year,goal,goal,2026-02-23,2026-04-19,0.935,NEAR_DUPLICATE
55,478,User plans to run a marathon next year,User plans to run a marathon next year,goal,goal,2026-02-23,2026-06-22,1.0,DUPLICATE
55,516,User plans to run a marathon next year,User wants to run a marathon next year,goal,goal,2026-02-23,2026-05-30,0.935,NEAR_DUPLICATE
55,517,User plans to run a marathon next year,User completed a marathon,goal,fact,2026-02-23,2026-06-20,0.684,EVOLVING
56,389,User wears glasses,User wears glasses,fact,fact,2026-04-08,2026-07-04,1.0,DUPLICATE
56,428,User wears glasses,User wears glasses,fact,fact,2026-04-08,2026-05-26,1.0,DUPLICATE
56,443,User wears glasses,User wears glasses,fact,fact,2026-04-08,2026-01-30,1.0,DUPLICATE
56,455,User wears glasses,User wears glasses,fact,fact,2026-04-08,2026-07-28,1.0,DUPLICATE
57,69,User is saving up to buy a house,User wants to buy a house within five years,goal,goal,2026-05-09,2026-03-26,0.722,RELATED
57,89,User is saving up to buy a house,User is saving up to buy a house,goal,goal,2026-05-09,2026-01-30,1.0,DUPLICATE
57,108,User is saving up to buy a house,User wants to buy a house within five years,goal,goal,2026-05-09,2026-03-12,0.722,RELATED
57,109,User is saving up to buy a house,User is saving up to buy a house,goal,goal,2026-05-09,2026-05-25,1.0,DUPLICATE
57,116,User is saving up to buy a house,User wants to buy a house within five years,goal,goal,2026-05-09,2026-06-25,0.722,RELATED
57,119,User is saving up to buy a house,User wants to buy a house within five years,goal,goal,2026-05-09,2026-05-20,0.722,RELATED
57,146,User is saving up to buy a house,User is saving up to buy a house,goal,goal,2026-05-09,2026-04-22,1.0,DUPLICATE
57,159,User is saving up to buy a house,User wants to buy a house within five years,goal,goal,2026-05-09,2026-02-27,0.722,RELATED
57,198,User is saving up to buy a house,User wants to buy a house within five years,goal,goal,2026-05-09,2026-04-23,0.722,RELATED
57,221,User is saving up to buy a house,User wants to buy a house within five years,goal,goal,2026-05-09,2026-04-18,0.722,RELATED
57,227,User is saving up to buy a house,User is saving up to buy a house,goal,goal,2026-05-09,2026-04-08,1.0,DUPLICATE
57,257,User is saving up to buy a house,User wants to buy a house within five years,goal,goal,2026-05-09,2026-04-26,0.722,RELATED
57,260,User is saving up to buy a house,User is saving up to buy a house,goal,goal,2026-05-09,2026-05-03,1.0,DUPLICATE
57,267,User is saving up to buy a house,User is saving up to buy a house,goal,goal,2026-05-09,2026-03-27,1.0,DUPLICATE
57,283,User is saving up to buy a house,User is saving up to buy a house,goal,goal,2026-05-09,2026-03-04,1.0,DUPLICATE
57,326,User is saving up to buy a house,User is saving up to buy a house,goal,goal,2026-05-09,2026-07-04,1.0,DUPLICATE
57,373,User is saving up to buy a house,User wants to buy a house within five years,goal,goal,2026-05-09,2026-07-18,0.722,RELATED
57,492,User is saving up to buy a house,User wants to buy a house within five years,goal,goal,2026-05-09,2026-02-13,0.722,RELATED
57,498,User is saving up to buy a house,User wants to buy a house within five years,goal,goal,2026-05-09,2026-05-13,0.722,RELATED
57,512,User is saving up to buy a house,User wants to buy a house within five years,goal,goal,2026-05-09,2026-05-13,0.722,RELATED
57,513,User is saving up to buy a house,User bought a house,goal,fact,2026-05-09,2026-06-08,0.748,EVOLVING
57,518,User is saving up to buy a house,User is saving up to buy a house,goal,goal,2026-05-09,2026-04-12,1.0,DUPLICATE
57,519,User is saving up to buy a house,User bought a house,goal,fact,2026-05-09,2026-05-28,0.748,EVOLVING
58,101,Call the dentist to reschedule appointment,Call the dentist to reschedule appointment,task,task,2026-03-09,2026-02-28,1.0,DUPLICATE
58,135,Call the dentist to reschedule appointment,Call the dentist to reschedule appointment,task,task,2026-03-09,2026-02-05,1.0,DUPLICATE
58,144,Call the dentist to reschedule appointment,Call the dentist to reschedule appointment,task,task,2026-03-09,2026-05-03,1.0,DUPLICATE
58,151,Call the dentist to reschedule appointment,Call the dentist to reschedule appointment,task,task,2026-03-09,2026-07-20,1.0,DUPLICATE
58,175,Call the dentist to reschedule appointment,Call the dentist to reschedule appointment,task,task,2026-03-09,2026-06-03,1.0,DUPLICATE
58,204,Call the dentist to reschedule appointment,Call the dentist to reschedule appointment,task,task,2026-03-09,2026-04-05,1.0,DUPLICATE
58,246,Call the dentist to reschedule appointment,Call the dentist to reschedule appointment,task,task,2026-03-09,2026-04-03,1.0,DUPLICATE
58,253,Call the dentist to reschedule appointment,Call the dentist to reschedule appointment,task,task,2026-03-09,2026-03-13,1.0,DUPLICATE
58,438,Call the dentist to reschedule appointment,Call the dentist to reschedule appointment,task,task,2026-03-09,2026-06-12,1.0,DUPLICATE
58,444,Call the dentist to reschedule appointment,Call the dentist to reschedule appointment,task,task,2026-03-09,2026-06-14,1.0,DUPLICATE
58,477,Call the dentist to reschedule appointment,Call the dentist to reschedule appointment,task,task,2026-03-09,2026-04-21,1.0,DUPLICATE
59,75,User prefers written instructions over videos,User prefers written instructions over videos,preference,preference,2026-03-05,2026-03-14,1.0,DUPLICATE
59,124,User prefers written instructions over videos,User prefers written instructions over videos,preference,preference,2026-03-05,2026-04-21,1.0,DUPLICATE
59,202,User prefers written instructions over videos,User prefers written instructions over videos,preference,preference,2026-03-05,2026-04-23,1.0,DUPLICATE
60,127,User likes minimalist design,User likes minimalist design,preference,preference,2026-03-02,2026-02-11,1.0,DUPLICATE
60,164,User likes minimalist design,User likes minimalist design,preference,preference,2026-03-02,2026-04-04,1.0,DUPLICATE
60,274,User likes minimalist design,User likes minimalist design,preference,preference,2026-03-02,2026-02-11,1.0,DUPLICATE
60,360,User likes minimalist design,User likes minimalist design,preference,preference,2026-03-02,2026-02-17,1.0,DUPLICATE
60,369,User likes minimalist design,User likes minimalist design,preference,preference,2026-03-02,2026-03-07,1.0,DUPLICATE
61,76,Renew driving license this month,Renew driving license this month,task,task,2026-02-10,2026-04-01,1.0,DUPLICATE
61,85,Renew driving license this month,Renew driving license this month,task,task,2026-02-10,2026-04-08,1.0,DUPLICATE
61,131,Renew driving license this month,Renew driving license this month,task,task,2026-02-10,2026-02-01,1.0,DUPLICATE
61,208,Renew driving license this month,Renew driving license this month,task,task,2026-02-10,2026-04-08,1.0,DUPLICATE
61,211,Renew driving license this month,Renew driving license this month,task,task,2026-02-10,2026-03-30,1.0,DUPLICATE
61,234,Renew driving license this month,Renew driving license this month,task,task,2026-02-10,2026-04-06,1.0,DUPLICATE
61,237,Renew driving license this month,Renew driving license this month,task,task,2026-02-10,2026-02-22,1.0,DUPLICATE
61,277,Renew driving license this month,Renew driving license this month,task,task,2026-02-10,2026-05-15,1.0,DUPLICATE
61,286,Renew driving license this month,Renew driving license this month,task,task,2026-02-10,2026-04-03,1.0,DUPLICATE
61,322,Renew driving license this month,Renew driving license this month,task,task,2026-02-10,2026-07-01,1.0,DUPLICATE
61,367,Renew driving license this month,Renew driving license this month,task,task,2026-02-10,2026-03-26,1.0,DUPLICATE
61,391,Renew driving license this month,Renew driving license this month,task,task,2026-02-10,2026-03-28,1.0,DUPLICATE
61,413,Renew driving license this month,Renew driving license this month,task,task,2026-02-10,2026-06-13,1.0,DUPLICATE
61,432,Renew driving license this month,Renew driving license this month,task,task,2026-02-10,2026-07-05,1.0,DUPLICATE
61,436,Renew driving license this month,Renew driving license this month,task,task,2026-02-10,2026-04-12,1.0,DUPLICATE
62,153,User's hometown is Pune,User's hometown is Pune,fact,fact,2026-05-29,2026-04-03,1.0,DUPLICATE
62,348,User's hometown is Pune,User's hometown is Pune,fact,fact,2026-05-29,2026-04-15,1.0,DUPLICATE
62,382,User's hometown is Pune,User's hometown is Pune,fact,fact,2026-05-29,2026-07-05,1.0,DUPLICATE
62,447,User's hometown is Pune,User's hometown is Pune,fact,fact,2026-05-29,2026-03-16,1.0,DUPLICATE
63,72,User owns a dog named Max,User owns a dog named Max,fact,fact,2026-03-29,2026-04-12,1.0,DUPLICATE
63,79,User owns a dog named Max,User owns a dog named Max,fact,fact,2026-03-29,2026-06-07,1.0,DUPLICATE
63,100,User owns a dog named Max,User owns a dog named Max,fact,fact,2026-03-29,2026-06-28,1.0,DUPLICATE
63,115,User owns a dog named Max,User owns a dog named Max,fact,fact,2026-03-29,2026-03-18,1.0,DUPLICATE
63,118,User owns a dog named Max,User owns a dog named Max,fact,fact,2026-03-29,2026-06-29,1.0,DUPLICATE
63,177,User owns a dog named Max,User owns a dog named Max,fact,fact,2026-03-29,2026-05-12,1.0,DUPLICATE
63,193,User owns a dog named Max,User owns a dog named Max,fact,fact,2026-03-29,2026-04-07,1.0,DUPLICATE
63,264,User owns a dog named Max,User owns a dog named Max,fact,fact,2026-03-29,2026-07-24,1.0,DUPLICATE
63,300,User owns a dog named Max,User owns a dog named Max,fact,fact,2026-03-29,2026-06-06,1.0,DUPLICATE
63,301,User owns a dog named Max,User owns a dog named Max,fact,fact,2026-03-29,2026-07-17,1.0,DUPLICATE
63,412,User owns a dog named Max,User owns a dog named Max,fact,fact,2026-03-29,2026-03-20,1.0,DUPLICATE
63,484,User owns a dog named Max,User owns a dog named Max,fact,fact,2026-03-29,2026-07-20,1.0,DUPLICATE
64,71,User prefers Android over iOS,User prefers Android over iOS,preference,preference,2026-01-31,2026-06-04,1.0,DUPLICATE
64,203,User prefers Android over iOS,User prefers Android over iOS,preference,preference,2026-01-31,2026-04-07,1.0,DUPLICATE
64,297,User prefers Android over iOS,User prefers Android over iOS,preference,preference,2026-01-31,2026-06-01,1.0,DUPLICATE
64,299,User prefers Android over iOS,User prefers Android over iOS,preference,preference,2026-01-31,2026-06-30,1.0,DUPLICATE
64,311,User prefers Android over iOS,User prefers Android over iOS,preference,preference,2026-01-31,2026-06-28,1.0,DUPLICATE
64,334,User prefers Android over iOS,User prefers Android over iOS,preference,preference,2026-01-31,2026-07-10,1.0,DUPLICATE
64,335,User prefers Android over iOS,User prefers Android over iOS,preference,preference,2026-01-31,2026-04-20,1.0,DUPLICATE
64,349,User prefers Android over iOS,User prefers Android over iOS,preference,preference,2026-01-31,2026-04-11,1.0,DUPLICATE
64,379,User prefers Android over iOS,User prefers Android over iOS,preference,preference,2026-01-31,2026-06-25,1.0,DUPLICATE
64,418,User prefers Android over iOS,User prefers Android over iOS,preference,preference,2026-01-31,2026-03-11,1.0,DUPLICATE
64,421,User prefers Android over iOS,User prefers Android over iOS,preference,preference,2026-01-31,2026-05-18,1.0,DUPLICATE
64,459,User prefers Android over iOS,User prefers Android over iOS,preference,preference,2026-01-31,2026-07-09,1.0,DUPLICATE
65,139,User is vegetarian,User is vegetarian,fact,fact,2026-07-01,2026-02-23,1.0,DUPLICATE
65,276,User is vegetarian,User is vegetarian,fact,fact,2026-07-01,2026-06-14,1.0,DUPLICATE
65,294,User is vegetarian,User is vegetarian,fact,fact,2026-07-01,2026-03-30,1.0,DUPLICATE
65,508,User is vegetarian,User is vegetarian,fact,fact,2026-07-01,2026-05-24,1.0,DUPLICATE
65,509,User is vegetarian,User eats non-vegetarian food regularly,fact,fact,2026-07-01,2026-06-08,0.813,CONFLICT
66,130,User had a job interview last week,User is preparing for interviews,event,goal,2026-07-16,2026-07-05,0.625,RELATED
66,140,User had a job interview last week,User is preparing for interviews,event,goal,2026-07-16,2026-02-16,0.625,RELATED
66,150,User had a job interview last week,User had a job interview last week,event,event,2026-07-16,2026-02-28,1.0,DUPLICATE
66,176,User had a job interview last week,User had a job interview last week,event,event,2026-07-16,2026-03-16,1.0,DUPLICATE
66,251,User had a job interview last week,User had a job interview last week,event,event,2026-07-16,2026-03-23,1.0,DUPLICATE
66,266,User had a job interview last week,User had a job interview last week,event,event,2026-07-16,2026-05-09,1.0,DUPLICATE
66,298,User had a job interview last week,User had a job interview last week,event,event,2026-07-16,2026-03-14,1.0,DUPLICATE
66,303,User had a job interview last week,User is preparing for interviews,event,goal,2026-07-16,2026-05-12,0.625,RELATED
66,306,User had a job interview last week,User had a job interview last week,event,event,2026-07-16,2026-05-28,1.0,DUPLICATE
66,308,User had a job interview last week,User is preparing for interviews,event,goal,2026-07-16,2026-05-05,0.625,RELATED
66,314,User had a job interview last week,User is preparing for interviews,event,goal,2026-07-16,2026-04-25,0.625,RELATED
66,327,User had a job interview last week,User had a job interview last week,event,event,2026-07-16,2026-05-20,1.0,DUPLICATE
66,332,User had a job interview last week,User had a job interview last week,event,event,2026-07-16,2026-05-06,1.0,DUPLICATE
66,343,User had a job interview last week,User had a job interview last week,event,event,2026-07-16,2026-05-05,1.0,DUPLICATE
66,350,User had a job interview last week,User had a job interview last week,event,event,2026-07-16,2026-03-14,1.0,DUPLICATE
66,433,User had a job interview last week,User had a job interview last week,event,event,2026-07-16,2026-04-18,1.0,DUPLICATE
66,464,User had a job interview last week,User had a job interview last week,event,event,2026-07-16,2026-06-07,1.0,DUPLICATE
66,483,User had a job interview last week,User had a job interview last week,event,event,2026-07-16,2026-06-24,1.0,DUPLICATE
66,494,User had a job interview last week,User is preparing for interviews,event,goal,2026-07-16,2026-06-20,0.625,RELATED
66,495,User had a job interview last week,User had a job interview last week,event,event,2026-07-16,2026-02-09,1.0,DUPLICATE
66,514,User had a job interview last week,User is preparing for interviews,event,goal,2026-07-16,2026-04-21,0.625,RELATED
66,515,User had a job interview last week,User got a new job after interviews,event,fact,2026-07-16,2026-05-24,0.776,RELATED
67,110,User celebrated their birthday recently,User celebrated their birthday recently,event,event,2026-02-26,2026-07-23,1.0,DUPLICATE
67,147,User celebrated their birthday recently,User celebrated their birthday recently,event,event,2026-02-26,2026-05-06,1.0,DUPLICATE
67,157,User celebrated their birthday recently,User's birthday is in March,event,fact,2026-02-26,2026-07-25,0.831,RELATED
67,158,User celebrated their birthday recently,User's birthday is in March,event,fact,2026-02-26,2026-04-12,0.831,RELATED
67,186,User celebrated their birthday recently,User's birthday is in March,event,fact,2026-02-26,2026-02-18,0.831,RELATED
67,206,User celebrated their birthday recently,User celebrated their birthday recently,event,event,2026-02-26,2026-04-12,1.0,DUPLICATE
67,214,User celebrated their birthday recently,User celebrated their birthday recently,event,event,2026-02-26,2026-07-24,1.0,DUPLICATE
67,289,User celebrated their birthday recently,User celebrated their birthday recently,event,event,2026-02-26,2026-06-07,1.0,DUPLICATE
67,302,User celebrated their birthday recently,User's birthday is in March,event,fact,2026-02-26,2026-03-22,0.831,RELATED
67,337,User celebrated their birthday recently,User celebrated their birthday recently,event,event,2026-02-26,2026-04-15,1.0,DUPLICATE
67,351,User celebrated their birthday recently,User celebrated their birthday recently,event,event,2026-02-26,2026-02-15,1.0,DUPLICATE
67,365,User celebrated their birthday recently,User celebrated their birthday recently,event,event,2026-02-26,2026-07-07,1.0,DUPLICATE
67,372,User celebrated their birthday recently,User celebrated their birthday recently,event,event,2026-02-26,2026-06-30,1.0,DUPLICATE
67,377,User celebrated their birthday recently,User celebrated their birthday recently,event,event,2026-02-26,2026-06-15,1.0,DUPLICATE
67,398,User celebrated their birthday recently,User celebrated their birthday recently,event,event,2026-02-26,2026-06-10,1.0,DUPLICATE
67,468,User celebrated their birthday recently,User's birthday is in March,event,fact,2026-02-26,2026-01-31,0.831,RELATED
67,471,User celebrated their birthday recently,User celebrated their birthday recently,event,event,2026-02-26,2026-03-18,1.0,DUPLICATE
67,476,User celebrated their birthday recently,User celebrated their birthday recently,event,event,2026-02-26,2026-07-03,1.0,DUPLICATE
68,86,Return the library books by Thursday,Return the library books by Thursday,task,task,2026-06-18,2026-04-08,1.0,DUPLICATE
68,90,Return the library books by Thursday,Return the library books by Thursday,task,task,2026-06-18,2026-03-08,1.0,DUPLICATE
68,111,Return the library books by Thursday,Return the library books by Thursday,task,task,2026-06-18,2026-05-18,1.0,DUPLICATE
68,113,Return the library books by Thursday,Return the library books by Thursday,task,task,2026-06-18,2026-05-16,1.0,DUPLICATE
68,137,Return the library books by Thursday,Return the library books by Thursday,task,task,2026-06-18,2026-07-01,1.0,DUPLICATE
68,188,Return the library books by Thursday,Return the library books by Thursday,task,task,2026-06-18,2026-02-17,1.0,DUPLICATE
68,223,Return the library books by Thursday,Return the library books by Thursday,task,task,2026-06-18,2026-04-21,1.0,DUPLICATE
68,239,Return the library books by Thursday,Return the library books by Thursday,task,task,2026-06-18,2026-02-04,1.0,DUPLICATE
68,265,Return the library books by Thursday,Return the library books by Thursday,task,task,2026-06-18,2026-07-13,1.0,DUPLICATE
68,317,Return the library books by Thursday,Return the library books by Thursday,task,task,2026-06-18,2026-06-15,1.0,DUPLICATE
68,370,Return the library books by Thursday,Return the library books by Thursday,task,task,2026-06-18,2026-06-16,1.0,DUPLICATE
68,380,Return the library books by Thursday,Return the library books by Thursday,task,task,2026-06-18,2026-06-22,1.0,DUPLICATE
68,386,Return the library books by Thursday,Return the library books by Thursday,task,task,2026-06-18,2026-07-28,1.0,DUPLICATE
68,449,Return the library books by Thursday,Return the library books by Thursday,task,task,2026-06-18,2026-02-12,1.0,DUPLICATE
68,456,Return the library books by Thursday,Return the library books by Thursday,task,task,2026-06-18,2026-04-23,1.0,DUPLICATE
68,482,Return the library books by Thursday,Return the library books by Thursday,task,task,2026-06-18,2026-03-18,1.0,DUPLICATE
69,89,User wants to buy a house within five years,User is saving up to buy a house,goal,goal,2026-03-26,2026-01-30,0.722,RELATED
69,108,User wants to buy a house within five years,User wants to buy a house within five years,goal,goal,2026-03-26,2026-03-12,1.0,DUPLICATE
69,109,User wants to buy a house within five years,User is saving up to buy a house,goal,goal,2026-03-26,2026-05-25,0.722,RELATED
69,116,User wants to buy a house within five years,User wants to buy a house within five years,goal,goal,2026-03-26,2026-06-25,1.0,DUPLICATE
69,119,User wants to buy a house within five years,User wants to buy a house within five years,goal,goal,2026-03-26,2026-05-20,1.0,DUPLICATE
69,146,User wants to buy a house within five years,User is saving up to buy a house,goal,goal,2026-03-26,2026-04-22,0.722,RELATED
69,159,User wants to buy a house within five years,User wants to buy a house within five years,goal,goal,2026-03-26,2026-02-27,1.0,DUPLICATE
69,198,User wants to buy a house within five years,User wants to buy a house within five years,goal,goal,2026-03-26,2026-04-23,1.0,DUPLICATE
69,221,User wants to buy a house within five years,User wants to buy a house within five years,goal,goal,2026-03-26,2026-04-18,1.0,DUPLICATE
69,227,User wants to buy a house within five years,User is saving up to buy a house,goal,goal,2026-03-26,2026-04-08,0.722,RELATED
69,257,User wants to buy a house within five years,User wants to buy a house within five years,goal,goal,2026-03-26,2026-04-26,1.0,DUPLICATE
69,260,User wants to buy a house within five years,User is saving up to buy a house,goal,goal,2026-03-26,2026-05-03,0.722,RELATED
69,267,User wants to buy a house within five years,User is saving up to buy a house,goal,goal,2026-03-26,2026-03-27,0.722,RELATED
69,283,User wants to buy a house within five years,User is saving up to buy a house,goal,goal,2026-03-26,2026-03-04,0.722,RELATED
69,326,User wants to buy a house within five years,User is saving up to buy a house,goal,goal,2026-03-26,2026-07-04,0.722,RELATED
69,373,User wants to buy a house within five years,User wants to buy a house within five years,goal,goal,2026-03-26,2026-07-18,1.0,DUPLICATE
69,492,User wants to buy a house within five years,User wants to buy a house within five years,goal,goal,2026-03-26,2026-02-13,1.0,DUPLICATE
69,498,User wants to buy a house within five years,User wants to buy a house within five years,goal,goal,2026-03-26,2026-05-13,1.0,DUPLICATE
69,512,User wants to buy a house within five years,User wants to buy a house within five years,goal,goal,2026-03-26,2026-05-13,1.0,DUPLICATE
69,513,User wants to buy a house within five years,User bought a house,goal,fact,2026-03-26,2026-06-08,0.706,EVOLVING
69,518,User wants to buy a house within five years,User is saving up to buy a house,goal,goal,2026-03-26,2026-04-12,0.722,RELATED
69,519,User wants to buy a house within five years,User bought a house,goal,fact,2026-03-26,2026-05-28,0.706,EVOLVING
70,105,User prefers email over calls,User prefers email over calls,preference,preference,2026-05-04,2026-02-18,1.0,DUPLICATE
70,106,User prefers email over calls,User prefers email over calls,preference,preference,2026-05-04,2026-06-22,1.0,DUPLICATE
70,324,User prefers email over calls,User prefers email over calls,preference,preference,2026-05-04,2026-02-03,1.0,DUPLICATE
70,374,User prefers email over calls,User prefers email over calls,preference,preference,2026-05-04,2026-07-20,1.0,DUPLICATE
71,203,User prefers Android over iOS,User prefers Android over iOS,preference,preference,2026-06-04,2026-04-07,1.0,DUPLICATE
71,297,User prefers Android over iOS,User prefers Android over iOS,preference,preference,2026-06-04,2026-06-01,1.0,DUPLICATE
71,299,User prefers Android over iOS,User prefers Android over iOS,preference,preference,2026-06-04,2026-06-30,1.0,DUPLICATE
71,311,User prefers Android over iOS,User prefers Android over iOS,preference,preference,2026-06-04,2026-06-28,1.0,DUPLICATE
71,334,User prefers Android over iOS,User prefers Android over iOS,preference,preference,2026-06-04,2026-07-10,1.0,DUPLICATE
71,335,User prefers Android over iOS,User prefers Android over iOS,preference,preference,2026-06-04,2026-04-20,1.0,DUPLICATE
71,349,User prefers Android over iOS,User prefers Android over iOS,preference,preference,2026-06-04,2026-04-11,1.0,DUPLICATE
71,379,User prefers Android over iOS,User prefers Android over iOS,preference,preference,2026-06-04,2026-06-25,1.0,DUPLICATE
71,418,User prefers Android over iOS,User prefers Android over iOS,preference,preference,2026-06-04,2026-03-11,1.0,DUPLICATE
71,421,User prefers Android over iOS,User prefers Android over iOS,preference,preference,2026-06-04,2026-05-18,1.0,DUPLICATE
71,459,User prefers Android over iOS,User prefers Android over iOS,preference,preference,2026-06-04,2026-07-09,1.0,DUPLICATE
72,79,User owns a dog named Max,User owns a dog named Max,fact,fact,2026-04-12,2026-06-07,1.0,DUPLICATE
72,100,User owns a dog named Max,User owns a dog named Max,fact,fact,2026-04-12,2026-06-28,1.0,DUPLICATE
72,115,User owns a dog named Max,User owns a dog named Max,fact,fact,2026-04-12,2026-03-18,1.0,DUPLICATE
72,118,User owns a dog named Max,User owns a dog named Max,fact,fact,2026-04-12,2026-06-29,1.0,DUPLICATE
72,177,User owns a dog named Max,User owns a dog named Max,fact,fact,2026-04-12,2026-05-12,1.0,DUPLICATE
72,193,User owns a dog named Max,User owns a dog named Max,fact,fact,2026-04-12,2026-04-07,1.0,DUPLICATE
72,264,User owns a dog named Max,User owns a dog named Max,fact,fact,2026-04-12,2026-07-24,1.0,DUPLICATE
72,300,User owns a dog named Max,User owns a dog named Max,fact,fact,2026-04-12,2026-06-06,1.0,DUPLICATE
72,301,User owns a dog named Max,User owns a dog named Max,fact,fact,2026-04-12,2026-07-17,1.0,DUPLICATE
72,412,User owns a dog named Max,User owns a dog named Max,fact,fact,2026-04-12,2026-03-20,1.0,DUPLICATE
72,484,User owns a dog named Max,User owns a dog named Max,fact,fact,2026-04-12,2026-07-20,1.0,DUPLICATE
73,268,User wants to publish a research paper,User wants to publish a research paper,goal,goal,2026-04-20,2026-06-05,1.0,DUPLICATE
73,269,User wants to publish a research paper,User wants to publish a research paper,goal,goal,2026-04-20,2026-06-27,1.0,DUPLICATE
73,275,User wants to publish a research paper,User wants to publish a research paper,goal,goal,2026-04-20,2026-02-13,1.0,DUPLICATE
73,278,User wants to publish a research paper,User wants to publish a research paper,goal,goal,2026-04-20,2026-04-03,1.0,DUPLICATE
73,280,User wants to publish a research paper,User wants to publish a research paper,goal,goal,2026-04-20,2026-03-05,1.0,DUPLICATE
73,323,User wants to publish a research paper,User wants to publish a research paper,goal,goal,2026-04-20,2026-04-18,1.0,DUPLICATE
73,340,User wants to publish a research paper,User wants to publish a research paper,goal,goal,2026-04-20,2026-03-24,1.0,DUPLICATE
73,345,User wants to publish a research paper,User wants to publish a research paper,goal,goal,2026-04-20,2026-02-01,1.0,DUPLICATE
73,384,User wants to publish a research paper,User wants to publish a research paper,goal,goal,2026-04-20,2026-05-03,1.0,DUPLICATE
73,414,User wants to publish a research paper,User wants to publish a research paper,goal,goal,2026-04-20,2026-07-09,1.0,DUPLICATE
73,480,User wants to publish a research paper,User wants to publish a research paper,goal,goal,2026-04-20,2026-05-18,1.0,DUPLICATE
73,493,User wants to publish a research paper,User wants to publish a research paper,goal,goal,2026-04-20,2026-02-15,1.0,DUPLICATE
73,496,User wants to publish a research paper,User wants to publish a research paper,goal,goal,2026-04-20,2026-04-12,1.0,DUPLICATE
74,183,User has two younger siblings,User has two younger siblings,fact,fact,2026-05-03,2026-05-10,1.0,DUPLICATE
74,293,User has two younger siblings,User has two younger siblings,fact,fact,2026-05-03,2026-05-01,1.0,DUPLICATE
74,319,User has two younger siblings,User has two younger siblings,fact,fact,2026-05-03,2026-06-23,1.0,DUPLICATE
74,381,User has two younger siblings,User has two younger siblings,fact,fact,2026-05-03,2026-03-19,1.0,DUPLICATE
74,437,User has two younger siblings,User has two younger siblings,fact,fact,2026-05-03,2026-04-28,1.0,DUPLICATE
75,124,User prefers written instructions over videos,User prefers written instructions over videos,preference,preference,2026-03-14,2026-04-21,1.0,DUPLICATE
75,202,User prefers written instructions over videos,User prefers written instructions over videos,preference,preference,2026-03-14,2026-04-23,1.0,DUPLICATE
76,85,Renew driving license this month,Renew driving license this month,task,task,2026-04-01,2026-04-08,1.0,DUPLICATE
76,131,Renew driving license this month,Renew driving license this month,task,task,2026-04-01,2026-02-01,1.0,DUPLICATE
76,208,Renew driving license this month,Renew driving license this month,task,task,2026-04-01,2026-04-08,1.0,DUPLICATE
76,211,Renew driving license this month,Renew driving license this month,task,task,2026-04-01,2026-03-30,1.0,DUPLICATE
76,234,Renew driving license this month,Renew driving license this month,task,task,2026-04-01,2026-04-06,1.0,DUPLICATE
76,237,Renew driving license this month,Renew driving license this month,task,task,2026-04-01,2026-02-22,1.0,DUPLICATE
76,277,Renew driving license this month,Renew driving license this month,task,task,2026-04-01,2026-05-15,1.0,DUPLICATE
76,286,Renew driving license this month,Renew driving license this month,task,task,2026-04-01,2026-04-03,1.0,DUPLICATE
76,322,Renew driving license this month,Renew driving license this month,task,task,2026-04-01,2026-07-01,1.0,DUPLICATE
76,367,Renew driving license this month,Renew driving license this month,task,task,2026-04-01,2026-03-26,1.0,DUPLICATE
76,391,Renew driving license this month,Renew driving license this month,task,task,2026-04-01,2026-03-28,1.0,DUPLICATE
76,413,Renew driving license this month,Renew driving license this month,task,task,2026-04-01,2026-06-13,1.0,DUPLICATE
76,432,Renew driving license this month,Renew driving license this month,task,task,2026-04-01,2026-07-05,1.0,DUPLICATE
76,436,Renew driving license this month,Renew driving license this month,task,task,2026-04-01,2026-04-12,1.0,DUPLICATE
77,132,User wants to run a marathon next year,User wants to run a marathon next year,goal,goal,2026-04-22,2026-04-09,1.0,DUPLICATE
77,171,User wants to run a marathon next year,User wants to run a marathon next year,goal,goal,2026-04-22,2026-07-27,1.0,DUPLICATE
77,222,User wants to run a marathon next year,User wants to run a marathon next year,goal,goal,2026-04-22,2026-07-16,1.0,DUPLICATE
77,248,User wants to run a marathon next year,User plans to run a marathon next year,goal,goal,2026-04-22,2026-06-25,0.935,NEAR_DUPLICATE
77,254,User wants to run a marathon next year,User plans to run a marathon next year,goal,goal,2026-04-22,2026-04-26,0.935,NEAR_DUPLICATE
77,313,User wants to run a marathon next year,User wants to run a marathon next year,goal,goal,2026-04-22,2026-03-19,1.0,DUPLICATE
77,346,User wants to run a marathon next year,User plans to run a marathon next year,goal,goal,2026-04-22,2026-04-26,0.935,NEAR_DUPLICATE
77,416,User wants to run a marathon next year,User wants to run a marathon next year,goal,goal,2026-04-22,2026-07-06,1.0,DUPLICATE
77,424,User wants to run a marathon next year,User wants to run a marathon next year,goal,goal,2026-04-22,2026-04-19,1.0,DUPLICATE
77,478,User wants to run a marathon next year,User plans to run a marathon next year,goal,goal,2026-04-22,2026-06-22,0.935,NEAR_DUPLICATE
77,516,User wants to run a marathon next year,User wants to run a marathon next year,goal,goal,2026-04-22,2026-05-30,1.0,DUPLICATE
77,517,User wants to run a marathon next year,User completed a marathon,goal,fact,2026-04-22,2026-06-20,0.743,EVOLVING
78,156,User watched a movie yesterday,User watched a movie yesterday,event,event,2026-04-30,2026-05-19,1.0,DUPLICATE
78,199,User watched a movie yesterday,User watched a movie yesterday,event,event,2026-04-30,2026-02-13,1.0,DUPLICATE
78,230,User watched a movie yesterday,User watched a movie yesterday,event,event,2026-04-30,2026-02-24,1.0,DUPLICATE
78,347,User watched a movie yesterday,User watched a movie yesterday,event,event,2026-04-30,2026-04-01,1.0,DUPLICATE
78,448,User watched a movie yesterday,User watched a movie yesterday,event,event,2026-04-30,2026-05-03,1.0,DUPLICATE
79,100,User owns a dog named Max,User owns a dog named Max,fact,fact,2026-06-07,2026-06-28,1.0,DUPLICATE
79,115,User owns a dog named Max,User owns a dog named Max,fact,fact,2026-06-07,2026-03-18,1.0,DUPLICATE
79,118,User owns a dog named Max,User owns a dog named Max,fact,fact,2026-06-07,2026-06-29,1.0,DUPLICATE
79,177,User owns a dog named Max,User owns a dog named Max,fact,fact,2026-06-07,2026-05-12,1.0,DUPLICATE
79,193,User owns a dog named Max,User owns a dog named Max,fact,fact,2026-06-07,2026-04-07,1.0,DUPLICATE
79,264,User owns a dog named Max,User owns a dog named Max,fact,fact,2026-06-07,2026-07-24,1.0,DUPLICATE
79,300,User owns a dog named Max,User owns a dog named Max,fact,fact,2026-06-07,2026-06-06,1.0,DUPLICATE
79,301,User owns a dog named Max,User owns a dog named Max,fact,fact,2026-06-07,2026-07-17,1.0,DUPLICATE
79,412,User owns a dog named Max,User owns a dog named Max,fact,fact,2026-06-07,2026-03-20,1.0,DUPLICATE
79,484,User owns a dog named Max,User owns a dog named Max,fact,fact,2026-06-07,2026-07-20,1.0,DUPLICATE
80,134,User attended a wedding last weekend,User attended a wedding last weekend,event,event,2026-03-31,2026-05-30,1.0,DUPLICATE
80,155,User attended a wedding last weekend,User attended a wedding last weekend,event,event,2026-03-31,2026-02-28,1.0,DUPLICATE
80,231,User attended a wedding last weekend,User attended a wedding last weekend,event,event,2026-03-31,2026-03-15,1.0,DUPLICATE
80,240,User attended a wedding last weekend,User attended a wedding last weekend,event,event,2026-03-31,2026-06-25,1.0,DUPLICATE
80,243,User attended a wedding last weekend,User attended a wedding last weekend,event,event,2026-03-31,2026-06-15,1.0,DUPLICATE
80,259,User attended a wedding last weekend,User attended a wedding last weekend,event,event,2026-03-31,2026-05-06,1.0,DUPLICATE
80,296,User attended a wedding last weekend,User attended a wedding last weekend,event,event,2026-03-31,2026-02-11,1.0,DUPLICATE
80,310,User attended a wedding last weekend,User attended a wedding last weekend,event,event,2026-03-31,2026-03-28,1.0,DUPLICATE
80,339,User attended a wedding last weekend,User attended a wedding last weekend,event,event,2026-03-31,2026-03-04,1.0,DUPLICATE
80,344,User attended a wedding last weekend,User attended a wedding last weekend,event,event,2026-03-31,2026-05-13,1.0,DUPLICATE
80,354,User attended a wedding last weekend,User attended a wedding last weekend,event,event,2026-03-31,2026-04-05,1.0,DUPLICATE
80,355,User attended a wedding last weekend,User attended a wedding last weekend,event,event,2026-03-31,2026-05-01,1.0,DUPLICATE
80,361,User attended a wedding last weekend,User attended a wedding last weekend,event,event,2026-03-31,2026-04-04,1.0,DUPLICATE
80,376,User attended a wedding last weekend,User attended a wedding last weekend,event,event,2026-03-31,2026-06-06,1.0,DUPLICATE
80,411,User attended a wedding last weekend,User attended a wedding last weekend,event,event,2026-03-31,2026-04-25,1.0,DUPLICATE
80,452,User attended a wedding last weekend,User attended a wedding last weekend,event,event,2026-03-31,2026-02-15,1.0,DUPLICATE
81,102,User has a cat named Whiskers,User has a cat named Whiskers,fact,fact,2026-06-17,2026-06-05,1.0,DUPLICATE
81,114,User has a cat named Whiskers,User has a cat named Whiskers,fact,fact,2026-06-17,2026-04-16,1.0,DUPLICATE
81,154,User has a cat named Whiskers,User has a cat named Whiskers,fact,fact,2026-06-17,2026-05-04,1.0,DUPLICATE
81,218,User has a cat named Whiskers,User has a cat named Whiskers,fact,fact,2026-06-17,2026-03-02,1.0,DUPLICATE
81,375,User has a cat named Whiskers,User has a cat named Whiskers,fact,fact,2026-06-17,2026-05-29,1.0,DUPLICATE
81,383,User has a cat named Whiskers,User has a cat named Whiskers,fact,fact,2026-06-17,2026-03-14,1.0,DUPLICATE
81,402,User has a cat named Whiskers,User has a cat named Whiskers,fact,fact,2026-06-17,2026-04-18,1.0,DUPLICATE
81,409,User has a cat named Whiskers,User has a cat named Whiskers,fact,fact,2026-06-17,2026-07-21,1.0,DUPLICATE
81,441,User has a cat named Whiskers,User has a cat named Whiskers,fact,fact,2026-06-17,2026-06-02,1.0,DUPLICATE
82,125,Send the report to manager by end of day,Send the report to manager by end of day,task,task,2026-06-08,2026-02-09,1.0,DUPLICATE
82,163,Send the report to manager by end of day,Send the report to manager by end of day,task,task,2026-06-08,2026-07-03,1.0,DUPLICATE
82,238,Send the report to manager by end of day,Send the report to manager by end of day,task,task,2026-06-08,2026-04-15,1.0,DUPLICATE
82,333,Send the report to manager by end of day,Send the report to manager by end of day,task,task,2026-06-08,2026-06-11,1.0,DUPLICATE
82,403,Send the report to manager by end of day,Send the report to manager by end of day,task,task,2026-06-08,2026-07-07,1.0,DUPLICATE
82,485,Send the report to manager by end of day,Send the report to manager by end of day,task,task,2026-06-08,2026-02-16,1.0,DUPLICATE
83,95,User visited the doctor last month,User visited the doctor last month,event,event,2026-06-28,2026-03-16,1.0,DUPLICATE
83,117,User visited the doctor last month,User visited the doctor last month,event,event,2026-06-28,2026-05-28,1.0,DUPLICATE
83,123,User visited the doctor last month,User visited the doctor last month,event,event,2026-06-28,2026-03-11,1.0,DUPLICATE
83,179,User visited the doctor last month,User visited the doctor last month,event,event,2026-06-28,2026-02-07,1.0,DUPLICATE
83,196,User visited the doctor last month,User visited the doctor last month,event,event,2026-06-28,2026-06-20,1.0,DUPLICATE
83,228,User visited the doctor last month,User visited the doctor last month,event,event,2026-06-28,2026-02-05,1.0,DUPLICATE
83,287,User visited the doctor last month,User visited the doctor last month,event,event,2026-06-28,2026-02-08,1.0,DUPLICATE
83,316,User visited the doctor last month,User visited the doctor last month,event,event,2026-06-28,2026-05-27,1.0,DUPLICATE
83,338,User visited the doctor last month,User visited the doctor last month,event,event,2026-06-28,2026-05-06,1.0,DUPLICATE
83,408,User visited the doctor last month,User visited the doctor last month,event,event,2026-06-28,2026-05-23,1.0,DUPLICATE
83,450,User visited the doctor last month,User visited the doctor last month,event,event,2026-06-28,2026-04-28,1.0,DUPLICATE
83,463,User visited the doctor last month,User visited the doctor last month,event,event,2026-06-28,2026-03-25,1.0,DUPLICATE
83,497,User visited the doctor last month,User visited the doctor last month,event,event,2026-06-28,2026-06-10,1.0,DUPLICATE
84,122,User attended a college hackathon,User attended a college hackathon,event,event,2026-05-02,2026-03-25,1.0,DUPLICATE
84,128,User attended a college hackathon,User attended a college hackathon,event,event,2026-05-02,2026-04-18,1.0,DUPLICATE
84,187,User attended a college hackathon,User attended a college hackathon,event,event,2026-05-02,2026-02-16,1.0,DUPLICATE
84,226,User attended a college hackathon,User attended a college hackathon,event,event,2026-05-02,2026-04-10,1.0,DUPLICATE
84,245,User attended a college hackathon,User attended a college hackathon,event,event,2026-05-02,2026-07-21,1.0,DUPLICATE
84,256,User attended a college hackathon,User attended a college hackathon,event,event,2026-05-02,2026-02-22,1.0,DUPLICATE
84,263,User attended a college hackathon,User attended a college hackathon,event,event,2026-05-02,2026-02-20,1.0,DUPLICATE
84,304,User attended a college hackathon,User attended a college hackathon,event,event,2026-05-02,2026-06-14,1.0,DUPLICATE
84,318,User attended a college hackathon,User attended a college hackathon,event,event,2026-05-02,2026-07-13,1.0,DUPLICATE
84,328,User attended a college hackathon,User attended a college hackathon,event,event,2026-05-02,2026-07-20,1.0,DUPLICATE
84,378,User attended a college hackathon,User attended a college hackathon,event,event,2026-05-02,2026-07-04,1.0,DUPLICATE
84,390,User attended a college hackathon,User attended a college hackathon,event,event,2026-05-02,2026-04-06,1.0,DUPLICATE
84,397,User attended a college hackathon,User attended a college hackathon,event,event,2026-05-02,2026-02-23,1.0,DUPLICATE
84,410,User attended a college hackathon,User attended a college hackathon,event,event,2026-05-02,2026-07-09,1.0,DUPLICATE
84,457,User attended a college hackathon,User attended a college hackathon,event,event,2026-05-02,2026-02-03,1.0,DUPLICATE
85,131,Renew driving license this month,Renew driving license this month,task,task,2026-04-08,2026-02-01,1.0,DUPLICATE
85,208,Renew driving license this month,Renew driving license this month,task,task,2026-04-08,2026-04-08,1.0,DUPLICATE
85,211,Renew driving license this month,Renew driving license this month,task,task,2026-04-08,2026-03-30,1.0,DUPLICATE
85,234,Renew driving license this month,Renew driving license this month,task,task,2026-04-08,2026-04-06,1.0,DUPLICATE
85,237,Renew driving license this month,Renew driving license this month,task,task,2026-04-08,2026-02-22,1.0,DUPLICATE
85,277,Renew driving license this month,Renew driving license this month,task,task,2026-04-08,2026-05-15,1.0,DUPLICATE
85,286,Renew driving license this month,Renew driving license this month,task,task,2026-04-08,2026-04-03,1.0,DUPLICATE
85,322,Renew driving license this month,Renew driving license this month,task,task,2026-04-08,2026-07-01,1.0,DUPLICATE
85,367,Renew driving license this month,Renew driving license this month,task,task,2026-04-08,2026-03-26,1.0,DUPLICATE
85,391,Renew driving license this month,Renew driving license this month,task,task,2026-04-08,2026-03-28,1.0,DUPLICATE
85,413,Renew driving license this month,Renew driving license this month,task,task,2026-04-08,2026-06-13,1.0,DUPLICATE
85,432,Renew driving license this month,Renew driving license this month,task,task,2026-04-08,2026-07-05,1.0,DUPLICATE
85,436,Renew driving license this month,Renew driving license this month,task,task,2026-04-08,2026-04-12,1.0,DUPLICATE
86,90,Return the library books by Thursday,Return the library books by Thursday,task,task,2026-04-08,2026-03-08,1.0,DUPLICATE
86,111,Return the library books by Thursday,Return the library books by Thursday,task,task,2026-04-08,2026-05-18,1.0,DUPLICATE
86,113,Return the library books by Thursday,Return the library books by Thursday,task,task,2026-04-08,2026-05-16,1.0,DUPLICATE
86,137,Return the library books by Thursday,Return the library books by Thursday,task,task,2026-04-08,2026-07-01,1.0,DUPLICATE
86,188,Return the library books by Thursday,Return the library books by Thursday,task,task,2026-04-08,2026-02-17,1.0,DUPLICATE
86,223,Return the library books by Thursday,Return the library books by Thursday,task,task,2026-04-08,2026-04-21,1.0,DUPLICATE
86,239,Return the library books by Thursday,Return the library books by Thursday,task,task,2026-04-08,2026-02-04,1.0,DUPLICATE
86,265,Return the library books by Thursday,Return the library books by Thursday,task,task,2026-04-08,2026-07-13,1.0,DUPLICATE
86,317,Return the library books by Thursday,Return the library books by Thursday,task,task,2026-04-08,2026-06-15,1.0,DUPLICATE
86,370,Return the library books by Thursday,Return the library books by Thursday,task,task,2026-04-08,2026-06-16,1.0,DUPLICATE
86,380,Return the library books by Thursday,Return the library books by Thursday,task,task,2026-04-08,2026-06-22,1.0,DUPLICATE
86,386,Return the library books by Thursday,Return the library books by Thursday,task,task,2026-04-08,2026-07-28,1.0,DUPLICATE
86,449,Return the library books by Thursday,Return the library books by Thursday,task,task,2026-04-08,2026-02-12,1.0,DUPLICATE
86,456,Return the library books by Thursday,Return the library books by Thursday,task,task,2026-04-08,2026-04-23,1.0,DUPLICATE
86,482,Return the library books by Thursday,Return the library books by Thursday,task,task,2026-04-08,2026-03-18,1.0,DUPLICATE
87,405,User studied at NK Orchid College,User studied at NK Orchid College,fact,fact,2026-04-04,2026-01-31,1.0,DUPLICATE
87,487,User studied at NK Orchid College,User studied at NK Orchid College,fact,fact,2026-04-04,2026-07-21,1.0,DUPLICATE
88,178,User's phone number ends in 4471,User's phone number ends in 4471,fact,fact,2026-05-06,2026-04-09,1.0,DUPLICATE
88,180,User's phone number ends in 4471,User's phone number ends in 4471,fact,fact,2026-05-06,2026-07-09,1.0,DUPLICATE
88,191,User's phone number ends in 4471,User's phone number ends in 4471,fact,fact,2026-05-06,2026-03-04,1.0,DUPLICATE
88,192,User's phone number ends in 4471,User's phone number ends in 4471,fact,fact,2026-05-06,2026-07-02,1.0,DUPLICATE
88,284,User's phone number ends in 4471,User's phone number ends in 4471,fact,fact,2026-05-06,2026-05-11,1.0,DUPLICATE
88,291,User's phone number ends in 4471,User's phone number ends in 4471,fact,fact,2026-05-06,2026-06-25,1.0,DUPLICATE
88,406,User's phone number ends in 4471,User's phone number ends in 4471,fact,fact,2026-05-06,2026-02-22,1.0,DUPLICATE
88,465,User's phone number ends in 4471,User's phone number ends in 4471,fact,fact,2026-05-06,2026-06-29,1.0,DUPLICATE
88,489,User's phone number ends in 4471,User's phone number ends in 4471,fact,fact,2026-05-06,2026-06-25,1.0,DUPLICATE
89,108,User is saving up to buy a house,User wants to buy a house within five years,goal,goal,2026-01-30,2026-03-12,0.722,RELATED
89,109,User is saving up to buy a house,User is saving up to buy a house,goal,goal,2026-01-30,2026-05-25,1.0,DUPLICATE
89,116,User is saving up to buy a house,User wants to buy a house within five years,goal,goal,2026-01-30,2026-06-25,0.722,RELATED
89,119,User is saving up to buy a house,User wants to buy a house within five years,goal,goal,2026-01-30,2026-05-20,0.722,RELATED
89,146,User is saving up to buy a house,User is saving up to buy a house,goal,goal,2026-01-30,2026-04-22,1.0,DUPLICATE
89,159,User is saving up to buy a house,User wants to buy a house within five years,goal,goal,2026-01-30,2026-02-27,0.722,RELATED
89,198,User is saving up to buy a house,User wants to buy a house within five years,goal,goal,2026-01-30,2026-04-23,0.722,RELATED
89,221,User is saving up to buy a house,User wants to buy a house within five years,goal,goal,2026-01-30,2026-04-18,0.722,RELATED
89,227,User is saving up to buy a house,User is saving up to buy a house,goal,goal,2026-01-30,2026-04-08,1.0,DUPLICATE
89,257,User is saving up to buy a house,User wants to buy a house within five years,goal,goal,2026-01-30,2026-04-26,0.722,RELATED
89,260,User is saving up to buy a house,User is saving up to buy a house,goal,goal,2026-01-30,2026-05-03,1.0,DUPLICATE
89,267,User is saving up to buy a house,User is saving up to buy a house,goal,goal,2026-01-30,2026-03-27,1.0,DUPLICATE
89,283,User is saving up to buy a house,User is saving up to buy a house,goal,goal,2026-01-30,2026-03-04,1.0,DUPLICATE
89,326,User is saving up to buy a house,User is saving up to buy a house,goal,goal,2026-01-30,2026-07-04,1.0,DUPLICATE
89,373,User is saving up to buy a house,User wants to buy a house within five years,goal,goal,2026-01-30,2026-07-18,0.722,RELATED
89,492,User is saving up to buy a house,User wants to buy a house within five years,goal,goal,2026-01-30,2026-02-13,0.722,RELATED
89,498,User is saving up to buy a house,User wants to buy a house within five years,goal,goal,2026-01-30,2026-05-13,0.722,RELATED
89,512,User is saving up to buy a house,User wants to buy a house within five years,goal,goal,2026-01-30,2026-05-13,0.722,RELATED
89,513,User is saving up to buy a house,User bought a house,goal,fact,2026-01-30,2026-06-08,0.748,EVOLVING
89,518,User is saving up to buy a house,User is saving up to buy a house,goal,goal,2026-01-30,2026-04-12,1.0,DUPLICATE
89,519,User is saving up to buy a house,User bought a house,goal,fact,2026-01-30,2026-05-28,0.748,EVOLVING
90,111,Return the library books by Thursday,Return the library books by Thursday,task,task,2026-03-08,2026-05-18,1.0,DUPLICATE
90,113,Return the library books by Thursday,Return the library books by Thursday,task,task,2026-03-08,2026-05-16,1.0,DUPLICATE
90,137,Return the library books by Thursday,Return the library books by Thursday,task,task,2026-03-08,2026-07-01,1.0,DUPLICATE
90,188,Return the library books by Thursday,Return the library books by Thursday,task,task,2026-03-08,2026-02-17,1.0,DUPLICATE
90,223,Return the library books by Thursday,Return the library books by Thursday,task,task,2026-03-08,2026-04-21,1.0,DUPLICATE
90,239,Return the library books by Thursday,Return the library books by Thursday,task,task,2026-03-08,2026-02-04,1.0,DUPLICATE
90,265,Return the library books by Thursday,Return the library books by Thursday,task,task,2026-03-08,2026-07-13,1.0,DUPLICATE
90,317,Return the library books by Thursday,Return the library books by Thursday,task,task,2026-03-08,2026-06-15,1.0,DUPLICATE
90,370,Return the library books by Thursday,Return the library books by Thursday,task,task,2026-03-08,2026-06-16,1.0,DUPLICATE
90,380,Return the library books by Thursday,Return the library books by Thursday,task,task,2026-03-08,2026-06-22,1.0,DUPLICATE
90,386,Return the library books by Thursday,Return the library books by Thursday,task,task,2026-03-08,2026-07-28,1.0,DUPLICATE
90,449,Return the library books by Thursday,Return the library books by Thursday,task,task,2026-03-08,2026-02-12,1.0,DUPLICATE
90,456,Return the library books by Thursday,Return the library books by Thursday,task,task,2026-03-08,2026-04-23,1.0,DUPLICATE
90,482,Return the library books by Thursday,Return the library books by Thursday,task,task,2026-03-08,2026-03-18,1.0,DUPLICATE
91,172,User lives in Solapur,User lives in Solapur,fact,fact,2026-05-14,2026-03-15,1.0,DUPLICATE
91,356,User lives in Solapur,User lives in Solapur,fact,fact,2026-05-14,2026-06-22,1.0,DUPLICATE
91,427,User lives in Solapur,User lives in Solapur,fact,fact,2026-05-14,2026-06-18,1.0,DUPLICATE
91,474,User lives in Solapur,User lives in Solapur,fact,fact,2026-05-14,2026-04-20,1.0,DUPLICATE
92,189,User wants to switch careers into AI,User wants to switch careers into AI,goal,goal,2026-03-09,2026-04-04,1.0,DUPLICATE
92,422,User wants to switch careers into AI,User wants to switch careers into AI,goal,goal,2026-03-09,2026-07-07,1.0,DUPLICATE
92,454,User wants to switch careers into AI,User wants to switch careers into AI,goal,goal,2026-03-09,2026-07-26,1.0,DUPLICATE
93,142,User wants to lose 5 kg,User wants to lose 5 kg,goal,goal,2026-04-03,2026-06-25,1.0,DUPLICATE
93,173,User wants to lose 5 kg,User wants to lose 5 kg,goal,goal,2026-04-03,2026-05-06,1.0,DUPLICATE
93,273,User wants to lose 5 kg,User wants to lose 5 kg,goal,goal,2026-04-03,2026-03-30,1.0,DUPLICATE
93,285,User wants to lose 5 kg,User wants to lose 5 kg,goal,goal,2026-04-03,2026-06-28,1.0,DUPLICATE
93,292,User wants to lose 5 kg,User wants to lose 5 kg,goal,goal,2026-04-03,2026-07-23,1.0,DUPLICATE
93,362,User wants to lose 5 kg,User wants to lose 5 kg,goal,goal,2026-04-03,2026-07-12,1.0,DUPLICATE
93,417,User wants to lose 5 kg,User wants to lose 5 kg,goal,goal,2026-04-03,2026-02-19,1.0,DUPLICATE
93,490,User wants to lose 5 kg,User wants to lose 5 kg,goal,goal,2026-04-03,2026-02-14,1.0,DUPLICATE
93,499,User wants to lose 5 kg,User wants to lose 5 kg,goal,goal,2026-04-03,2026-03-07,1.0,DUPLICATE
94,96,User is learning Spanish,User wants to learn Spanish,goal,goal,2026-03-13,2026-03-14,0.919,NEAR_DUPLICATE
94,104,User is learning Spanish,User wants to learn Spanish,goal,goal,2026-03-13,2026-05-30,0.919,NEAR_DUPLICATE
94,138,User is learning Spanish,User wants to learn Spanish,goal,goal,2026-03-13,2026-02-10,0.919,NEAR_DUPLICATE
94,152,User is learning Spanish,User is learning Spanish,goal,goal,2026-03-13,2026-02-03,1.0,DUPLICATE
94,181,User is learning Spanish,User is learning Spanish,goal,goal,2026-03-13,2026-04-16,1.0,DUPLICATE
94,182,User is learning Spanish,User is learning Spanish,goal,goal,2026-03-13,2026-04-08,1.0,DUPLICATE
94,216,User is learning Spanish,User is learning Spanish,goal,goal,2026-03-13,2026-03-16,1.0,DUPLICATE
94,270,User is learning Spanish,User wants to learn Spanish,goal,goal,2026-03-13,2026-05-16,0.919,NEAR_DUPLICATE
94,331,User is learning Spanish,User wants to learn Spanish,goal,goal,2026-03-13,2026-07-03,0.919,NEAR_DUPLICATE
94,358,User is learning Spanish,User wants to learn Spanish,goal,goal,2026-03-13,2026-06-29,0.919,NEAR_DUPLICATE
94,420,User is learning Spanish,User is learning Spanish,goal,goal,2026-03-13,2026-06-06,1.0,DUPLICATE
94,439,User is learning Spanish,User wants to learn Spanish,goal,goal,2026-03-13,2026-03-30,0.919,NEAR_DUPLICATE
94,458,User is learning Spanish,User wants to learn Spanish,goal,goal,2026-03-13,2026-05-08,0.919,NEAR_DUPLICATE
94,510,User is learning Spanish,User is learning Spanish,goal,goal,2026-03-13,2026-05-09,1.0,DUPLICATE
94,511,User is learning Spanish,User is now fluent in Spanish,goal,fact,2026-03-13,2026-06-18,0.786,EVOLVING
95,117,User visited the doctor last month,User visited the doctor last month,event,event,2026-03-16,2026-05-28,1.0,DUPLICATE
95,123,User visited the doctor last month,User visited the doctor last month,event,event,2026-03-16,2026-03-11,1.0,DUPLICATE
95,179,User visited the doctor last month,User visited the doctor last month,event,event,2026-03-16,2026-02-07,1.0,DUPLICATE
95,196,User visited the doctor last month,User visited the doctor last month,event,event,2026-03-16,2026-06-20,1.0,DUPLICATE
95,228,User visited the doctor last month,User visited the doctor last month,event,event,2026-03-16,2026-02-05,1.0,DUPLICATE
95,287,User visited the doctor last month,User visited the doctor last month,event,event,2026-03-16,2026-02-08,1.0,DUPLICATE
95,316,User visited the doctor last month,User visited the doctor last month,event,event,2026-03-16,2026-05-27,1.0,DUPLICATE
95,338,User visited the doctor last month,User visited the doctor last month,event,event,2026-03-16,2026-05-06,1.0,DUPLICATE
95,408,User visited the doctor last month,User visited the doctor last month,event,event,2026-03-16,2026-05-23,1.0,DUPLICATE
95,450,User visited the doctor last month,User visited the doctor last month,event,event,2026-03-16,2026-04-28,1.0,DUPLICATE
95,463,User visited the doctor last month,User visited the doctor last month,event,event,2026-03-16,2026-03-25,1.0,DUPLICATE
95,497,User visited the doctor last month,User visited the doctor last month,event,event,2026-03-16,2026-06-10,1.0,DUPLICATE
96,104,User wants to learn Spanish,User wants to learn Spanish,goal,goal,2026-03-14,2026-05-30,1.0,DUPLICATE
96,138,User wants to learn Spanish,User wants to learn Spanish,goal,goal,2026-03-14,2026-02-10,1.0,DUPLICATE
96,152,User wants to learn Spanish,User is learning Spanish,goal,goal,2026-03-14,2026-02-03,0.919,NEAR_DUPLICATE
96,181,User wants to learn Spanish,User is learning Spanish,goal,goal,2026-03-14,2026-04-16,0.919,NEAR_DUPLICATE
96,182,User wants to learn Spanish,User is learning Spanish,goal,goal,2026-03-14,2026-04-08,0.919,NEAR_DUPLICATE
96,216,User wants to learn Spanish,User is learning Spanish,goal,goal,2026-03-14,2026-03-16,0.919,NEAR_DUPLICATE
96,270,User wants to learn Spanish,User wants to learn Spanish,goal,goal,2026-03-14,2026-05-16,1.0,DUPLICATE
96,331,User wants to learn Spanish,User wants to learn Spanish,goal,goal,2026-03-14,2026-07-03,1.0,DUPLICATE
96,358,User wants to learn Spanish,User wants to learn Spanish,goal,goal,2026-03-14,2026-06-29,1.0,DUPLICATE
96,420,User wants to learn Spanish,User is learning Spanish,goal,goal,2026-03-14,2026-06-06,0.919,NEAR_DUPLICATE
96,439,User wants to learn Spanish,User wants to learn Spanish,goal,goal,2026-03-14,2026-03-30,1.0,DUPLICATE
96,458,User wants to learn Spanish,User wants to learn Spanish,goal,goal,2026-03-14,2026-05-08,1.0,DUPLICATE
96,510,User wants to learn Spanish,User is learning Spanish,goal,goal,2026-03-14,2026-05-09,0.919,NEAR_DUPLICATE
96,511,User wants to learn Spanish,User is now fluent in Spanish,goal,fact,2026-03-14,2026-06-18,0.74,EVOLVING
97,141,User likes detailed explanations,User likes detailed explanations,preference,preference,2026-03-25,2026-07-04,1.0,DUPLICATE
97,219,User likes detailed explanations,User likes detailed explanations,preference,preference,2026-03-25,2026-04-01,1.0,DUPLICATE
97,352,User likes detailed explanations,User likes detailed explanations,preference,preference,2026-03-25,2026-02-22,1.0,DUPLICATE
97,393,User likes detailed explanations,User likes detailed explanations,preference,preference,2026-03-25,2026-02-05,1.0,DUPLICATE
97,435,User likes detailed explanations,User likes detailed explanations,preference,preference,2026-03-25,2026-05-14,1.0,DUPLICATE
97,473,User likes detailed explanations,User likes detailed explanations,preference,preference,2026-03-25,2026-06-21,1.0,DUPLICATE
98,387,User wants to get better at DSA,User wants to get better at DSA,goal,goal,2026-07-15,2026-05-19,1.0,DUPLICATE
99,190,User is left-handed,User is left-handed,fact,fact,2026-02-17,2026-02-26,1.0,DUPLICATE
99,262,User is left-handed,User is left-handed,fact,fact,2026-02-17,2026-03-29,1.0,DUPLICATE
99,423,User is left-handed,User is left-handed,fact,fact,2026-02-17,2026-03-05,1.0,DUPLICATE
99,431,User is left-handed,User is left-handed,fact,fact,2026-02-17,2026-02-28,1.0,DUPLICATE
100,115,User owns a dog named Max,User owns a dog named Max,fact,fact,2026-06-28,2026-03-18,1.0,DUPLICATE
100,118,User owns a dog named Max,User owns a dog named Max,fact,fact,2026-06-28,2026-06-29,1.0,DUPLICATE
100,177,User owns a dog named Max,User owns a dog named Max,fact,fact,2026-06-28,2026-05-12,1.0,DUPLICATE
100,193,User owns a dog named Max,User owns a dog named Max,fact,fact,2026-06-28,2026-04-07,1.0,DUPLICATE
100,264,User owns a dog named Max,User owns a dog named Max,fact,fact,2026-06-28,2026-07-24,1.0,DUPLICATE
100,300,User owns a dog named Max,User owns a dog named Max,fact,fact,2026-06-28,2026-06-06,1.0,DUPLICATE
100,301,User owns a dog named Max,User owns a dog named Max,fact,fact,2026-06-28,2026-07-17,1.0,DUPLICATE
100,412,User owns a dog named Max,User owns a dog named Max,fact,fact,2026-06-28,2026-03-20,1.0,DUPLICATE
100,484,User owns a dog named Max,User owns a dog named Max,fact,fact,2026-06-28,2026-07-20,1.0,DUPLICATE
101,135,Call the dentist to reschedule appointment,Call the dentist to reschedule appointment,task,task,2026-02-28,2026-02-05,1.0,DUPLICATE
101,144,Call the dentist to reschedule appointment,Call the dentist to reschedule appointment,task,task,2026-02-28,2026-05-03,1.0,DUPLICATE
101,151,Call the dentist to reschedule appointment,Call the dentist to reschedule appointment,task,task,2026-02-28,2026-07-20,1.0,DUPLICATE
101,175,Call the dentist to reschedule appointment,Call the dentist to reschedule appointment,task,task,2026-02-28,2026-06-03,1.0,DUPLICATE
101,204,Call the dentist to reschedule appointment,Call the dentist to reschedule appointment,task,task,2026-02-28,2026-04-05,1.0,DUPLICATE
101,246,Call the dentist to reschedule appointment,Call the dentist to reschedule appointment,task,task,2026-02-28,2026-04-03,1.0,DUPLICATE
101,253,Call the dentist to reschedule appointment,Call the dentist to reschedule appointment,task,task,2026-02-28,2026-03-13,1.0,DUPLICATE
101,438,Call the dentist to reschedule appointment,Call the dentist to reschedule appointment,task,task,2026-02-28,2026-06-12,1.0,DUPLICATE
101,444,Call the dentist to reschedule appointment,Call the dentist to reschedule appointment,task,task,2026-02-28,2026-06-14,1.0,DUPLICATE
101,477,Call the dentist to reschedule appointment,Call the dentist to reschedule appointment,task,task,2026-02-28,2026-04-21,1.0,DUPLICATE
102,114,User has a cat named Whiskers,User has a cat named Whiskers,fact,fact,2026-06-05,2026-04-16,1.0,DUPLICATE
102,154,User has a cat named Whiskers,User has a cat named Whiskers,fact,fact,2026-06-05,2026-05-04,1.0,DUPLICATE
102,218,User has a cat named Whiskers,User has a cat named Whiskers,fact,fact,2026-06-05,2026-03-02,1.0,DUPLICATE
102,375,User has a cat named Whiskers,User has a cat named Whiskers,fact,fact,2026-06-05,2026-05-29,1.0,DUPLICATE
102,383,User has a cat named Whiskers,User has a cat named Whiskers,fact,fact,2026-06-05,2026-03-14,1.0,DUPLICATE
102,402,User has a cat named Whiskers,User has a cat named Whiskers,fact,fact,2026-06-05,2026-04-18,1.0,DUPLICATE
102,409,User has a cat named Whiskers,User has a cat named Whiskers,fact,fact,2026-06-05,2026-07-21,1.0,DUPLICATE
102,441,User has a cat named Whiskers,User has a cat named Whiskers,fact,fact,2026-06-05,2026-06-02,1.0,DUPLICATE
103,143,User dislikes spicy food,User dislikes spicy food,preference,preference,2026-07-09,2026-04-26,1.0,DUPLICATE
103,167,User dislikes spicy food,User dislikes spicy food,preference,preference,2026-07-09,2026-07-13,1.0,DUPLICATE
103,212,User dislikes spicy food,User dislikes spicy food,preference,preference,2026-07-09,2026-02-23,1.0,DUPLICATE
103,312,User dislikes spicy food,User dislikes spicy food,preference,preference,2026-07-09,2026-05-07,1.0,DUPLICATE
103,359,User dislikes spicy food,User dislikes spicy food,preference,preference,2026-07-09,2026-06-14,1.0,DUPLICATE
103,371,User dislikes spicy food,User dislikes spicy food,preference,preference,2026-07-09,2026-05-16,1.0,DUPLICATE
103,504,User dislikes spicy food,User dislikes spicy food,preference,preference,2026-07-09,2026-06-25,1.0,DUPLICATE
103,505,User dislikes spicy food,User loves spicy food,preference,preference,2026-07-09,2026-07-11,0.872,CONFLICT
104,138,User wants to learn Spanish,User wants to learn Spanish,goal,goal,2026-05-30,2026-02-10,1.0,DUPLICATE
104,152,User wants to learn Spanish,User is learning Spanish,goal,goal,2026-05-30,2026-02-03,0.919,NEAR_DUPLICATE
104,181,User wants to learn Spanish,User is learning Spanish,goal,goal,2026-05-30,2026-04-16,0.919,NEAR_DUPLICATE
104,182,User wants to learn Spanish,User is learning Spanish,goal,goal,2026-05-30,2026-04-08,0.919,NEAR_DUPLICATE
104,216,User wants to learn Spanish,User is learning Spanish,goal,goal,2026-05-30,2026-03-16,0.919,NEAR_DUPLICATE
104,270,User wants to learn Spanish,User wants to learn Spanish,goal,goal,2026-05-30,2026-05-16,1.0,DUPLICATE
104,331,User wants to learn Spanish,User wants to learn Spanish,goal,goal,2026-05-30,2026-07-03,1.0,DUPLICATE
104,358,User wants to learn Spanish,User wants to learn Spanish,goal,goal,2026-05-30,2026-06-29,1.0,DUPLICATE
104,420,User wants to learn Spanish,User is learning Spanish,goal,goal,2026-05-30,2026-06-06,0.919,NEAR_DUPLICATE
104,439,User wants to learn Spanish,User wants to learn Spanish,goal,goal,2026-05-30,2026-03-30,1.0,DUPLICATE
104,458,User wants to learn Spanish,User wants to learn Spanish,goal,goal,2026-05-30,2026-05-08,1.0,DUPLICATE
104,510,User wants to learn Spanish,User is learning Spanish,goal,goal,2026-05-30,2026-05-09,0.919,NEAR_DUPLICATE
104,511,User wants to learn Spanish,User is now fluent in Spanish,goal,fact,2026-05-30,2026-06-18,0.74,EVOLVING
105,106,User prefers email over calls,User prefers email over calls,preference,preference,2026-02-18,2026-06-22,1.0,DUPLICATE
105,324,User prefers email over calls,User prefers email over calls,preference,preference,2026-02-18,2026-02-03,1.0,DUPLICATE
105,374,User prefers email over calls,User prefers email over calls,preference,preference,2026-02-18,2026-07-20,1.0,DUPLICATE
106,324,User prefers email over calls,User prefers email over calls,preference,preference,2026-06-22,2026-02-03,1.0,DUPLICATE
106,374,User prefers email over calls,User prefers email over calls,preference,preference,2026-06-22,2026-07-20,1.0,DUPLICATE
107,126,User went on a trip to Goa,User went on a trip to Goa,event,event,2026-04-07,2026-07-03,1.0,DUPLICATE
107,136,User went on a trip to Goa,User went on a trip to Goa,event,event,2026-04-07,2026-02-15,1.0,DUPLICATE
107,160,User went on a trip to Goa,User went on a trip to Goa,event,event,2026-04-07,2026-04-02,1.0,DUPLICATE
107,215,User went on a trip to Goa,User went on a trip to Goa,event,event,2026-04-07,2026-05-28,1.0,DUPLICATE
107,224,User went on a trip to Goa,User went on a trip to Goa,event,event,2026-04-07,2026-07-07,1.0,DUPLICATE
107,225,User went on a trip to Goa,User went on a trip to Goa,event,event,2026-04-07,2026-05-07,1.0,DUPLICATE
107,235,User went on a trip to Goa,User went on a trip to Goa,event,event,2026-04-07,2026-05-13,1.0,DUPLICATE
107,242,User went on a trip to Goa,User went on a trip to Goa,event,event,2026-04-07,2026-06-26,1.0,DUPLICATE
107,255,User went on a trip to Goa,User went on a trip to Goa,event,event,2026-04-07,2026-07-10,1.0,DUPLICATE
107,330,User went on a trip to Goa,User went on a trip to Goa,event,event,2026-04-07,2026-04-21,1.0,DUPLICATE
107,419,User went on a trip to Goa,User went on a trip to Goa,event,event,2026-04-07,2026-02-16,1.0,DUPLICATE
107,462,User went on a trip to Goa,User went on a trip to Goa,event,event,2026-04-07,2026-02-09,1.0,DUPLICATE
108,109,User wants to buy a house within five years,User is saving up to buy a house,goal,goal,2026-03-12,2026-05-25,0.722,RELATED
108,116,User wants to buy a house within five years,User wants to buy a house within five years,goal,goal,2026-03-12,2026-06-25,1.0,DUPLICATE
108,119,User wants to buy a house within five years,User wants to buy a house within five years,goal,goal,2026-03-12,2026-05-20,1.0,DUPLICATE
108,146,User wants to buy a house within five years,User is saving up to buy a house,goal,goal,2026-03-12,2026-04-22,0.722,RELATED
108,159,User wants to buy a house within five years,User wants to buy a house within five years,goal,goal,2026-03-12,2026-02-27,1.0,DUPLICATE
108,198,User wants to buy a house within five years,User wants to buy a house within five years,goal,goal,2026-03-12,2026-04-23,1.0,DUPLICATE
108,221,User wants to buy a house within five years,User wants to buy a house within five years,goal,goal,2026-03-12,2026-04-18,1.0,DUPLICATE
108,227,User wants to buy a house within five years,User is saving up to buy a house,goal,goal,2026-03-12,2026-04-08,0.722,RELATED
108,257,User wants to buy a house within five years,User wants to buy a house within five years,goal,goal,2026-03-12,2026-04-26,1.0,DUPLICATE
108,260,User wants to buy a house within five years,User is saving up to buy a house,goal,goal,2026-03-12,2026-05-03,0.722,RELATED
108,267,User wants to buy a house within five years,User is saving up to buy a house,goal,goal,2026-03-12,2026-03-27,0.722,RELATED
108,283,User wants to buy a house within five years,User is saving up to buy a house,goal,goal,2026-03-12,2026-03-04,0.722,RELATED
108,326,User wants to buy a house within five years,User is saving up to buy a house,goal,goal,2026-03-12,2026-07-04,0.722,RELATED
108,373,User wants to buy a house within five years,User wants to buy a house within five years,goal,goal,2026-03-12,2026-07-18,1.0,DUPLICATE
108,492,User wants to buy a house within five years,User wants to buy a house within five years,goal,goal,2026-03-12,2026-02-13,1.0,DUPLICATE
108,498,User wants to buy a house within five years,User wants to buy a house within five years,goal,goal,2026-03-12,2026-05-13,1.0,DUPLICATE
108,512,User wants to buy a house within five years,User wants to buy a house within five years,goal,goal,2026-03-12,2026-05-13,1.0,DUPLICATE
108,513,User wants to buy a house within five years,User bought a house,goal,fact,2026-03-12,2026-06-08,0.706,EVOLVING
108,518,User wants to buy a house within five years,User is saving up to buy a house,goal,goal,2026-03-12,2026-04-12,0.722,RELATED
108,519,User wants to buy a house within five years,User bought a house,goal,fact,2026-03-12,2026-05-28,0.706,EVOLVING
109,116,User is saving up to buy a house,User wants to buy a house within five years,goal,goal,2026-05-25,2026-06-25,0.722,RELATED
109,119,User is saving up to buy a house,User wants to buy a house within five years,goal,goal,2026-05-25,2026-05-20,0.722,RELATED
109,146,User is saving up to buy a house,User is saving up to buy a house,goal,goal,2026-05-25,2026-04-22,1.0,DUPLICATE
109,159,User is saving up to buy a house,User wants to buy a house within five years,goal,goal,2026-05-25,2026-02-27,0.722,RELATED
109,198,User is saving up to buy a house,User wants to buy a house within five years,goal,goal,2026-05-25,2026-04-23,0.722,RELATED
109,221,User is saving up to buy a house,User wants to buy a house within five years,goal,goal,2026-05-25,2026-04-18,0.722,RELATED
109,227,User is saving up to buy a house,User is saving up to buy a house,goal,goal,2026-05-25,2026-04-08,1.0,DUPLICATE
109,257,User is saving up to buy a house,User wants to buy a house within five years,goal,goal,2026-05-25,2026-04-26,0.722,RELATED
109,260,User is saving up to buy a house,User is saving up to buy a house,goal,goal,2026-05-25,2026-05-03,1.0,DUPLICATE
109,267,User is saving up to buy a house,User is saving up to buy a house,goal,goal,2026-05-25,2026-03-27,1.0,DUPLICATE
109,283,User is saving up to buy a house,User is saving up to buy a house,goal,goal,2026-05-25,2026-03-04,1.0,DUPLICATE
109,326,User is saving up to buy a house,User is saving up to buy a house,goal,goal,2026-05-25,2026-07-04,1.0,DUPLICATE
109,373,User is saving up to buy a house,User wants to buy a house within five years,goal,goal,2026-05-25,2026-07-18,0.722,RELATED
109,492,User is saving up to buy a house,User wants to buy a house within five years,goal,goal,2026-05-25,2026-02-13,0.722,RELATED
109,498,User is saving up to buy a house,User wants to buy a house within five years,goal,goal,2026-05-25,2026-05-13,0.722,RELATED
109,512,User is saving up to buy a house,User wants to buy a house within five years,goal,goal,2026-05-25,2026-05-13,0.722,RELATED
109,513,User is saving up to buy a house,User bought a house,goal,fact,2026-05-25,2026-06-08,0.748,EVOLVING
109,518,User is saving up to buy a house,User is saving up to buy a house,goal,goal,2026-05-25,2026-04-12,1.0,DUPLICATE
109,519,User is saving up to buy a house,User bought a house,goal,fact,2026-05-25,2026-05-28,0.748,EVOLVING
110,147,User celebrated their birthday recently,User celebrated their birthday recently,event,event,2026-07-23,2026-05-06,1.0,DUPLICATE
110,157,User celebrated their birthday recently,User's birthday is in March,event,fact,2026-07-23,2026-07-25,0.831,RELATED
110,158,User celebrated their birthday recently,User's birthday is in March,event,fact,2026-07-23,2026-04-12,0.831,RELATED
110,186,User celebrated their birthday recently,User's birthday is in March,event,fact,2026-07-23,2026-02-18,0.831,RELATED
110,206,User celebrated their birthday recently,User celebrated their birthday recently,event,event,2026-07-23,2026-04-12,1.0,DUPLICATE
110,214,User celebrated their birthday recently,User celebrated their birthday recently,event,event,2026-07-23,2026-07-24,1.0,DUPLICATE
110,289,User celebrated their birthday recently,User celebrated their birthday recently,event,event,2026-07-23,2026-06-07,1.0,DUPLICATE
110,302,User celebrated their birthday recently,User's birthday is in March,event,fact,2026-07-23,2026-03-22,0.831,RELATED
110,337,User celebrated their birthday recently,User celebrated their birthday recently,event,event,2026-07-23,2026-04-15,1.0,DUPLICATE
110,351,User celebrated their birthday recently,User celebrated their birthday recently,event,event,2026-07-23,2026-02-15,1.0,DUPLICATE
110,365,User celebrated their birthday recently,User celebrated their birthday recently,event,event,2026-07-23,2026-07-07,1.0,DUPLICATE
110,372,User celebrated their birthday recently,User celebrated their birthday recently,event,event,2026-07-23,2026-06-30,1.0,DUPLICATE
110,377,User celebrated their birthday recently,User celebrated their birthday recently,event,event,2026-07-23,2026-06-15,1.0,DUPLICATE
110,398,User celebrated their birthday recently,User celebrated their birthday recently,event,event,2026-07-23,2026-06-10,1.0,DUPLICATE
110,468,User celebrated their birthday recently,User's birthday is in March,event,fact,2026-07-23,2026-01-31,0.831,RELATED
110,471,User celebrated their birthday recently,User celebrated their birthday recently,event,event,2026-07-23,2026-03-18,1.0,DUPLICATE
110,476,User celebrated their birthday recently,User celebrated their birthday recently,event,event,2026-07-23,2026-07-03,1.0,DUPLICATE
111,113,Return the library books by Thursday,Return the library books by Thursday,task,task,2026-05-18,2026-05-16,1.0,DUPLICATE
111,137,Return the library books by Thursday,Return the library books by Thursday,task,task,2026-05-18,2026-07-01,1.0,DUPLICATE
111,188,Return the library books by Thursday,Return the library books by Thursday,task,task,2026-05-18,2026-02-17,1.0,DUPLICATE
111,223,Return the library books by Thursday,Return the library books by Thursday,task,task,2026-05-18,2026-04-21,1.0,DUPLICATE
111,239,Return the library books by Thursday,Return the library books by Thursday,task,task,2026-05-18,2026-02-04,1.0,DUPLICATE
111,265,Return the library books by Thursday,Return the library books by Thursday,task,task,2026-05-18,2026-07-13,1.0,DUPLICATE
111,317,Return the library books by Thursday,Return the library books by Thursday,task,task,2026-05-18,2026-06-15,1.0,DUPLICATE
111,370,Return the library books by Thursday,Return the library books by Thursday,task,task,2026-05-18,2026-06-16,1.0,DUPLICATE
111,380,Return the library books by Thursday,Return the library books by Thursday,task,task,2026-05-18,2026-06-22,1.0,DUPLICATE
111,386,Return the library books by Thursday,Return the library books by Thursday,task,task,2026-05-18,2026-07-28,1.0,DUPLICATE
111,449,Return the library books by Thursday,Return the library books by Thursday,task,task,2026-05-18,2026-02-12,1.0,DUPLICATE
111,456,Return the library books by Thursday,Return the library books by Thursday,task,task,2026-05-18,2026-04-23,1.0,DUPLICATE
111,482,Return the library books by Thursday,Return the library books by Thursday,task,task,2026-05-18,2026-03-18,1.0,DUPLICATE
112,121,Finish reading the assigned book by next week,Finish reading the assigned book by next week,task,task,2026-04-15,2026-03-21,1.0,DUPLICATE
112,129,Finish reading the assigned book by next week,Finish reading the assigned book by next week,task,task,2026-04-15,2026-02-18,1.0,DUPLICATE
112,145,Finish reading the assigned book by next week,Finish reading the assigned book by next week,task,task,2026-04-15,2026-07-05,1.0,DUPLICATE
112,194,Finish reading the assigned book by next week,Finish reading the assigned book by next week,task,task,2026-04-15,2026-02-05,1.0,DUPLICATE
112,207,Finish reading the assigned book by next week,Finish reading the assigned book by next week,task,task,2026-04-15,2026-03-09,1.0,DUPLICATE
112,217,Finish reading the assigned book by next week,Finish reading the assigned book by next week,task,task,2026-04-15,2026-05-25,1.0,DUPLICATE
112,281,Finish reading the assigned book by next week,Finish reading the assigned book by next week,task,task,2026-04-15,2026-07-06,1.0,DUPLICATE
112,295,Finish reading the assigned book by next week,Finish reading the assigned book by next week,task,task,2026-04-15,2026-04-22,1.0,DUPLICATE
112,305,Finish reading the assigned book by next week,Finish reading the assigned book by next week,task,task,2026-04-15,2026-01-31,1.0,DUPLICATE
112,320,Finish reading the assigned book by next week,Finish reading the assigned book by next week,task,task,2026-04-15,2026-07-13,1.0,DUPLICATE
112,336,Finish reading the assigned book by next week,Finish reading the assigned book by next week,task,task,2026-04-15,2026-05-20,1.0,DUPLICATE
112,357,Finish reading the assigned book by next week,Finish reading the assigned book by next week,task,task,2026-04-15,2026-03-29,1.0,DUPLICATE
112,396,Finish reading the assigned book by next week,Finish reading the assigned book by next week,task,task,2026-04-15,2026-06-23,1.0,DUPLICATE
112,481,Finish reading the assigned book by next week,Finish reading the assigned book by next week,task,task,2026-04-15,2026-05-21,1.0,DUPLICATE
113,137,Return the library books by Thursday,Return the library books by Thursday,task,task,2026-05-16,2026-07-01,1.0,DUPLICATE
113,188,Return the library books by Thursday,Return the library books by Thursday,task,task,2026-05-16,2026-02-17,1.0,DUPLICATE
113,223,Return the library books by Thursday,Return the library books by Thursday,task,task,2026-05-16,2026-04-21,1.0,DUPLICATE
113,239,Return the library books by Thursday,Return the library books by Thursday,task,task,2026-05-16,2026-02-04,1.0,DUPLICATE
113,265,Return the library books by Thursday,Return the library books by Thursday,task,task,2026-05-16,2026-07-13,1.0,DUPLICATE
113,317,Return the library books by Thursday,Return the library books by Thursday,task,task,2026-05-16,2026-06-15,1.0,DUPLICATE
113,370,Return the library books by Thursday,Return the library books by Thursday,task,task,2026-05-16,2026-06-16,1.0,DUPLICATE
113,380,Return the library books by Thursday,Return the library books by Thursday,task,task,2026-05-16,2026-06-22,1.0,DUPLICATE
113,386,Return the library books by Thursday,Return the library books by Thursday,task,task,2026-05-16,2026-07-28,1.0,DUPLICATE
113,449,Return the library books by Thursday,Return the library books by Thursday,task,task,2026-05-16,2026-02-12,1.0,DUPLICATE
113,456,Return the library books by Thursday,Return the library books by Thursday,task,task,2026-05-16,2026-04-23,1.0,DUPLICATE
113,482,Return the library books by Thursday,Return the library books by Thursday,task,task,2026-05-16,2026-03-18,1.0,DUPLICATE
114,154,User has a cat named Whiskers,User has a cat named Whiskers,fact,fact,2026-04-16,2026-05-04,1.0,DUPLICATE
114,218,User has a cat named Whiskers,User has a cat named Whiskers,fact,fact,2026-04-16,2026-03-02,1.0,DUPLICATE
114,375,User has a cat named Whiskers,User has a cat named Whiskers,fact,fact,2026-04-16,2026-05-29,1.0,DUPLICATE
114,383,User has a cat named Whiskers,User has a cat named Whiskers,fact,fact,2026-04-16,2026-03-14,1.0,DUPLICATE
114,402,User has a cat named Whiskers,User has a cat named Whiskers,fact,fact,2026-04-16,2026-04-18,1.0,DUPLICATE
114,409,User has a cat named Whiskers,User has a cat named Whiskers,fact,fact,2026-04-16,2026-07-21,1.0,DUPLICATE
114,441,User has a cat named Whiskers,User has a cat named Whiskers,fact,fact,2026-04-16,2026-06-02,1.0,DUPLICATE
115,118,User owns a dog named Max,User owns a dog named Max,fact,fact,2026-03-18,2026-06-29,1.0,DUPLICATE
115,177,User owns a dog named Max,User owns a dog named Max,fact,fact,2026-03-18,2026-05-12,1.0,DUPLICATE
115,193,User owns a dog named Max,User owns a dog named Max,fact,fact,2026-03-18,2026-04-07,1.0,DUPLICATE
115,264,User owns a dog named Max,User owns a dog named Max,fact,fact,2026-03-18,2026-07-24,1.0,DUPLICATE
115,300,User owns a dog named Max,User owns a dog named Max,fact,fact,2026-03-18,2026-06-06,1.0,DUPLICATE
115,301,User owns a dog named Max,User owns a dog named Max,fact,fact,2026-03-18,2026-07-17,1.0,DUPLICATE
115,412,User owns a dog named Max,User owns a dog named Max,fact,fact,2026-03-18,2026-03-20,1.0,DUPLICATE
115,484,User owns a dog named Max,User owns a dog named Max,fact,fact,2026-03-18,2026-07-20,1.0,DUPLICATE
116,119,User wants to buy a house within five years,User wants to buy a house within five years,goal,goal,2026-06-25,2026-05-20,1.0,DUPLICATE
116,146,User wants to buy a house within five years,User is saving up to buy a house,goal,goal,2026-06-25,2026-04-22,0.722,RELATED
116,159,User wants to buy a house within five years,User wants to buy a house within five years,goal,goal,2026-06-25,2026-02-27,1.0,DUPLICATE
116,198,User wants to buy a house within five years,User wants to buy a house within five years,goal,goal,2026-06-25,2026-04-23,1.0,DUPLICATE
116,221,User wants to buy a house within five years,User wants to buy a house within five years,goal,goal,2026-06-25,2026-04-18,1.0,DUPLICATE
116,227,User wants to buy a house within five years,User is saving up to buy a house,goal,goal,2026-06-25,2026-04-08,0.722,RELATED
116,257,User wants to buy a house within five years,User wants to buy a house within five years,goal,goal,2026-06-25,2026-04-26,1.0,DUPLICATE
116,260,User wants to buy a house within five years,User is saving up to buy a house,goal,goal,2026-06-25,2026-05-03,0.722,RELATED
116,267,User wants to buy a house within five years,User is saving up to buy a house,goal,goal,2026-06-25,2026-03-27,0.722,RELATED
116,283,User wants to buy a house within five years,User is saving up to buy a house,goal,goal,2026-06-25,2026-03-04,0.722,RELATED
116,326,User wants to buy a house within five years,User is saving up to buy a house,goal,goal,2026-06-25,2026-07-04,0.722,RELATED
116,373,User wants to buy a house within five years,User wants to buy a house within five years,goal,goal,2026-06-25,2026-07-18,1.0,DUPLICATE
116,492,User wants to buy a house within five years,User wants to buy a house within five years,goal,goal,2026-06-25,2026-02-13,1.0,DUPLICATE
116,498,User wants to buy a house within five years,User wants to buy a house within five years,goal,goal,2026-06-25,2026-05-13,1.0,DUPLICATE
116,512,User wants to buy a house within five years,User wants to buy a house within five years,goal,goal,2026-06-25,2026-05-13,1.0,DUPLICATE
116,513,User wants to buy a house within five years,User bought a house,goal,fact,2026-06-25,2026-06-08,0.706,EVOLVING
116,518,User wants to buy a house within five years,User is saving up to buy a house,goal,goal,2026-06-25,2026-04-12,0.722,RELATED
116,519,User wants to buy a house within five years,User bought a house,goal,fact,2026-06-25,2026-05-28,0.706,EVOLVING
117,123,User visited the doctor last month,User visited the doctor last month,event,event,2026-05-28,2026-03-11,1.0,DUPLICATE
117,179,User visited the doctor last month,User visited the doctor last month,event,event,2026-05-28,2026-02-07,1.0,DUPLICATE
117,196,User visited the doctor last month,User visited the doctor last month,event,event,2026-05-28,2026-06-20,1.0,DUPLICATE
117,228,User visited the doctor last month,User visited the doctor last month,event,event,2026-05-28,2026-02-05,1.0,DUPLICATE
117,287,User visited the doctor last month,User visited the doctor last month,event,event,2026-05-28,2026-02-08,1.0,DUPLICATE
117,316,User visited the doctor last month,User visited the doctor last month,event,event,2026-05-28,2026-05-27,1.0,DUPLICATE
117,338,User visited the doctor last month,User visited the doctor last month,event,event,2026-05-28,2026-05-06,1.0,DUPLICATE
117,408,User visited the doctor last month,User visited the doctor last month,event,event,2026-05-28,2026-05-23,1.0,DUPLICATE
117,450,User visited the doctor last month,User visited the doctor last month,event,event,2026-05-28,2026-04-28,1.0,DUPLICATE
117,463,User visited the doctor last month,User visited the doctor last month,event,event,2026-05-28,2026-03-25,1.0,DUPLICATE
117,497,User visited the doctor last month,User visited the doctor last month,event,event,2026-05-28,2026-06-10,1.0,DUPLICATE
118,177,User owns a dog named Max,User owns a dog named Max,fact,fact,2026-06-29,2026-05-12,1.0,DUPLICATE
118,193,User owns a dog named Max,User owns a dog named Max,fact,fact,2026-06-29,2026-04-07,1.0,DUPLICATE
118,264,User owns a dog named Max,User owns a dog named Max,fact,fact,2026-06-29,2026-07-24,1.0,DUPLICATE
118,300,User owns a dog named Max,User owns a dog named Max,fact,fact,2026-06-29,2026-06-06,1.0,DUPLICATE
118,301,User owns a dog named Max,User owns a dog named Max,fact,fact,2026-06-29,2026-07-17,1.0,DUPLICATE
118,412,User owns a dog named Max,User owns a dog named Max,fact,fact,2026-06-29,2026-03-20,1.0,DUPLICATE
118,484,User owns a dog named Max,User owns a dog named Max,fact,fact,2026-06-29,2026-07-20,1.0,DUPLICATE
119,146,User wants to buy a house within five years,User is saving up to buy a house,goal,goal,2026-05-20,2026-04-22,0.722,RELATED
119,159,User wants to buy a house within five years,User wants to buy a house within five years,goal,goal,2026-05-20,2026-02-27,1.0,DUPLICATE
119,198,User wants to buy a house within five years,User wants to buy a house within five years,goal,goal,2026-05-20,2026-04-23,1.0,DUPLICATE
119,221,User wants to buy a house within five years,User wants to buy a house within five years,goal,goal,2026-05-20,2026-04-18,1.0,DUPLICATE
119,227,User wants to buy a house within five years,User is saving up to buy a house,goal,goal,2026-05-20,2026-04-08,0.722,RELATED
119,257,User wants to buy a house within five years,User wants to buy a house within five years,goal,goal,2026-05-20,2026-04-26,1.0,DUPLICATE
119,260,User wants to buy a house within five years,User is saving up to buy a house,goal,goal,2026-05-20,2026-05-03,0.722,RELATED
119,267,User wants to buy a house within five years,User is saving up to buy a house,goal,goal,2026-05-20,2026-03-27,0.722,RELATED
119,283,User wants to buy a house within five years,User is saving up to buy a house,goal,goal,2026-05-20,2026-03-04,0.722,RELATED
119,326,User wants to buy a house within five years,User is saving up to buy a house,goal,goal,2026-05-20,2026-07-04,0.722,RELATED
119,373,User wants to buy a house within five years,User wants to buy a house within five years,goal,goal,2026-05-20,2026-07-18,1.0,DUPLICATE
119,492,User wants to buy a house within five years,User wants to buy a house within five years,goal,goal,2026-05-20,2026-02-13,1.0,DUPLICATE
119,498,User wants to buy a house within five years,User wants to buy a house within five years,goal,goal,2026-05-20,2026-05-13,1.0,DUPLICATE
119,512,User wants to buy a house within five years,User wants to buy a house within five years,goal,goal,2026-05-20,2026-05-13,1.0,DUPLICATE
119,513,User wants to buy a house within five years,User bought a house,goal,fact,2026-05-20,2026-06-08,0.706,EVOLVING
119,518,User wants to buy a house within five years,User is saving up to buy a house,goal,goal,2026-05-20,2026-04-12,0.722,RELATED
119,519,User wants to buy a house within five years,User bought a house,goal,fact,2026-05-20,2026-05-28,0.706,EVOLVING
120,169,Book flight tickets before price increase,Book flight tickets before price increase,task,task,2026-02-25,2026-07-01,1.0,DUPLICATE
120,233,Book flight tickets before price increase,Book flight tickets before price increase,task,task,2026-02-25,2026-02-22,1.0,DUPLICATE
120,249,Book flight tickets before price increase,Book flight tickets before price increase,task,task,2026-02-25,2026-06-22,1.0,DUPLICATE
120,250,Book flight tickets before price increase,Book flight tickets before price increase,task,task,2026-02-25,2026-06-18,1.0,DUPLICATE
120,252,Book flight tickets before price increase,Book flight tickets before price increase,task,task,2026-02-25,2026-06-03,1.0,DUPLICATE
120,469,Book flight tickets before price increase,Book flight tickets before price increase,task,task,2026-02-25,2026-03-09,1.0,DUPLICATE
120,470,Book flight tickets before price increase,Book flight tickets before price increase,task,task,2026-02-25,2026-03-29,1.0,DUPLICATE
121,129,Finish reading the assigned book by next week,Finish reading the assigned book by next week,task,task,2026-03-21,2026-02-18,1.0,DUPLICATE
121,145,Finish reading the assigned book by next week,Finish reading the assigned book by next week,task,task,2026-03-21,2026-07-05,1.0,DUPLICATE
121,194,Finish reading the assigned book by next week,Finish reading the assigned book by next week,task,task,2026-03-21,2026-02-05,1.0,DUPLICATE
121,207,Finish reading the assigned book by next week,Finish reading the assigned book by next week,task,task,2026-03-21,2026-03-09,1.0,DUPLICATE
121,217,Finish reading the assigned book by next week,Finish reading the assigned book by next week,task,task,2026-03-21,2026-05-25,1.0,DUPLICATE
121,281,Finish reading the assigned book by next week,Finish reading the assigned book by next week,task,task,2026-03-21,2026-07-06,1.0,DUPLICATE
121,295,Finish reading the assigned book by next week,Finish reading the assigned book by next week,task,task,2026-03-21,2026-04-22,1.0,DUPLICATE
121,305,Finish reading the assigned book by next week,Finish reading the assigned book by next week,task,task,2026-03-21,2026-01-31,1.0,DUPLICATE
121,320,Finish reading the assigned book by next week,Finish reading the assigned book by next week,task,task,2026-03-21,2026-07-13,1.0,DUPLICATE
121,336,Finish reading the assigned book by next week,Finish reading the assigned book by next week,task,task,2026-03-21,2026-05-20,1.0,DUPLICATE
121,357,Finish reading the assigned book by next week,Finish reading the assigned book by next week,task,task,2026-03-21,2026-03-29,1.0,DUPLICATE
121,396,Finish reading the assigned book by next week,Finish reading the assigned book by next week,task,task,2026-03-21,2026-06-23,1.0,DUPLICATE
121,481,Finish reading the assigned book by next week,Finish reading the assigned book by next week,task,task,2026-03-21,2026-05-21,1.0,DUPLICATE
122,128,User attended a college hackathon,User attended a college hackathon,event,event,2026-03-25,2026-04-18,1.0,DUPLICATE
122,187,User attended a college hackathon,User attended a college hackathon,event,event,2026-03-25,2026-02-16,1.0,DUPLICATE
122,226,User attended a college hackathon,User attended a college hackathon,event,event,2026-03-25,2026-04-10,1.0,DUPLICATE
122,245,User attended a college hackathon,User attended a college hackathon,event,event,2026-03-25,2026-07-21,1.0,DUPLICATE
122,256,User attended a college hackathon,User attended a college hackathon,event,event,2026-03-25,2026-02-22,1.0,DUPLICATE
122,263,User attended a college hackathon,User attended a college hackathon,event,event,2026-03-25,2026-02-20,1.0,DUPLICATE
122,304,User attended a college hackathon,User attended a college hackathon,event,event,2026-03-25,2026-06-14,1.0,DUPLICATE
122,318,User attended a college hackathon,User attended a college hackathon,event,event,2026-03-25,2026-07-13,1.0,DUPLICATE
122,328,User attended a college hackathon,User attended a college hackathon,event,event,2026-03-25,2026-07-20,1.0,DUPLICATE
122,378,User attended a college hackathon,User attended a college hackathon,event,event,2026-03-25,2026-07-04,1.0,DUPLICATE
122,390,User attended a college hackathon,User attended a college hackathon,event,event,2026-03-25,2026-04-06,1.0,DUPLICATE
122,397,User attended a college hackathon,User attended a college hackathon,event,event,2026-03-25,2026-02-23,1.0,DUPLICATE
122,410,User attended a college hackathon,User attended a college hackathon,event,event,2026-03-25,2026-07-09,1.0,DUPLICATE
122,457,User attended a college hackathon,User attended a college hackathon,event,event,2026-03-25,2026-02-03,1.0,DUPLICATE
123,179,User visited the doctor last month,User visited the doctor last month,event,event,2026-03-11,2026-02-07,1.0,DUPLICATE
123,196,User visited the doctor last month,User visited the doctor last month,event,event,2026-03-11,2026-06-20,1.0,DUPLICATE
123,228,User visited the doctor last month,User visited the doctor last month,event,event,2026-03-11,2026-02-05,1.0,DUPLICATE
123,287,User visited the doctor last month,User visited the doctor last month,event,event,2026-03-11,2026-02-08,1.0,DUPLICATE
123,316,User visited the doctor last month,User visited the doctor last month,event,event,2026-03-11,2026-05-27,1.0,DUPLICATE
123,338,User visited the doctor last month,User visited the doctor last month,event,event,2026-03-11,2026-05-06,1.0,DUPLICATE
123,408,User visited the doctor last month,User visited the doctor last month,event,event,2026-03-11,2026-05-23,1.0,DUPLICATE
123,450,User visited the doctor last month,User visited the doctor last month,event,event,2026-03-11,2026-04-28,1.0,DUPLICATE
123,463,User visited the doctor last month,User visited the doctor last month,event,event,2026-03-11,2026-03-25,1.0,DUPLICATE
123,497,User visited the doctor last month,User visited the doctor last month,event,event,2026-03-11,2026-06-10,1.0,DUPLICATE
124,202,User prefers written instructions over videos,User prefers written instructions over videos,preference,preference,2026-04-21,2026-04-23,1.0,DUPLICATE
125,163,Send the report to manager by end of day,Send the report to manager by end of day,task,task,2026-02-09,2026-07-03,1.0,DUPLICATE
125,238,Send the report to manager by end of day,Send the report to manager by end of day,task,task,2026-02-09,2026-04-15,1.0,DUPLICATE
125,333,Send the report to manager by end of day,Send the report to manager by end of day,task,task,2026-02-09,2026-06-11,1.0,DUPLICATE
125,403,Send the report to manager by end of day,Send the report to manager by end of day,task,task,2026-02-09,2026-07-07,1.0,DUPLICATE
125,485,Send the report to manager by end of day,Send the report to manager by end of day,task,task,2026-02-09,2026-02-16,1.0,DUPLICATE
126,136,User went on a trip to Goa,User went on a trip to Goa,event,event,2026-07-03,2026-02-15,1.0,DUPLICATE
126,160,User went on a trip to Goa,User went on a trip to Goa,event,event,2026-07-03,2026-04-02,1.0,DUPLICATE
126,215,User went on a trip to Goa,User went on a trip to Goa,event,event,2026-07-03,2026-05-28,1.0,DUPLICATE
126,224,User went on a trip to Goa,User went on a trip to Goa,event,event,2026-07-03,2026-07-07,1.0,DUPLICATE
126,225,User went on a trip to Goa,User went on a trip to Goa,event,event,2026-07-03,2026-05-07,1.0,DUPLICATE
126,235,User went on a trip to Goa,User went on a trip to Goa,event,event,2026-07-03,2026-05-13,1.0,DUPLICATE
126,242,User went on a trip to Goa,User went on a trip to Goa,event,event,2026-07-03,2026-06-26,1.0,DUPLICATE
126,255,User went on a trip to Goa,User went on a trip to Goa,event,event,2026-07-03,2026-07-10,1.0,DUPLICATE
126,330,User went on a trip to Goa,User went on a trip to Goa,event,event,2026-07-03,2026-04-21,1.0,DUPLICATE
126,419,User went on a trip to Goa,User went on a trip to Goa,event,event,2026-07-03,2026-02-16,1.0,DUPLICATE
126,462,User went on a trip to Goa,User went on a trip to Goa,event,event,2026-07-03,2026-02-09,1.0,DUPLICATE
127,164,User likes minimalist design,User likes minimalist design,preference,preference,2026-02-11,2026-04-04,1.0,DUPLICATE
127,274,User likes minimalist design,User likes minimalist design,preference,preference,2026-02-11,2026-02-11,1.0,DUPLICATE
127,360,User likes minimalist design,User likes minimalist design,preference,preference,2026-02-11,2026-02-17,1.0,DUPLICATE
127,369,User likes minimalist design,User likes minimalist design,preference,preference,2026-02-11,2026-03-07,1.0,DUPLICATE
128,187,User attended a college hackathon,User attended a college hackathon,event,event,2026-04-18,2026-02-16,1.0,DUPLICATE
128,226,User attended a college hackathon,User attended a college hackathon,event,event,2026-04-18,2026-04-10,1.0,DUPLICATE
128,245,User attended a college hackathon,User attended a college hackathon,event,event,2026-04-18,2026-07-21,1.0,DUPLICATE
128,256,User attended a college hackathon,User attended a college hackathon,event,event,2026-04-18,2026-02-22,1.0,DUPLICATE
128,263,User attended a college hackathon,User attended a college hackathon,event,event,2026-04-18,2026-02-20,1.0,DUPLICATE
128,304,User attended a college hackathon,User attended a college hackathon,event,event,2026-04-18,2026-06-14,1.0,DUPLICATE
128,318,User attended a college hackathon,User attended a college hackathon,event,event,2026-04-18,2026-07-13,1.0,DUPLICATE
128,328,User attended a college hackathon,User attended a college hackathon,event,event,2026-04-18,2026-07-20,1.0,DUPLICATE
128,378,User attended a college hackathon,User attended a college hackathon,event,event,2026-04-18,2026-07-04,1.0,DUPLICATE
128,390,User attended a college hackathon,User attended a college hackathon,event,event,2026-04-18,2026-04-06,1.0,DUPLICATE
128,397,User attended a college hackathon,User attended a college hackathon,event,event,2026-04-18,2026-02-23,1.0,DUPLICATE
128,410,User attended a college hackathon,User attended a college hackathon,event,event,2026-04-18,2026-07-09,1.0,DUPLICATE
128,457,User attended a college hackathon,User attended a college hackathon,event,event,2026-04-18,2026-02-03,1.0,DUPLICATE
129,145,Finish reading the assigned book by next week,Finish reading the assigned book by next week,task,task,2026-02-18,2026-07-05,1.0,DUPLICATE
129,194,Finish reading the assigned book by next week,Finish reading the assigned book by next week,task,task,2026-02-18,2026-02-05,1.0,DUPLICATE
129,207,Finish reading the assigned book by next week,Finish reading the assigned book by next week,task,task,2026-02-18,2026-03-09,1.0,DUPLICATE
129,217,Finish reading the assigned book by next week,Finish reading the assigned book by next week,task,task,2026-02-18,2026-05-25,1.0,DUPLICATE
129,281,Finish reading the assigned book by next week,Finish reading the assigned book by next week,task,task,2026-02-18,2026-07-06,1.0,DUPLICATE
129,295,Finish reading the assigned book by next week,Finish reading the assigned book by next week,task,task,2026-02-18,2026-04-22,1.0,DUPLICATE
129,305,Finish reading the assigned book by next week,Finish reading the assigned book by next week,task,task,2026-02-18,2026-01-31,1.0,DUPLICATE
129,320,Finish reading the assigned book by next week,Finish reading the assigned book by next week,task,task,2026-02-18,2026-07-13,1.0,DUPLICATE
129,336,Finish reading the assigned book by next week,Finish reading the assigned book by next week,task,task,2026-02-18,2026-05-20,1.0,DUPLICATE
129,357,Finish reading the assigned book by next week,Finish reading the assigned book by next week,task,task,2026-02-18,2026-03-29,1.0,DUPLICATE
129,396,Finish reading the assigned book by next week,Finish reading the assigned book by next week,task,task,2026-02-18,2026-06-23,1.0,DUPLICATE
129,481,Finish reading the assigned book by next week,Finish reading the assigned book by next week,task,task,2026-02-18,2026-05-21,1.0,DUPLICATE
130,140,User is preparing for interviews,User is preparing for interviews,goal,goal,2026-07-05,2026-02-16,1.0,DUPLICATE
130,150,User is preparing for interviews,User had a job interview last week,goal,event,2026-07-05,2026-02-28,0.625,RELATED
130,176,User is preparing for interviews,User had a job interview last week,goal,event,2026-07-05,2026-03-16,0.625,RELATED
130,251,User is preparing for interviews,User had a job interview last week,goal,event,2026-07-05,2026-03-23,0.625,RELATED
130,266,User is preparing for interviews,User had a job interview last week,goal,event,2026-07-05,2026-05-09,0.625,RELATED
130,298,User is preparing for interviews,User had a job interview last week,goal,event,2026-07-05,2026-03-14,0.625,RELATED
130,303,User is preparing for interviews,User is preparing for interviews,goal,goal,2026-07-05,2026-05-12,1.0,DUPLICATE
130,306,User is preparing for interviews,User had a job interview last week,goal,event,2026-07-05,2026-05-28,0.625,RELATED
130,308,User is preparing for interviews,User is preparing for interviews,goal,goal,2026-07-05,2026-05-05,1.0,DUPLICATE
130,314,User is preparing for interviews,User is preparing for interviews,goal,goal,2026-07-05,2026-04-25,1.0,DUPLICATE
130,327,User is preparing for interviews,User had a job interview last week,goal,event,2026-07-05,2026-05-20,0.625,RELATED
130,332,User is preparing for interviews,User had a job interview last week,goal,event,2026-07-05,2026-05-06,0.625,RELATED
130,343,User is preparing for interviews,User had a job interview last week,goal,event,2026-07-05,2026-05-05,0.625,RELATED
130,350,User is preparing for interviews,User had a job interview last week,goal,event,2026-07-05,2026-03-14,0.625,RELATED
130,433,User is preparing for interviews,User had a job interview last week,goal,event,2026-07-05,2026-04-18,0.625,RELATED
130,464,User is preparing for interviews,User had a job interview last week,goal,event,2026-07-05,2026-06-07,0.625,RELATED
130,483,User is preparing for interviews,User had a job interview last week,goal,event,2026-07-05,2026-06-24,0.625,RELATED
130,494,User is preparing for interviews,User is preparing for interviews,goal,goal,2026-07-05,2026-06-20,1.0,DUPLICATE
130,495,User is preparing for interviews,User had a job interview last week,goal,event,2026-07-05,2026-02-09,0.625,RELATED
130,514,User is preparing for interviews,User is preparing for interviews,goal,goal,2026-07-05,2026-04-21,1.0,DUPLICATE
130,515,User is preparing for interviews,User got a new job after interviews,goal,fact,2026-07-05,2026-05-24,0.667,EVOLVING
131,208,Renew driving license this month,Renew driving license this month,task,task,2026-02-01,2026-04-08,1.0,DUPLICATE
131,211,Renew driving license this month,Renew driving license this month,task,task,2026-02-01,2026-03-30,1.0,DUPLICATE
131,234,Renew driving license this month,Renew driving license this month,task,task,2026-02-01,2026-04-06,1.0,DUPLICATE
131,237,Renew driving license this month,Renew driving license this month,task,task,2026-02-01,2026-02-22,1.0,DUPLICATE
131,277,Renew driving license this month,Renew driving license this month,task,task,2026-02-01,2026-05-15,1.0,DUPLICATE
131,286,Renew driving license this month,Renew driving license this month,task,task,2026-02-01,2026-04-03,1.0,DUPLICATE
131,322,Renew driving license this month,Renew driving license this month,task,task,2026-02-01,2026-07-01,1.0,DUPLICATE
131,367,Renew driving license this month,Renew driving license this month,task,task,2026-02-01,2026-03-26,1.0,DUPLICATE
131,391,Renew driving license this month,Renew driving license this month,task,task,2026-02-01,2026-03-28,1.0,DUPLICATE
131,413,Renew driving license this month,Renew driving license this month,task,task,2026-02-01,2026-06-13,1.0,DUPLICATE
131,432,Renew driving license this month,Renew driving license this month,task,task,2026-02-01,2026-07-05,1.0,DUPLICATE
131,436,Renew driving license this month,Renew driving license this month,task,task,2026-02-01,2026-04-12,1.0,DUPLICATE
132,171,User wants to run a marathon next year,User wants to run a marathon next year,goal,goal,2026-04-09,2026-07-27,1.0,DUPLICATE
132,222,User wants to run a marathon next year,User wants to run a marathon next year,goal,goal,2026-04-09,2026-07-16,1.0,DUPLICATE
132,248,User wants to run a marathon next year,User plans to run a marathon next year,goal,goal,2026-04-09,2026-06-25,0.935,NEAR_DUPLICATE
132,254,User wants to run a marathon next year,User plans to run a marathon next year,goal,goal,2026-04-09,2026-04-26,0.935,NEAR_DUPLICATE
132,313,User wants to run a marathon next year,User wants to run a marathon next year,goal,goal,2026-04-09,2026-03-19,1.0,DUPLICATE
132,346,User wants to run a marathon next year,User plans to run a marathon next year,goal,goal,2026-04-09,2026-04-26,0.935,NEAR_DUPLICATE
132,416,User wants to run a marathon next year,User wants to run a marathon next year,goal,goal,2026-04-09,2026-07-06,1.0,DUPLICATE
132,424,User wants to run a marathon next year,User wants to run a marathon next year,goal,goal,2026-04-09,2026-04-19,1.0,DUPLICATE
132,478,User wants to run a marathon next year,User plans to run a marathon next year,goal,goal,2026-04-09,2026-06-22,0.935,NEAR_DUPLICATE
132,516,User wants to run a marathon next year,User wants to run a marathon next year,goal,goal,2026-04-09,2026-05-30,1.0,DUPLICATE
132,517,User wants to run a marathon next year,User completed a marathon,goal,fact,2026-04-09,2026-06-20,0.743,EVOLVING
133,236,User prefers Python over Java,User prefers Python over Java,preference,preference,2026-06-14,2026-05-29,1.0,DUPLICATE
133,404,User prefers Python over Java,User prefers Python over Java,preference,preference,2026-06-14,2026-03-13,1.0,DUPLICATE
133,425,User prefers Python over Java,User prefers Python over Java,preference,preference,2026-06-14,2026-03-01,1.0,DUPLICATE
133,434,User prefers Python over Java,User prefers Python over Java,preference,preference,2026-06-14,2026-05-19,1.0,DUPLICATE
133,442,User prefers Python over Java,User prefers Python over Java,preference,preference,2026-06-14,2026-05-29,1.0,DUPLICATE
133,451,User prefers Python over Java,User prefers Python over Java,preference,preference,2026-06-14,2026-07-28,1.0,DUPLICATE
133,506,User prefers Python over Java,User prefers Python over Java,preference,preference,2026-06-14,2026-06-10,1.0,DUPLICATE
133,507,User prefers Python over Java,User prefers Java over Python,preference,preference,2026-06-14,2026-06-24,0.992,DUPLICATE
134,155,User attended a wedding last weekend,User attended a wedding last weekend,event,event,2026-05-30,2026-02-28,1.0,DUPLICATE
134,231,User attended a wedding last weekend,User attended a wedding last weekend,event,event,2026-05-30,2026-03-15,1.0,DUPLICATE
134,240,User attended a wedding last weekend,User attended a wedding last weekend,event,event,2026-05-30,2026-06-25,1.0,DUPLICATE
134,243,User attended a wedding last weekend,User attended a wedding last weekend,event,event,2026-05-30,2026-06-15,1.0,DUPLICATE
134,259,User attended a wedding last weekend,User attended a wedding last weekend,event,event,2026-05-30,2026-05-06,1.0,DUPLICATE
134,296,User attended a wedding last weekend,User attended a wedding last weekend,event,event,2026-05-30,2026-02-11,1.0,DUPLICATE
134,310,User attended a wedding last weekend,User attended a wedding last weekend,event,event,2026-05-30,2026-03-28,1.0,DUPLICATE
134,339,User attended a wedding last weekend,User attended a wedding last weekend,event,event,2026-05-30,2026-03-04,1.0,DUPLICATE
134,344,User attended a wedding last weekend,User attended a wedding last weekend,event,event,2026-05-30,2026-05-13,1.0,DUPLICATE
134,354,User attended a wedding last weekend,User attended a wedding last weekend,event,event,2026-05-30,2026-04-05,1.0,DUPLICATE
134,355,User attended a wedding last weekend,User attended a wedding last weekend,event,event,2026-05-30,2026-05-01,1.0,DUPLICATE
134,361,User attended a wedding last weekend,User attended a wedding last weekend,event,event,2026-05-30,2026-04-04,1.0,DUPLICATE
134,376,User attended a wedding last weekend,User attended a wedding last weekend,event,event,2026-05-30,2026-06-06,1.0,DUPLICATE
134,411,User attended a wedding last weekend,User attended a wedding last weekend,event,event,2026-05-30,2026-04-25,1.0,DUPLICATE
134,452,User attended a wedding last weekend,User attended a wedding last weekend,event,event,2026-05-30,2026-02-15,1.0,DUPLICATE
135,144,Call the dentist to reschedule appointment,Call the dentist to reschedule appointment,task,task,2026-02-05,2026-05-03,1.0,DUPLICATE
135,151,Call the dentist to reschedule appointment,Call the dentist to reschedule appointment,task,task,2026-02-05,2026-07-20,1.0,DUPLICATE
135,175,Call the dentist to reschedule appointment,Call the dentist to reschedule appointment,task,task,2026-02-05,2026-06-03,1.0,DUPLICATE
135,204,Call the dentist to reschedule appointment,Call the dentist to reschedule appointment,task,task,2026-02-05,2026-04-05,1.0,DUPLICATE
135,246,Call the dentist to reschedule appointment,Call the dentist to reschedule appointment,task,task,2026-02-05,2026-04-03,1.0,DUPLICATE
135,253,Call the dentist to reschedule appointment,Call the dentist to reschedule appointment,task,task,2026-02-05,2026-03-13,1.0,DUPLICATE
135,438,Call the dentist to reschedule appointment,Call the dentist to reschedule appointment,task,task,2026-02-05,2026-06-12,1.0,DUPLICATE
135,444,Call the dentist to reschedule appointment,Call the dentist to reschedule appointment,task,task,2026-02-05,2026-06-14,1.0,DUPLICATE
135,477,Call the dentist to reschedule appointment,Call the dentist to reschedule appointment,task,task,2026-02-05,2026-04-21,1.0,DUPLICATE
136,160,User went on a trip to Goa,User went on a trip to Goa,event,event,2026-02-15,2026-04-02,1.0,DUPLICATE
136,215,User went on a trip to Goa,User went on a trip to Goa,event,event,2026-02-15,2026-05-28,1.0,DUPLICATE
136,224,User went on a trip to Goa,User went on a trip to Goa,event,event,2026-02-15,2026-07-07,1.0,DUPLICATE
136,225,User went on a trip to Goa,User went on a trip to Goa,event,event,2026-02-15,2026-05-07,1.0,DUPLICATE
136,235,User went on a trip to Goa,User went on a trip to Goa,event,event,2026-02-15,2026-05-13,1.0,DUPLICATE
136,242,User went on a trip to Goa,User went on a trip to Goa,event,event,2026-02-15,2026-06-26,1.0,DUPLICATE
136,255,User went on a trip to Goa,User went on a trip to Goa,event,event,2026-02-15,2026-07-10,1.0,DUPLICATE
136,330,User went on a trip to Goa,User went on a trip to Goa,event,event,2026-02-15,2026-04-21,1.0,DUPLICATE
136,419,User went on a trip to Goa,User went on a trip to Goa,event,event,2026-02-15,2026-02-16,1.0,DUPLICATE
136,462,User went on a trip to Goa,User went on a trip to Goa,event,event,2026-02-15,2026-02-09,1.0,DUPLICATE
137,188,Return the library books by Thursday,Return the library books by Thursday,task,task,2026-07-01,2026-02-17,1.0,DUPLICATE
137,223,Return the library books by Thursday,Return the library books by Thursday,task,task,2026-07-01,2026-04-21,1.0,DUPLICATE
137,239,Return the library books by Thursday,Return the library books by Thursday,task,task,2026-07-01,2026-02-04,1.0,DUPLICATE
137,265,Return the library books by Thursday,Return the library books by Thursday,task,task,2026-07-01,2026-07-13,1.0,DUPLICATE
137,317,Return the library books by Thursday,Return the library books by Thursday,task,task,2026-07-01,2026-06-15,1.0,DUPLICATE
137,370,Return the library books by Thursday,Return the library books by Thursday,task,task,2026-07-01,2026-06-16,1.0,DUPLICATE
137,380,Return the library books by Thursday,Return the library books by Thursday,task,task,2026-07-01,2026-06-22,1.0,DUPLICATE
137,386,Return the library books by Thursday,Return the library books by Thursday,task,task,2026-07-01,2026-07-28,1.0,DUPLICATE
137,449,Return the library books by Thursday,Return the library books by Thursday,task,task,2026-07-01,2026-02-12,1.0,DUPLICATE
137,456,Return the library books by Thursday,Return the library books by Thursday,task,task,2026-07-01,2026-04-23,1.0,DUPLICATE
137,482,Return the library books by Thursday,Return the library books by Thursday,task,task,2026-07-01,2026-03-18,1.0,DUPLICATE
138,152,User wants to learn Spanish,User is learning Spanish,goal,goal,2026-02-10,2026-02-03,0.919,NEAR_DUPLICATE
138,181,User wants to learn Spanish,User is learning Spanish,goal,goal,2026-02-10,2026-04-16,0.919,NEAR_DUPLICATE
138,182,User wants to learn Spanish,User is learning Spanish,goal,goal,2026-02-10,2026-04-08,0.919,NEAR_DUPLICATE
138,216,User wants to learn Spanish,User is learning Spanish,goal,goal,2026-02-10,2026-03-16,0.919,NEAR_DUPLICATE
138,270,User wants to learn Spanish,User wants to learn Spanish,goal,goal,2026-02-10,2026-05-16,1.0,DUPLICATE
138,331,User wants to learn Spanish,User wants to learn Spanish,goal,goal,2026-02-10,2026-07-03,1.0,DUPLICATE
138,358,User wants to learn Spanish,User wants to learn Spanish,goal,goal,2026-02-10,2026-06-29,1.0,DUPLICATE
138,420,User wants to learn Spanish,User is learning Spanish,goal,goal,2026-02-10,2026-06-06,0.919,NEAR_DUPLICATE
138,439,User wants to learn Spanish,User wants to learn Spanish,goal,goal,2026-02-10,2026-03-30,1.0,DUPLICATE
138,458,User wants to learn Spanish,User wants to learn Spanish,goal,goal,2026-02-10,2026-05-08,1.0,DUPLICATE
138,510,User wants to learn Spanish,User is learning Spanish,goal,goal,2026-02-10,2026-05-09,0.919,NEAR_DUPLICATE
138,511,User wants to learn Spanish,User is now fluent in Spanish,goal,fact,2026-02-10,2026-06-18,0.74,EVOLVING
139,276,User is vegetarian,User is vegetarian,fact,fact,2026-02-23,2026-06-14,1.0,DUPLICATE
139,294,User is vegetarian,User is vegetarian,fact,fact,2026-02-23,2026-03-30,1.0,DUPLICATE
139,508,User is vegetarian,User is vegetarian,fact,fact,2026-02-23,2026-05-24,1.0,DUPLICATE
139,509,User is vegetarian,User eats non-vegetarian food regularly,fact,fact,2026-02-23,2026-06-08,0.813,CONFLICT
140,150,User is preparing for interviews,User had a job interview last week,goal,event,2026-02-16,2026-02-28,0.625,RELATED
140,176,User is preparing for interviews,User had a job interview last week,goal,event,2026-02-16,2026-03-16,0.625,RELATED
140,251,User is preparing for interviews,User had a job interview last week,goal,event,2026-02-16,2026-03-23,0.625,RELATED
140,266,User is preparing for interviews,User had a job interview last week,goal,event,2026-02-16,2026-05-09,0.625,RELATED
140,298,User is preparing for interviews,User had a job interview last week,goal,event,2026-02-16,2026-03-14,0.625,RELATED
140,303,User is preparing for interviews,User is preparing for interviews,goal,goal,2026-02-16,2026-05-12,1.0,DUPLICATE
140,306,User is preparing for interviews,User had a job interview last week,goal,event,2026-02-16,2026-05-28,0.625,RELATED
140,308,User is preparing for interviews,User is preparing for interviews,goal,goal,2026-02-16,2026-05-05,1.0,DUPLICATE
140,314,User is preparing for interviews,User is preparing for interviews,goal,goal,2026-02-16,2026-04-25,1.0,DUPLICATE
140,327,User is preparing for interviews,User had a job interview last week,goal,event,2026-02-16,2026-05-20,0.625,RELATED
140,332,User is preparing for interviews,User had a job interview last week,goal,event,2026-02-16,2026-05-06,0.625,RELATED
140,343,User is preparing for interviews,User had a job interview last week,goal,event,2026-02-16,2026-05-05,0.625,RELATED
140,350,User is preparing for interviews,User had a job interview last week,goal,event,2026-02-16,2026-03-14,0.625,RELATED
140,433,User is preparing for interviews,User had a job interview last week,goal,event,2026-02-16,2026-04-18,0.625,RELATED
140,464,User is preparing for interviews,User had a job interview last week,goal,event,2026-02-16,2026-06-07,0.625,RELATED
140,483,User is preparing for interviews,User had a job interview last week,goal,event,2026-02-16,2026-06-24,0.625,RELATED
140,494,User is preparing for interviews,User is preparing for interviews,goal,goal,2026-02-16,2026-06-20,1.0,DUPLICATE
140,495,User is preparing for interviews,User had a job interview last week,goal,event,2026-02-16,2026-02-09,0.625,RELATED
140,514,User is preparing for interviews,User is preparing for interviews,goal,goal,2026-02-16,2026-04-21,1.0,DUPLICATE
140,515,User is preparing for interviews,User got a new job after interviews,goal,fact,2026-02-16,2026-05-24,0.667,EVOLVING
141,219,User likes detailed explanations,User likes detailed explanations,preference,preference,2026-07-04,2026-04-01,1.0,DUPLICATE
141,352,User likes detailed explanations,User likes detailed explanations,preference,preference,2026-07-04,2026-02-22,1.0,DUPLICATE
141,393,User likes detailed explanations,User likes detailed explanations,preference,preference,2026-07-04,2026-02-05,1.0,DUPLICATE
141,435,User likes detailed explanations,User likes detailed explanations,preference,preference,2026-07-04,2026-05-14,1.0,DUPLICATE
141,473,User likes detailed explanations,User likes detailed explanations,preference,preference,2026-07-04,2026-06-21,1.0,DUPLICATE
142,173,User wants to lose 5 kg,User wants to lose 5 kg,goal,goal,2026-06-25,2026-05-06,1.0,DUPLICATE
142,273,User wants to lose 5 kg,User wants to lose 5 kg,goal,goal,2026-06-25,2026-03-30,1.0,DUPLICATE
142,285,User wants to lose 5 kg,User wants to lose 5 kg,goal,goal,2026-06-25,2026-06-28,1.0,DUPLICATE
142,292,User wants to lose 5 kg,User wants to lose 5 kg,goal,goal,2026-06-25,2026-07-23,1.0,DUPLICATE
142,362,User wants to lose 5 kg,User wants to lose 5 kg,goal,goal,2026-06-25,2026-07-12,1.0,DUPLICATE
142,417,User wants to lose 5 kg,User wants to lose 5 kg,goal,goal,2026-06-25,2026-02-19,1.0,DUPLICATE
142,490,User wants to lose 5 kg,User wants to lose 5 kg,goal,goal,2026-06-25,2026-02-14,1.0,DUPLICATE
142,499,User wants to lose 5 kg,User wants to lose 5 kg,goal,goal,2026-06-25,2026-03-07,1.0,DUPLICATE
143,167,User dislikes spicy food,User dislikes spicy food,preference,preference,2026-04-26,2026-07-13,1.0,DUPLICATE
143,212,User dislikes spicy food,User dislikes spicy food,preference,preference,2026-04-26,2026-02-23,1.0,DUPLICATE
143,312,User dislikes spicy food,User dislikes spicy food,preference,preference,2026-04-26,2026-05-07,1.0,DUPLICATE
143,359,User dislikes spicy food,User dislikes spicy food,preference,preference,2026-04-26,2026-06-14,1.0,DUPLICATE
143,371,User dislikes spicy food,User dislikes spicy food,preference,preference,2026-04-26,2026-05-16,1.0,DUPLICATE
143,504,User dislikes spicy food,User dislikes spicy food,preference,preference,2026-04-26,2026-06-25,1.0,DUPLICATE
143,505,User dislikes spicy food,User loves spicy food,preference,preference,2026-04-26,2026-07-11,0.872,CONFLICT
144,151,Call the dentist to reschedule appointment,Call the dentist to reschedule appointment,task,task,2026-05-03,2026-07-20,1.0,DUPLICATE
144,175,Call the dentist to reschedule appointment,Call the dentist to reschedule appointment,task,task,2026-05-03,2026-06-03,1.0,DUPLICATE
144,204,Call the dentist to reschedule appointment,Call the dentist to reschedule appointment,task,task,2026-05-03,2026-04-05,1.0,DUPLICATE
144,246,Call the dentist to reschedule appointment,Call the dentist to reschedule appointment,task,task,2026-05-03,2026-04-03,1.0,DUPLICATE
144,253,Call the dentist to reschedule appointment,Call the dentist to reschedule appointment,task,task,2026-05-03,2026-03-13,1.0,DUPLICATE
144,438,Call the dentist to reschedule appointment,Call the dentist to reschedule appointment,task,task,2026-05-03,2026-06-12,1.0,DUPLICATE
144,444,Call the dentist to reschedule appointment,Call the dentist to reschedule appointment,task,task,2026-05-03,2026-06-14,1.0,DUPLICATE
144,477,Call the dentist to reschedule appointment,Call the dentist to reschedule appointment,task,task,2026-05-03,2026-04-21,1.0,DUPLICATE
145,194,Finish reading the assigned book by next week,Finish reading the assigned book by next week,task,task,2026-07-05,2026-02-05,1.0,DUPLICATE
145,207,Finish reading the assigned book by next week,Finish reading the assigned book by next week,task,task,2026-07-05,2026-03-09,1.0,DUPLICATE
145,217,Finish reading the assigned book by next week,Finish reading the assigned book by next week,task,task,2026-07-05,2026-05-25,1.0,DUPLICATE
145,281,Finish reading the assigned book by next week,Finish reading the assigned book by next week,task,task,2026-07-05,2026-07-06,1.0,DUPLICATE
145,295,Finish reading the assigned book by next week,Finish reading the assigned book by next week,task,task,2026-07-05,2026-04-22,1.0,DUPLICATE
145,305,Finish reading the assigned book by next week,Finish reading the assigned book by next week,task,task,2026-07-05,2026-01-31,1.0,DUPLICATE
145,320,Finish reading the assigned book by next week,Finish reading the assigned book by next week,task,task,2026-07-05,2026-07-13,1.0,DUPLICATE
145,336,Finish reading the assigned book by next week,Finish reading the assigned book by next week,task,task,2026-07-05,2026-05-20,1.0,DUPLICATE
145,357,Finish reading the assigned book by next week,Finish reading the assigned book by next week,task,task,2026-07-05,2026-03-29,1.0,DUPLICATE
145,396,Finish reading the assigned book by next week,Finish reading the assigned book by next week,task,task,2026-07-05,2026-06-23,1.0,DUPLICATE
145,481,Finish reading the assigned book by next week,Finish reading the assigned book by next week,task,task,2026-07-05,2026-05-21,1.0,DUPLICATE
146,159,User is saving up to buy a house,User wants to buy a house within five years,goal,goal,2026-04-22,2026-02-27,0.722,RELATED
146,198,User is saving up to buy a house,User wants to buy a house within five years,goal,goal,2026-04-22,2026-04-23,0.722,RELATED
146,221,User is saving up to buy a house,User wants to buy a house within five years,goal,goal,2026-04-22,2026-04-18,0.722,RELATED
146,227,User is saving up to buy a house,User is saving up to buy a house,goal,goal,2026-04-22,2026-04-08,1.0,DUPLICATE
146,257,User is saving up to buy a house,User wants to buy a house within five years,goal,goal,2026-04-22,2026-04-26,0.722,RELATED
146,260,User is saving up to buy a house,User is saving up to buy a house,goal,goal,2026-04-22,2026-05-03,1.0,DUPLICATE
146,267,User is saving up to buy a house,User is saving up to buy a house,goal,goal,2026-04-22,2026-03-27,1.0,DUPLICATE
146,283,User is saving up to buy a house,User is saving up to buy a house,goal,goal,2026-04-22,2026-03-04,1.0,DUPLICATE
146,326,User is saving up to buy a house,User is saving up to buy a house,goal,goal,2026-04-22,2026-07-04,1.0,DUPLICATE
146,373,User is saving up to buy a house,User wants to buy a house within five years,goal,goal,2026-04-22,2026-07-18,0.722,RELATED
146,492,User is saving up to buy a house,User wants to buy a house within five years,goal,goal,2026-04-22,2026-02-13,0.722,RELATED
146,498,User is saving up to buy a house,User wants to buy a house within five years,goal,goal,2026-04-22,2026-05-13,0.722,RELATED
146,512,User is saving up to buy a house,User wants to buy a house within five years,goal,goal,2026-04-22,2026-05-13,0.722,RELATED
146,513,User is saving up to buy a house,User bought a house,goal,fact,2026-04-22,2026-06-08,0.748,EVOLVING
146,518,User is saving up to buy a house,User is saving up to buy a house,goal,goal,2026-04-22,2026-04-12,1.0,DUPLICATE
146,519,User is saving up to buy a house,User bought a house,goal,fact,2026-04-22,2026-05-28,0.748,EVOLVING
147,157,User celebrated their birthday recently,User's birthday is in March,event,fact,2026-05-06,2026-07-25,0.831,RELATED
147,158,User celebrated their birthday recently,User's birthday is in March,event,fact,2026-05-06,2026-04-12,0.831,RELATED
147,186,User celebrated their birthday recently,User's birthday is in March,event,fact,2026-05-06,2026-02-18,0.831,RELATED
147,206,User celebrated their birthday recently,User celebrated their birthday recently,event,event,2026-05-06,2026-04-12,1.0,DUPLICATE
147,214,User celebrated their birthday recently,User celebrated their birthday recently,event,event,2026-05-06,2026-07-24,1.0,DUPLICATE
147,289,User celebrated their birthday recently,User celebrated their birthday recently,event,event,2026-05-06,2026-06-07,1.0,DUPLICATE
147,302,User celebrated their birthday recently,User's birthday is in March,event,fact,2026-05-06,2026-03-22,0.831,RELATED
147,337,User celebrated their birthday recently,User celebrated their birthday recently,event,event,2026-05-06,2026-04-15,1.0,DUPLICATE
147,351,User celebrated their birthday recently,User celebrated their birthday recently,event,event,2026-05-06,2026-02-15,1.0,DUPLICATE
147,365,User celebrated their birthday recently,User celebrated their birthday recently,event,event,2026-05-06,2026-07-07,1.0,DUPLICATE
147,372,User celebrated their birthday recently,User celebrated their birthday recently,event,event,2026-05-06,2026-06-30,1.0,DUPLICATE
147,377,User celebrated their birthday recently,User celebrated their birthday recently,event,event,2026-05-06,2026-06-15,1.0,DUPLICATE
147,398,User celebrated their birthday recently,User celebrated their birthday recently,event,event,2026-05-06,2026-06-10,1.0,DUPLICATE
147,468,User celebrated their birthday recently,User's birthday is in March,event,fact,2026-05-06,2026-01-31,0.831,RELATED
147,471,User celebrated their birthday recently,User celebrated their birthday recently,event,event,2026-05-06,2026-03-18,1.0,DUPLICATE
147,476,User celebrated their birthday recently,User celebrated their birthday recently,event,event,2026-05-06,2026-07-03,1.0,DUPLICATE
148,197,User wants to learn guitar,User wants to learn guitar,goal,goal,2026-04-15,2026-01-31,1.0,DUPLICATE
148,363,User wants to learn guitar,User wants to learn guitar,goal,goal,2026-04-15,2026-03-25,1.0,DUPLICATE
149,161,Submit assignment by Monday,Submit assignment by Monday,task,task,2026-07-04,2026-03-25,1.0,DUPLICATE
149,165,Submit assignment by Monday,Submit assignment by Monday,task,task,2026-07-04,2026-05-09,1.0,DUPLICATE
149,166,Submit assignment by Monday,Submit assignment by Monday,task,task,2026-07-04,2026-07-05,1.0,DUPLICATE
149,329,Submit assignment by Monday,Submit assignment by Monday,task,task,2026-07-04,2026-05-13,1.0,DUPLICATE
149,341,Submit assignment by Monday,Submit assignment by Monday,task,task,2026-07-04,2026-04-27,1.0,DUPLICATE
149,426,Submit assignment by Monday,Submit assignment by Monday,task,task,2026-07-04,2026-03-13,1.0,DUPLICATE
150,176,User had a job interview last week,User had a job interview last week,event,event,2026-02-28,2026-03-16,1.0,DUPLICATE
150,251,User had a job interview last week,User had a job interview last week,event,event,2026-02-28,2026-03-23,1.0,DUPLICATE
150,266,User had a job interview last week,User had a job interview last week,event,event,2026-02-28,2026-05-09,1.0,DUPLICATE
150,298,User had a job interview last week,User had a job interview last week,event,event,2026-02-28,2026-03-14,1.0,DUPLICATE
150,303,User had a job interview last week,User is preparing for interviews,event,goal,2026-02-28,2026-05-12,0.625,RELATED
150,306,User had a job interview last week,User had a job interview last week,event,event,2026-02-28,2026-05-28,1.0,DUPLICATE
150,308,User had a job interview last week,User is preparing for interviews,event,goal,2026-02-28,2026-05-05,0.625,RELATED
150,314,User had a job interview last week,User is preparing for interviews,event,goal,2026-02-28,2026-04-25,0.625,RELATED
150,327,User had a job interview last week,User had a job interview last week,event,event,2026-02-28,2026-05-20,1.0,DUPLICATE
150,332,User had a job interview last week,User had a job interview last week,event,event,2026-02-28,2026-05-06,1.0,DUPLICATE
150,343,User had a job interview last week,User had a job interview last week,event,event,2026-02-28,2026-05-05,1.0,DUPLICATE
150,350,User had a job interview last week,User had a job interview last week,event,event,2026-02-28,2026-03-14,1.0,DUPLICATE
150,433,User had a job interview last week,User had a job interview last week,event,event,2026-02-28,2026-04-18,1.0,DUPLICATE
150,464,User had a job interview last week,User had a job interview last week,event,event,2026-02-28,2026-06-07,1.0,DUPLICATE
150,483,User had a job interview last week,User had a job interview last week,event,event,2026-02-28,2026-06-24,1.0,DUPLICATE
150,494,User had a job interview last week,User is preparing for interviews,event,goal,2026-02-28,2026-06-20,0.625,RELATED
150,495,User had a job interview last week,User had a job interview last week,event,event,2026-02-28,2026-02-09,1.0,DUPLICATE
150,514,User had a job interview last week,User is preparing for interviews,event,goal,2026-02-28,2026-04-21,0.625,RELATED
150,515,User had a job interview last week,User got a new job after interviews,event,fact,2026-02-28,2026-05-24,0.776,RELATED
151,175,Call the dentist to reschedule appointment,Call the dentist to reschedule appointment,task,task,2026-07-20,2026-06-03,1.0,DUPLICATE
151,204,Call the dentist to reschedule appointment,Call the dentist to reschedule appointment,task,task,2026-07-20,2026-04-05,1.0,DUPLICATE
151,246,Call the dentist to reschedule appointment,Call the dentist to reschedule appointment,task,task,2026-07-20,2026-04-03,1.0,DUPLICATE
151,253,Call the dentist to reschedule appointment,Call the dentist to reschedule appointment,task,task,2026-07-20,2026-03-13,1.0,DUPLICATE
151,438,Call the dentist to reschedule appointment,Call the dentist to reschedule appointment,task,task,2026-07-20,2026-06-12,1.0,DUPLICATE
151,444,Call the dentist to reschedule appointment,Call the dentist to reschedule appointment,task,task,2026-07-20,2026-06-14,1.0,DUPLICATE
151,477,Call the dentist to reschedule appointment,Call the dentist to reschedule appointment,task,task,2026-07-20,2026-04-21,1.0,DUPLICATE
152,181,User is learning Spanish,User is learning Spanish,goal,goal,2026-02-03,2026-04-16,1.0,DUPLICATE
152,182,User is learning Spanish,User is learning Spanish,goal,goal,2026-02-03,2026-04-08,1.0,DUPLICATE
152,216,User is learning Spanish,User is learning Spanish,goal,goal,2026-02-03,2026-03-16,1.0,DUPLICATE
152,270,User is learning Spanish,User wants to learn Spanish,goal,goal,2026-02-03,2026-05-16,0.919,NEAR_DUPLICATE
152,331,User is learning Spanish,User wants to learn Spanish,goal,goal,2026-02-03,2026-07-03,0.919,NEAR_DUPLICATE
152,358,User is learning Spanish,User wants to learn Spanish,goal,goal,2026-02-03,2026-06-29,0.919,NEAR_DUPLICATE
152,420,User is learning Spanish,User is learning Spanish,goal,goal,2026-02-03,2026-06-06,1.0,DUPLICATE
152,439,User is learning Spanish,User wants to learn Spanish,goal,goal,2026-02-03,2026-03-30,0.919,NEAR_DUPLICATE
152,458,User is learning Spanish,User wants to learn Spanish,goal,goal,2026-02-03,2026-05-08,0.919,NEAR_DUPLICATE
152,510,User is learning Spanish,User is learning Spanish,goal,goal,2026-02-03,2026-05-09,1.0,DUPLICATE
152,511,User is learning Spanish,User is now fluent in Spanish,goal,fact,2026-02-03,2026-06-18,0.786,EVOLVING
153,348,User's hometown is Pune,User's hometown is Pune,fact,fact,2026-04-03,2026-04-15,1.0,DUPLICATE
153,382,User's hometown is Pune,User's hometown is Pune,fact,fact,2026-04-03,2026-07-05,1.0,DUPLICATE
153,447,User's hometown is Pune,User's hometown is Pune,fact,fact,2026-04-03,2026-03-16,1.0,DUPLICATE
154,218,User has a cat named Whiskers,User has a cat named Whiskers,fact,fact,2026-05-04,2026-03-02,1.0,DUPLICATE
154,375,User has a cat named Whiskers,User has a cat named Whiskers,fact,fact,2026-05-04,2026-05-29,1.0,DUPLICATE
154,383,User has a cat named Whiskers,User has a cat named Whiskers,fact,fact,2026-05-04,2026-03-14,1.0,DUPLICATE
154,402,User has a cat named Whiskers,User has a cat named Whiskers,fact,fact,2026-05-04,2026-04-18,1.0,DUPLICATE
154,409,User has a cat named Whiskers,User has a cat named Whiskers,fact,fact,2026-05-04,2026-07-21,1.0,DUPLICATE
154,441,User has a cat named Whiskers,User has a cat named Whiskers,fact,fact,2026-05-04,2026-06-02,1.0,DUPLICATE
155,231,User attended a wedding last weekend,User attended a wedding last weekend,event,event,2026-02-28,2026-03-15,1.0,DUPLICATE
155,240,User attended a wedding last weekend,User attended a wedding last weekend,event,event,2026-02-28,2026-06-25,1.0,DUPLICATE
155,243,User attended a wedding last weekend,User attended a wedding last weekend,event,event,2026-02-28,2026-06-15,1.0,DUPLICATE
155,259,User attended a wedding last weekend,User attended a wedding last weekend,event,event,2026-02-28,2026-05-06,1.0,DUPLICATE
155,296,User attended a wedding last weekend,User attended a wedding last weekend,event,event,2026-02-28,2026-02-11,1.0,DUPLICATE
155,310,User attended a wedding last weekend,User attended a wedding last weekend,event,event,2026-02-28,2026-03-28,1.0,DUPLICATE
155,339,User attended a wedding last weekend,User attended a wedding last weekend,event,event,2026-02-28,2026-03-04,1.0,DUPLICATE
155,344,User attended a wedding last weekend,User attended a wedding last weekend,event,event,2026-02-28,2026-05-13,1.0,DUPLICATE
155,354,User attended a wedding last weekend,User attended a wedding last weekend,event,event,2026-02-28,2026-04-05,1.0,DUPLICATE
155,355,User attended a wedding last weekend,User attended a wedding last weekend,event,event,2026-02-28,2026-05-01,1.0,DUPLICATE
155,361,User attended a wedding last weekend,User attended a wedding last weekend,event,event,2026-02-28,2026-04-04,1.0,DUPLICATE
155,376,User attended a wedding last weekend,User attended a wedding last weekend,event,event,2026-02-28,2026-06-06,1.0,DUPLICATE
155,411,User attended a wedding last weekend,User attended a wedding last weekend,event,event,2026-02-28,2026-04-25,1.0,DUPLICATE
155,452,User attended a wedding last weekend,User attended a wedding last weekend,event,event,2026-02-28,2026-02-15,1.0,DUPLICATE
156,199,User watched a movie yesterday,User watched a movie yesterday,event,event,2026-05-19,2026-02-13,1.0,DUPLICATE
156,230,User watched a movie yesterday,User watched a movie yesterday,event,event,2026-05-19,2026-02-24,1.0,DUPLICATE
156,347,User watched a movie yesterday,User watched a movie yesterday,event,event,2026-05-19,2026-04-01,1.0,DUPLICATE
156,448,User watched a movie yesterday,User watched a movie yesterday,event,event,2026-05-19,2026-05-03,1.0,DUPLICATE
157,158,User's birthday is in March,User's birthday is in March,fact,fact,2026-07-25,2026-04-12,1.0,DUPLICATE
157,186,User's birthday is in March,User's birthday is in March,fact,fact,2026-07-25,2026-02-18,1.0,DUPLICATE
157,206,User's birthday is in March,User celebrated their birthday recently,fact,event,2026-07-25,2026-04-12,0.831,RELATED
157,214,User's birthday is in March,User celebrated their birthday recently,fact,event,2026-07-25,2026-07-24,0.831,RELATED
157,289,User's birthday is in March,User celebrated their birthday recently,fact,event,2026-07-25,2026-06-07,0.831,RELATED
157,302,User's birthday is in March,User's birthday is in March,fact,fact,2026-07-25,2026-03-22,1.0,DUPLICATE
157,337,User's birthday is in March,User celebrated their birthday recently,fact,event,2026-07-25,2026-04-15,0.831,RELATED
157,351,User's birthday is in March,User celebrated their birthday recently,fact,event,2026-07-25,2026-02-15,0.831,RELATED
157,365,User's birthday is in March,User celebrated their birthday recently,fact,event,2026-07-25,2026-07-07,0.831,RELATED
157,372,User's birthday is in March,User celebrated their birthday recently,fact,event,2026-07-25,2026-06-30,0.831,RELATED
157,377,User's birthday is in March,User celebrated their birthday recently,fact,event,2026-07-25,2026-06-15,0.831,RELATED
157,398,User's birthday is in March,User celebrated their birthday recently,fact,event,2026-07-25,2026-06-10,0.831,RELATED
157,468,User's birthday is in March,User's birthday is in March,fact,fact,2026-07-25,2026-01-31,1.0,DUPLICATE
157,471,User's birthday is in March,User celebrated their birthday recently,fact,event,2026-07-25,2026-03-18,0.831,RELATED
157,476,User's birthday is in March,User celebrated their birthday recently,fact,event,2026-07-25,2026-07-03,0.831,RELATED
158,186,User's birthday is in March,User's birthday is in March,fact,fact,2026-04-12,2026-02-18,1.0,DUPLICATE
158,206,User's birthday is in March,User celebrated their birthday recently,fact,event,2026-04-12,2026-04-12,0.831,RELATED
158,214,User's birthday is in March,User celebrated their birthday recently,fact,event,2026-04-12,2026-07-24,0.831,RELATED
158,289,User's birthday is in March,User celebrated their birthday recently,fact,event,2026-04-12,2026-06-07,0.831,RELATED
158,302,User's birthday is in March,User's birthday is in March,fact,fact,2026-04-12,2026-03-22,1.0,DUPLICATE
158,337,User's birthday is in March,User celebrated their birthday recently,fact,event,2026-04-12,2026-04-15,0.831,RELATED
158,351,User's birthday is in March,User celebrated their birthday recently,fact,event,2026-04-12,2026-02-15,0.831,RELATED
158,365,User's birthday is in March,User celebrated their birthday recently,fact,event,2026-04-12,2026-07-07,0.831,RELATED
158,372,User's birthday is in March,User celebrated their birthday recently,fact,event,2026-04-12,2026-06-30,0.831,RELATED
158,377,User's birthday is in March,User celebrated their birthday recently,fact,event,2026-04-12,2026-06-15,0.831,RELATED
158,398,User's birthday is in March,User celebrated their birthday recently,fact,event,2026-04-12,2026-06-10,0.831,RELATED
158,468,User's birthday is in March,User's birthday is in March,fact,fact,2026-04-12,2026-01-31,1.0,DUPLICATE
158,471,User's birthday is in March,User celebrated their birthday recently,fact,event,2026-04-12,2026-03-18,0.831,RELATED
158,476,User's birthday is in March,User celebrated their birthday recently,fact,event,2026-04-12,2026-07-03,0.831,RELATED
159,198,User wants to buy a house within five years,User wants to buy a house within five years,goal,goal,2026-02-27,2026-04-23,1.0,DUPLICATE
159,221,User wants to buy a house within five years,User wants to buy a house within five years,goal,goal,2026-02-27,2026-04-18,1.0,DUPLICATE
159,227,User wants to buy a house within five years,User is saving up to buy a house,goal,goal,2026-02-27,2026-04-08,0.722,RELATED
159,257,User wants to buy a house within five years,User wants to buy a house within five years,goal,goal,2026-02-27,2026-04-26,1.0,DUPLICATE
159,260,User wants to buy a house within five years,User is saving up to buy a house,goal,goal,2026-02-27,2026-05-03,0.722,RELATED
159,267,User wants to buy a house within five years,User is saving up to buy a house,goal,goal,2026-02-27,2026-03-27,0.722,RELATED
159,283,User wants to buy a house within five years,User is saving up to buy a house,goal,goal,2026-02-27,2026-03-04,0.722,RELATED
159,326,User wants to buy a house within five years,User is saving up to buy a house,goal,goal,2026-02-27,2026-07-04,0.722,RELATED
159,373,User wants to buy a house within five years,User wants to buy a house within five years,goal,goal,2026-02-27,2026-07-18,1.0,DUPLICATE
159,492,User wants to buy a house within five years,User wants to buy a house within five years,goal,goal,2026-02-27,2026-02-13,1.0,DUPLICATE
159,498,User wants to buy a house within five years,User wants to buy a house within five years,goal,goal,2026-02-27,2026-05-13,1.0,DUPLICATE
159,512,User wants to buy a house within five years,User wants to buy a house within five years,goal,goal,2026-02-27,2026-05-13,1.0,DUPLICATE
159,513,User wants to buy a house within five years,User bought a house,goal,fact,2026-02-27,2026-06-08,0.706,EVOLVING
159,518,User wants to buy a house within five years,User is saving up to buy a house,goal,goal,2026-02-27,2026-04-12,0.722,RELATED
159,519,User wants to buy a house within five years,User bought a house,goal,fact,2026-02-27,2026-05-28,0.706,EVOLVING
160,215,User went on a trip to Goa,User went on a trip to Goa,event,event,2026-04-02,2026-05-28,1.0,DUPLICATE
160,224,User went on a trip to Goa,User went on a trip to Goa,event,event,2026-04-02,2026-07-07,1.0,DUPLICATE
160,225,User went on a trip to Goa,User went on a trip to Goa,event,event,2026-04-02,2026-05-07,1.0,DUPLICATE
160,235,User went on a trip to Goa,User went on a trip to Goa,event,event,2026-04-02,2026-05-13,1.0,DUPLICATE
160,242,User went on a trip to Goa,User went on a trip to Goa,event,event,2026-04-02,2026-06-26,1.0,DUPLICATE
160,255,User went on a trip to Goa,User went on a trip to Goa,event,event,2026-04-02,2026-07-10,1.0,DUPLICATE
160,330,User went on a trip to Goa,User went on a trip to Goa,event,event,2026-04-02,2026-04-21,1.0,DUPLICATE
160,419,User went on a trip to Goa,User went on a trip to Goa,event,event,2026-04-02,2026-02-16,1.0,DUPLICATE
160,462,User went on a trip to Goa,User went on a trip to Goa,event,event,2026-04-02,2026-02-09,1.0,DUPLICATE
161,165,Submit assignment by Monday,Submit assignment by Monday,task,task,2026-03-25,2026-05-09,1.0,DUPLICATE
161,166,Submit assignment by Monday,Submit assignment by Monday,task,task,2026-03-25,2026-07-05,1.0,DUPLICATE
161,329,Submit assignment by Monday,Submit assignment by Monday,task,task,2026-03-25,2026-05-13,1.0,DUPLICATE
161,341,Submit assignment by Monday,Submit assignment by Monday,task,task,2026-03-25,2026-04-27,1.0,DUPLICATE
161,426,Submit assignment by Monday,Submit assignment by Monday,task,task,2026-03-25,2026-03-13,1.0,DUPLICATE
162,279,User likes concise answers,User likes concise answers,preference,preference,2026-06-26,2026-05-05,1.0,DUPLICATE
162,395,User likes concise answers,User likes concise answers,preference,preference,2026-06-26,2026-07-03,1.0,DUPLICATE
162,407,User likes concise answers,User likes concise answers,preference,preference,2026-06-26,2026-07-25,1.0,DUPLICATE
162,430,User likes concise answers,User likes concise answers,preference,preference,2026-06-26,2026-07-25,1.0,DUPLICATE
162,440,User likes concise answers,User likes concise answers,preference,preference,2026-06-26,2026-05-26,1.0,DUPLICATE
163,238,Send the report to manager by end of day,Send the report to manager by end of day,task,task,2026-07-03,2026-04-15,1.0,DUPLICATE
163,333,Send the report to manager by end of day,Send the report to manager by end of day,task,task,2026-07-03,2026-06-11,1.0,DUPLICATE
163,403,Send the report to manager by end of day,Send the report to manager by end of day,task,task,2026-07-03,2026-07-07,1.0,DUPLICATE
163,485,Send the report to manager by end of day,Send the report to manager by end of day,task,task,2026-07-03,2026-02-16,1.0,DUPLICATE
164,274,User likes minimalist design,User likes minimalist design,preference,preference,2026-04-04,2026-02-11,1.0,DUPLICATE
164,360,User likes minimalist design,User likes minimalist design,preference,preference,2026-04-04,2026-02-17,1.0,DUPLICATE
164,369,User likes minimalist design,User likes minimalist design,preference,preference,2026-04-04,2026-03-07,1.0,DUPLICATE
165,166,Submit assignment by Monday,Submit assignment by Monday,task,task,2026-05-09,2026-07-05,1.0,DUPLICATE
165,329,Submit assignment by Monday,Submit assignment by Monday,task,task,2026-05-09,2026-05-13,1.0,DUPLICATE
165,341,Submit assignment by Monday,Submit assignment by Monday,task,task,2026-05-09,2026-04-27,1.0,DUPLICATE
165,426,Submit assignment by Monday,Submit assignment by Monday,task,task,2026-05-09,2026-03-13,1.0,DUPLICATE
166,329,Submit assignment by Monday,Submit assignment by Monday,task,task,2026-07-05,2026-05-13,1.0,DUPLICATE
166,341,Submit assignment by Monday,Submit assignment by Monday,task,task,2026-07-05,2026-04-27,1.0,DUPLICATE
166,426,Submit assignment by Monday,Submit assignment by Monday,task,task,2026-07-05,2026-03-13,1.0,DUPLICATE
167,212,User dislikes spicy food,User dislikes spicy food,preference,preference,2026-07-13,2026-02-23,1.0,DUPLICATE
167,312,User dislikes spicy food,User dislikes spicy food,preference,preference,2026-07-13,2026-05-07,1.0,DUPLICATE
167,359,User dislikes spicy food,User dislikes spicy food,preference,preference,2026-07-13,2026-06-14,1.0,DUPLICATE
167,371,User dislikes spicy food,User dislikes spicy food,preference,preference,2026-07-13,2026-05-16,1.0,DUPLICATE
167,504,User dislikes spicy food,User dislikes spicy food,preference,preference,2026-07-13,2026-06-25,1.0,DUPLICATE
167,505,User dislikes spicy food,User loves spicy food,preference,preference,2026-07-13,2026-07-11,0.872,CONFLICT
168,170,Pay electricity bill by Friday,Pay electricity bill by Friday,task,task,2026-05-16,2026-02-23,1.0,DUPLICATE
168,209,Pay electricity bill by Friday,Pay electricity bill by Friday,task,task,2026-05-16,2026-04-18,1.0,DUPLICATE
168,220,Pay electricity bill by Friday,Pay electricity bill by Friday,task,task,2026-05-16,2026-05-14,1.0,DUPLICATE
168,229,Pay electricity bill by Friday,Pay electricity bill by Friday,task,task,2026-05-16,2026-06-26,1.0,DUPLICATE
168,307,Pay electricity bill by Friday,Pay electricity bill by Friday,task,task,2026-05-16,2026-03-07,1.0,DUPLICATE
168,325,Pay electricity bill by Friday,Pay electricity bill by Friday,task,task,2026-05-16,2026-02-15,1.0,DUPLICATE
168,460,Pay electricity bill by Friday,Pay electricity bill by Friday,task,task,2026-05-16,2026-04-09,1.0,DUPLICATE
168,467,Pay electricity bill by Friday,Pay electricity bill by Friday,task,task,2026-05-16,2026-05-22,1.0,DUPLICATE
168,475,Pay electricity bill by Friday,Pay electricity bill by Friday,task,task,2026-05-16,2026-01-30,1.0,DUPLICATE
169,233,Book flight tickets before price increase,Book flight tickets before price increase,task,task,2026-07-01,2026-02-22,1.0,DUPLICATE
169,249,Book flight tickets before price increase,Book flight tickets before price increase,task,task,2026-07-01,2026-06-22,1.0,DUPLICATE
169,250,Book flight tickets before price increase,Book flight tickets before price increase,task,task,2026-07-01,2026-06-18,1.0,DUPLICATE
169,252,Book flight tickets before price increase,Book flight tickets before price increase,task,task,2026-07-01,2026-06-03,1.0,DUPLICATE
169,469,Book flight tickets before price increase,Book flight tickets before price increase,task,task,2026-07-01,2026-03-09,1.0,DUPLICATE
169,470,Book flight tickets before price increase,Book flight tickets before price increase,task,task,2026-07-01,2026-03-29,1.0,DUPLICATE
170,209,Pay electricity bill by Friday,Pay electricity bill by Friday,task,task,2026-02-23,2026-04-18,1.0,DUPLICATE
170,220,Pay electricity bill by Friday,Pay electricity bill by Friday,task,task,2026-02-23,2026-05-14,1.0,DUPLICATE
170,229,Pay electricity bill by Friday,Pay electricity bill by Friday,task,task,2026-02-23,2026-06-26,1.0,DUPLICATE
170,307,Pay electricity bill by Friday,Pay electricity bill by Friday,task,task,2026-02-23,2026-03-07,1.0,DUPLICATE
170,325,Pay electricity bill by Friday,Pay electricity bill by Friday,task,task,2026-02-23,2026-02-15,1.0,DUPLICATE
170,460,Pay electricity bill by Friday,Pay electricity bill by Friday,task,task,2026-02-23,2026-04-09,1.0,DUPLICATE
170,467,Pay electricity bill by Friday,Pay electricity bill by Friday,task,task,2026-02-23,2026-05-22,1.0,DUPLICATE
170,475,Pay electricity bill by Friday,Pay electricity bill by Friday,task,task,2026-02-23,2026-01-30,1.0,DUPLICATE
171,222,User wants to run a marathon next year,User wants to run a marathon next year,goal,goal,2026-07-27,2026-07-16,1.0,DUPLICATE
171,248,User wants to run a marathon next year,User plans to run a marathon next year,goal,goal,2026-07-27,2026-06-25,0.935,NEAR_DUPLICATE
171,254,User wants to run a marathon next year,User plans to run a marathon next year,goal,goal,2026-07-27,2026-04-26,0.935,NEAR_DUPLICATE
171,313,User wants to run a marathon next year,User wants to run a marathon next year,goal,goal,2026-07-27,2026-03-19,1.0,DUPLICATE
171,346,User wants to run a marathon next year,User plans to run a marathon next year,goal,goal,2026-07-27,2026-04-26,0.935,NEAR_DUPLICATE
171,416,User wants to run a marathon next year,User wants to run a marathon next year,goal,goal,2026-07-27,2026-07-06,1.0,DUPLICATE
171,424,User wants to run a marathon next year,User wants to run a marathon next year,goal,goal,2026-07-27,2026-04-19,1.0,DUPLICATE
171,478,User wants to run a marathon next year,User plans to run a marathon next year,goal,goal,2026-07-27,2026-06-22,0.935,NEAR_DUPLICATE
171,516,User wants to run a marathon next year,User wants to run a marathon next year,goal,goal,2026-07-27,2026-05-30,1.0,DUPLICATE
171,517,User wants to run a marathon next year,User completed a marathon,goal,fact,2026-07-27,2026-06-20,0.743,EVOLVING
172,356,User lives in Solapur,User lives in Solapur,fact,fact,2026-03-15,2026-06-22,1.0,DUPLICATE
172,427,User lives in Solapur,User lives in Solapur,fact,fact,2026-03-15,2026-06-18,1.0,DUPLICATE
172,474,User lives in Solapur,User lives in Solapur,fact,fact,2026-03-15,2026-04-20,1.0,DUPLICATE
173,273,User wants to lose 5 kg,User wants to lose 5 kg,goal,goal,2026-05-06,2026-03-30,1.0,DUPLICATE
173,285,User wants to lose 5 kg,User wants to lose 5 kg,goal,goal,2026-05-06,2026-06-28,1.0,DUPLICATE
173,292,User wants to lose 5 kg,User wants to lose 5 kg,goal,goal,2026-05-06,2026-07-23,1.0,DUPLICATE
173,362,User wants to lose 5 kg,User wants to lose 5 kg,goal,goal,2026-05-06,2026-07-12,1.0,DUPLICATE
173,417,User wants to lose 5 kg,User wants to lose 5 kg,goal,goal,2026-05-06,2026-02-19,1.0,DUPLICATE
173,490,User wants to lose 5 kg,User wants to lose 5 kg,goal,goal,2026-05-06,2026-02-14,1.0,DUPLICATE
173,499,User wants to lose 5 kg,User wants to lose 5 kg,goal,goal,2026-05-06,2026-03-07,1.0,DUPLICATE
174,290,User's mother tongue is Marathi,User's mother tongue is Marathi,fact,fact,2026-07-08,2026-06-06,1.0,DUPLICATE
174,466,User's mother tongue is Marathi,User's mother tongue is Marathi,fact,fact,2026-07-08,2026-03-11,1.0,DUPLICATE
175,204,Call the dentist to reschedule appointment,Call the dentist to reschedule appointment,task,task,2026-06-03,2026-04-05,1.0,DUPLICATE
175,246,Call the dentist to reschedule appointment,Call the dentist to reschedule appointment,task,task,2026-06-03,2026-04-03,1.0,DUPLICATE
175,253,Call the dentist to reschedule appointment,Call the dentist to reschedule appointment,task,task,2026-06-03,2026-03-13,1.0,DUPLICATE
175,438,Call the dentist to reschedule appointment,Call the dentist to reschedule appointment,task,task,2026-06-03,2026-06-12,1.0,DUPLICATE
175,444,Call the dentist to reschedule appointment,Call the dentist to reschedule appointment,task,task,2026-06-03,2026-06-14,1.0,DUPLICATE
175,477,Call the dentist to reschedule appointment,Call the dentist to reschedule appointment,task,task,2026-06-03,2026-04-21,1.0,DUPLICATE
176,251,User had a job interview last week,User had a job interview last week,event,event,2026-03-16,2026-03-23,1.0,DUPLICATE
176,266,User had a job interview last week,User had a job interview last week,event,event,2026-03-16,2026-05-09,1.0,DUPLICATE
176,298,User had a job interview last week,User had a job interview last week,event,event,2026-03-16,2026-03-14,1.0,DUPLICATE
176,303,User had a job interview last week,User is preparing for interviews,event,goal,2026-03-16,2026-05-12,0.625,RELATED
176,306,User had a job interview last week,User had a job interview last week,event,event,2026-03-16,2026-05-28,1.0,DUPLICATE
176,308,User had a job interview last week,User is preparing for interviews,event,goal,2026-03-16,2026-05-05,0.625,RELATED
176,314,User had a job interview last week,User is preparing for interviews,event,goal,2026-03-16,2026-04-25,0.625,RELATED
176,327,User had a job interview last week,User had a job interview last week,event,event,2026-03-16,2026-05-20,1.0,DUPLICATE
176,332,User had a job interview last week,User had a job interview last week,event,event,2026-03-16,2026-05-06,1.0,DUPLICATE
176,343,User had a job interview last week,User had a job interview last week,event,event,2026-03-16,2026-05-05,1.0,DUPLICATE
176,350,User had a job interview last week,User had a job interview last week,event,event,2026-03-16,2026-03-14,1.0,DUPLICATE
176,433,User had a job interview last week,User had a job interview last week,event,event,2026-03-16,2026-04-18,1.0,DUPLICATE
176,464,User had a job interview last week,User had a job interview last week,event,event,2026-03-16,2026-06-07,1.0,DUPLICATE
176,483,User had a job interview last week,User had a job interview last week,event,event,2026-03-16,2026-06-24,1.0,DUPLICATE
176,494,User had a job interview last week,User is preparing for interviews,event,goal,2026-03-16,2026-06-20,0.625,RELATED
176,495,User had a job interview last week,User had a job interview last week,event,event,2026-03-16,2026-02-09,1.0,DUPLICATE
176,514,User had a job interview last week,User is preparing for interviews,event,goal,2026-03-16,2026-04-21,0.625,RELATED
176,515,User had a job interview last week,User got a new job after interviews,event,fact,2026-03-16,2026-05-24,0.776,RELATED
177,193,User owns a dog named Max,User owns a dog named Max,fact,fact,2026-05-12,2026-04-07,1.0,DUPLICATE
177,264,User owns a dog named Max,User owns a dog named Max,fact,fact,2026-05-12,2026-07-24,1.0,DUPLICATE
177,300,User owns a dog named Max,User owns a dog named Max,fact,fact,2026-05-12,2026-06-06,1.0,DUPLICATE
177,301,User owns a dog named Max,User owns a dog named Max,fact,fact,2026-05-12,2026-07-17,1.0,DUPLICATE
177,412,User owns a dog named Max,User owns a dog named Max,fact,fact,2026-05-12,2026-03-20,1.0,DUPLICATE
177,484,User owns a dog named Max,User owns a dog named Max,fact,fact,2026-05-12,2026-07-20,1.0,DUPLICATE
178,180,User's phone number ends in 4471,User's phone number ends in 4471,fact,fact,2026-04-09,2026-07-09,1.0,DUPLICATE
178,191,User's phone number ends in 4471,User's phone number ends in 4471,fact,fact,2026-04-09,2026-03-04,1.0,DUPLICATE
178,192,User's phone number ends in 4471,User's phone number ends in 4471,fact,fact,2026-04-09,2026-07-02,1.0,DUPLICATE
178,284,User's phone number ends in 4471,User's phone number ends in 4471,fact,fact,2026-04-09,2026-05-11,1.0,DUPLICATE
178,291,User's phone number ends in 4471,User's phone number ends in 4471,fact,fact,2026-04-09,2026-06-25,1.0,DUPLICATE
178,406,User's phone number ends in 4471,User's phone number ends in 4471,fact,fact,2026-04-09,2026-02-22,1.0,DUPLICATE
178,465,User's phone number ends in 4471,User's phone number ends in 4471,fact,fact,2026-04-09,2026-06-29,1.0,DUPLICATE
178,489,User's phone number ends in 4471,User's phone number ends in 4471,fact,fact,2026-04-09,2026-06-25,1.0,DUPLICATE
179,196,User visited the doctor last month,User visited the doctor last month,event,event,2026-02-07,2026-06-20,1.0,DUPLICATE
179,228,User visited the doctor last month,User visited the doctor last month,event,event,2026-02-07,2026-02-05,1.0,DUPLICATE
179,287,User visited the doctor last month,User visited the doctor last month,event,event,2026-02-07,2026-02-08,1.0,DUPLICATE
179,316,User visited the doctor last month,User visited the doctor last month,event,event,2026-02-07,2026-05-27,1.0,DUPLICATE
179,338,User visited the doctor last month,User visited the doctor last month,event,event,2026-02-07,2026-05-06,1.0,DUPLICATE
179,408,User visited the doctor last month,User visited the doctor last month,event,event,2026-02-07,2026-05-23,1.0,DUPLICATE
179,450,User visited the doctor last month,User visited the doctor last month,event,event,2026-02-07,2026-04-28,1.0,DUPLICATE
179,463,User visited the doctor last month,User visited the doctor last month,event,event,2026-02-07,2026-03-25,1.0,DUPLICATE
179,497,User visited the doctor last month,User visited the doctor last month,event,event,2026-02-07,2026-06-10,1.0,DUPLICATE
180,191,User's phone number ends in 4471,User's phone number ends in 4471,fact,fact,2026-07-09,2026-03-04,1.0,DUPLICATE
180,192,User's phone number ends in 4471,User's phone number ends in 4471,fact,fact,2026-07-09,2026-07-02,1.0,DUPLICATE
180,284,User's phone number ends in 4471,User's phone number ends in 4471,fact,fact,2026-07-09,2026-05-11,1.0,DUPLICATE
180,291,User's phone number ends in 4471,User's phone number ends in 4471,fact,fact,2026-07-09,2026-06-25,1.0,DUPLICATE
180,406,User's phone number ends in 4471,User's phone number ends in 4471,fact,fact,2026-07-09,2026-02-22,1.0,DUPLICATE
180,465,User's phone number ends in 4471,User's phone number ends in 4471,fact,fact,2026-07-09,2026-06-29,1.0,DUPLICATE
180,489,User's phone number ends in 4471,User's phone number ends in 4471,fact,fact,2026-07-09,2026-06-25,1.0,DUPLICATE
181,182,User is learning Spanish,User is learning Spanish,goal,goal,2026-04-16,2026-04-08,1.0,DUPLICATE
181,216,User is learning Spanish,User is learning Spanish,goal,goal,2026-04-16,2026-03-16,1.0,DUPLICATE
181,270,User is learning Spanish,User wants to learn Spanish,goal,goal,2026-04-16,2026-05-16,0.919,NEAR_DUPLICATE
181,331,User is learning Spanish,User wants to learn Spanish,goal,goal,2026-04-16,2026-07-03,0.919,NEAR_DUPLICATE
181,358,User is learning Spanish,User wants to learn Spanish,goal,goal,2026-04-16,2026-06-29,0.919,NEAR_DUPLICATE
181,420,User is learning Spanish,User is learning Spanish,goal,goal,2026-04-16,2026-06-06,1.0,DUPLICATE
181,439,User is learning Spanish,User wants to learn Spanish,goal,goal,2026-04-16,2026-03-30,0.919,NEAR_DUPLICATE
181,458,User is learning Spanish,User wants to learn Spanish,goal,goal,2026-04-16,2026-05-08,0.919,NEAR_DUPLICATE
181,510,User is learning Spanish,User is learning Spanish,goal,goal,2026-04-16,2026-05-09,1.0,DUPLICATE
181,511,User is learning Spanish,User is now fluent in Spanish,goal,fact,2026-04-16,2026-06-18,0.786,EVOLVING
182,216,User is learning Spanish,User is learning Spanish,goal,goal,2026-04-08,2026-03-16,1.0,DUPLICATE
182,270,User is learning Spanish,User wants to learn Spanish,goal,goal,2026-04-08,2026-05-16,0.919,NEAR_DUPLICATE
182,331,User is learning Spanish,User wants to learn Spanish,goal,goal,2026-04-08,2026-07-03,0.919,NEAR_DUPLICATE
182,358,User is learning Spanish,User wants to learn Spanish,goal,goal,2026-04-08,2026-06-29,0.919,NEAR_DUPLICATE
182,420,User is learning Spanish,User is learning Spanish,goal,goal,2026-04-08,2026-06-06,1.0,DUPLICATE
182,439,User is learning Spanish,User wants to learn Spanish,goal,goal,2026-04-08,2026-03-30,0.919,NEAR_DUPLICATE
182,458,User is learning Spanish,User wants to learn Spanish,goal,goal,2026-04-08,2026-05-08,0.919,NEAR_DUPLICATE
182,510,User is learning Spanish,User is learning Spanish,goal,goal,2026-04-08,2026-05-09,1.0,DUPLICATE
182,511,User is learning Spanish,User is now fluent in Spanish,goal,fact,2026-04-08,2026-06-18,0.786,EVOLVING
183,293,User has two younger siblings,User has two younger siblings,fact,fact,2026-05-10,2026-05-01,1.0,DUPLICATE
183,319,User has two younger siblings,User has two younger siblings,fact,fact,2026-05-10,2026-06-23,1.0,DUPLICATE
183,381,User has two younger siblings,User has two younger siblings,fact,fact,2026-05-10,2026-03-19,1.0,DUPLICATE
183,437,User has two younger siblings,User has two younger siblings,fact,fact,2026-05-10,2026-04-28,1.0,DUPLICATE
184,195,User works part-time at a bakery,User works part-time at a bakery,fact,fact,2026-03-20,2026-02-05,1.0,DUPLICATE
184,201,User works part-time at a bakery,User works part-time at a bakery,fact,fact,2026-03-20,2026-03-12,1.0,DUPLICATE
184,288,User works part-time at a bakery,User works part-time at a bakery,fact,fact,2026-03-20,2026-04-05,1.0,DUPLICATE
184,445,User works part-time at a bakery,User works part-time at a bakery,fact,fact,2026-03-20,2026-03-28,1.0,DUPLICATE
185,271,User dislikes long meetings,User dislikes long meetings,preference,preference,2026-07-02,2026-03-13,1.0,DUPLICATE
185,272,User dislikes long meetings,User dislikes long meetings,preference,preference,2026-07-02,2026-07-16,1.0,DUPLICATE
185,415,User dislikes long meetings,User dislikes long meetings,preference,preference,2026-07-02,2026-03-18,1.0,DUPLICATE
185,472,User dislikes long meetings,User dislikes long meetings,preference,preference,2026-07-02,2026-06-09,1.0,DUPLICATE
185,488,User dislikes long meetings,User dislikes long meetings,preference,preference,2026-07-02,2026-02-13,1.0,DUPLICATE
186,206,User's birthday is in March,User celebrated their birthday recently,fact,event,2026-02-18,2026-04-12,0.831,RELATED
186,214,User's birthday is in March,User celebrated their birthday recently,fact,event,2026-02-18,2026-07-24,0.831,RELATED
186,289,User's birthday is in March,User celebrated their birthday recently,fact,event,2026-02-18,2026-06-07,0.831,RELATED
186,302,User's birthday is in March,User's birthday is in March,fact,fact,2026-02-18,2026-03-22,1.0,DUPLICATE
186,337,User's birthday is in March,User celebrated their birthday recently,fact,event,2026-02-18,2026-04-15,0.831,RELATED
186,351,User's birthday is in March,User celebrated their birthday recently,fact,event,2026-02-18,2026-02-15,0.831,RELATED
186,365,User's birthday is in March,User celebrated their birthday recently,fact,event,2026-02-18,2026-07-07,0.831,RELATED
186,372,User's birthday is in March,User celebrated their birthday recently,fact,event,2026-02-18,2026-06-30,0.831,RELATED
186,377,User's birthday is in March,User celebrated their birthday recently,fact,event,2026-02-18,2026-06-15,0.831,RELATED
186,398,User's birthday is in March,User celebrated their birthday recently,fact,event,2026-02-18,2026-06-10,0.831,RELATED
186,468,User's birthday is in March,User's birthday is in March,fact,fact,2026-02-18,2026-01-31,1.0,DUPLICATE
186,471,User's birthday is in March,User celebrated their birthday recently,fact,event,2026-02-18,2026-03-18,0.831,RELATED
186,476,User's birthday is in March,User celebrated their birthday recently,fact,event,2026-02-18,2026-07-03,0.831,RELATED
187,226,User attended a college hackathon,User attended a college hackathon,event,event,2026-02-16,2026-04-10,1.0,DUPLICATE
187,245,User attended a college hackathon,User attended a college hackathon,event,event,2026-02-16,2026-07-21,1.0,DUPLICATE
187,256,User attended a college hackathon,User attended a college hackathon,event,event,2026-02-16,2026-02-22,1.0,DUPLICATE
187,263,User attended a college hackathon,User attended a college hackathon,event,event,2026-02-16,2026-02-20,1.0,DUPLICATE
187,304,User attended a college hackathon,User attended a college hackathon,event,event,2026-02-16,2026-06-14,1.0,DUPLICATE
187,318,User attended a college hackathon,User attended a college hackathon,event,event,2026-02-16,2026-07-13,1.0,DUPLICATE
187,328,User attended a college hackathon,User attended a college hackathon,event,event,2026-02-16,2026-07-20,1.0,DUPLICATE
187,378,User attended a college hackathon,User attended a college hackathon,event,event,2026-02-16,2026-07-04,1.0,DUPLICATE
187,390,User attended a college hackathon,User attended a college hackathon,event,event,2026-02-16,2026-04-06,1.0,DUPLICATE
187,397,User attended a college hackathon,User attended a college hackathon,event,event,2026-02-16,2026-02-23,1.0,DUPLICATE
187,410,User attended a college hackathon,User attended a college hackathon,event,event,2026-02-16,2026-07-09,1.0,DUPLICATE
187,457,User attended a college hackathon,User attended a college hackathon,event,event,2026-02-16,2026-02-03,1.0,DUPLICATE
188,223,Return the library books by Thursday,Return the library books by Thursday,task,task,2026-02-17,2026-04-21,1.0,DUPLICATE
188,239,Return the library books by Thursday,Return the library books by Thursday,task,task,2026-02-17,2026-02-04,1.0,DUPLICATE
188,265,Return the library books by Thursday,Return the library books by Thursday,task,task,2026-02-17,2026-07-13,1.0,DUPLICATE
188,317,Return the library books by Thursday,Return the library books by Thursday,task,task,2026-02-17,2026-06-15,1.0,DUPLICATE
188,370,Return the library books by Thursday,Return the library books by Thursday,task,task,2026-02-17,2026-06-16,1.0,DUPLICATE
188,380,Return the library books by Thursday,Return the library books by Thursday,task,task,2026-02-17,2026-06-22,1.0,DUPLICATE
188,386,Return the library books by Thursday,Return the library books by Thursday,task,task,2026-02-17,2026-07-28,1.0,DUPLICATE
188,449,Return the library books by Thursday,Return the library books by Thursday,task,task,2026-02-17,2026-02-12,1.0,DUPLICATE
188,456,Return the library books by Thursday,Return the library books by Thursday,task,task,2026-02-17,2026-04-23,1.0,DUPLICATE
188,482,Return the library books by Thursday,Return the library books by Thursday,task,task,2026-02-17,2026-03-18,1.0,DUPLICATE
189,422,User wants to switch careers into AI,User wants to switch careers into AI,goal,goal,2026-04-04,2026-07-07,1.0,DUPLICATE
189,454,User wants to switch careers into AI,User wants to switch careers into AI,goal,goal,2026-04-04,2026-07-26,1.0,DUPLICATE
190,262,User is left-handed,User is left-handed,fact,fact,2026-02-26,2026-03-29,1.0,DUPLICATE
190,423,User is left-handed,User is left-handed,fact,fact,2026-02-26,2026-03-05,1.0,DUPLICATE
190,431,User is left-handed,User is left-handed,fact,fact,2026-02-26,2026-02-28,1.0,DUPLICATE
191,192,User's phone number ends in 4471,User's phone number ends in 4471,fact,fact,2026-03-04,2026-07-02,1.0,DUPLICATE
191,284,User's phone number ends in 4471,User's phone number ends in 4471,fact,fact,2026-03-04,2026-05-11,1.0,DUPLICATE
191,291,User's phone number ends in 4471,User's phone number ends in 4471,fact,fact,2026-03-04,2026-06-25,1.0,DUPLICATE
191,406,User's phone number ends in 4471,User's phone number ends in 4471,fact,fact,2026-03-04,2026-02-22,1.0,DUPLICATE
191,465,User's phone number ends in 4471,User's phone number ends in 4471,fact,fact,2026-03-04,2026-06-29,1.0,DUPLICATE
191,489,User's phone number ends in 4471,User's phone number ends in 4471,fact,fact,2026-03-04,2026-06-25,1.0,DUPLICATE
192,284,User's phone number ends in 4471,User's phone number ends in 4471,fact,fact,2026-07-02,2026-05-11,1.0,DUPLICATE
192,291,User's phone number ends in 4471,User's phone number ends in 4471,fact,fact,2026-07-02,2026-06-25,1.0,DUPLICATE
192,406,User's phone number ends in 4471,User's phone number ends in 4471,fact,fact,2026-07-02,2026-02-22,1.0,DUPLICATE
192,465,User's phone number ends in 4471,User's phone number ends in 4471,fact,fact,2026-07-02,2026-06-29,1.0,DUPLICATE
192,489,User's phone number ends in 4471,User's phone number ends in 4471,fact,fact,2026-07-02,2026-06-25,1.0,DUPLICATE
193,264,User owns a dog named Max,User owns a dog named Max,fact,fact,2026-04-07,2026-07-24,1.0,DUPLICATE
193,300,User owns a dog named Max,User owns a dog named Max,fact,fact,2026-04-07,2026-06-06,1.0,DUPLICATE
193,301,User owns a dog named Max,User owns a dog named Max,fact,fact,2026-04-07,2026-07-17,1.0,DUPLICATE
193,412,User owns a dog named Max,User owns a dog named Max,fact,fact,2026-04-07,2026-03-20,1.0,DUPLICATE
193,484,User owns a dog named Max,User owns a dog named Max,fact,fact,2026-04-07,2026-07-20,1.0,DUPLICATE
194,207,Finish reading the assigned book by next week,Finish reading the assigned book by next week,task,task,2026-02-05,2026-03-09,1.0,DUPLICATE
194,217,Finish reading the assigned book by next week,Finish reading the assigned book by next week,task,task,2026-02-05,2026-05-25,1.0,DUPLICATE
194,281,Finish reading the assigned book by next week,Finish reading the assigned book by next week,task,task,2026-02-05,2026-07-06,1.0,DUPLICATE
194,295,Finish reading the assigned book by next week,Finish reading the assigned book by next week,task,task,2026-02-05,2026-04-22,1.0,DUPLICATE
194,305,Finish reading the assigned book by next week,Finish reading the assigned book by next week,task,task,2026-02-05,2026-01-31,1.0,DUPLICATE
194,320,Finish reading the assigned book by next week,Finish reading the assigned book by next week,task,task,2026-02-05,2026-07-13,1.0,DUPLICATE
194,336,Finish reading the assigned book by next week,Finish reading the assigned book by next week,task,task,2026-02-05,2026-05-20,1.0,DUPLICATE
194,357,Finish reading the assigned book by next week,Finish reading the assigned book by next week,task,task,2026-02-05,2026-03-29,1.0,DUPLICATE
194,396,Finish reading the assigned book by next week,Finish reading the assigned book by next week,task,task,2026-02-05,2026-06-23,1.0,DUPLICATE
194,481,Finish reading the assigned book by next week,Finish reading the assigned book by next week,task,task,2026-02-05,2026-05-21,1.0,DUPLICATE
195,201,User works part-time at a bakery,User works part-time at a bakery,fact,fact,2026-02-05,2026-03-12,1.0,DUPLICATE
195,288,User works part-time at a bakery,User works part-time at a bakery,fact,fact,2026-02-05,2026-04-05,1.0,DUPLICATE
195,445,User works part-time at a bakery,User works part-time at a bakery,fact,fact,2026-02-05,2026-03-28,1.0,DUPLICATE
196,228,User visited the doctor last month,User visited the doctor last month,event,event,2026-06-20,2026-02-05,1.0,DUPLICATE
196,287,User visited the doctor last month,User visited the doctor last month,event,event,2026-06-20,2026-02-08,1.0,DUPLICATE
196,316,User visited the doctor last month,User visited the doctor last month,event,event,2026-06-20,2026-05-27,1.0,DUPLICATE
196,338,User visited the doctor last month,User visited the doctor last month,event,event,2026-06-20,2026-05-06,1.0,DUPLICATE
196,408,User visited the doctor last month,User visited the doctor last month,event,event,2026-06-20,2026-05-23,1.0,DUPLICATE
196,450,User visited the doctor last month,User visited the doctor last month,event,event,2026-06-20,2026-04-28,1.0,DUPLICATE
196,463,User visited the doctor last month,User visited the doctor last month,event,event,2026-06-20,2026-03-25,1.0,DUPLICATE
196,497,User visited the doctor last month,User visited the doctor last month,event,event,2026-06-20,2026-06-10,1.0,DUPLICATE
197,363,User wants to learn guitar,User wants to learn guitar,goal,goal,2026-01-31,2026-03-25,1.0,DUPLICATE
198,221,User wants to buy a house within five years,User wants to buy a house within five years,goal,goal,2026-04-23,2026-04-18,1.0,DUPLICATE
198,227,User wants to buy a house within five years,User is saving up to buy a house,goal,goal,2026-04-23,2026-04-08,0.722,RELATED
198,257,User wants to buy a house within five years,User wants to buy a house within five years,goal,goal,2026-04-23,2026-04-26,1.0,DUPLICATE
198,260,User wants to buy a house within five years,User is saving up to buy a house,goal,goal,2026-04-23,2026-05-03,0.722,RELATED
198,267,User wants to buy a house within five years,User is saving up to buy a house,goal,goal,2026-04-23,2026-03-27,0.722,RELATED
198,283,User wants to buy a house within five years,User is saving up to buy a house,goal,goal,2026-04-23,2026-03-04,0.722,RELATED
198,326,User wants to buy a house within five years,User is saving up to buy a house,goal,goal,2026-04-23,2026-07-04,0.722,RELATED
198,373,User wants to buy a house within five years,User wants to buy a house within five years,goal,goal,2026-04-23,2026-07-18,1.0,DUPLICATE
198,492,User wants to buy a house within five years,User wants to buy a house within five years,goal,goal,2026-04-23,2026-02-13,1.0,DUPLICATE
198,498,User wants to buy a house within five years,User wants to buy a house within five years,goal,goal,2026-04-23,2026-05-13,1.0,DUPLICATE
198,512,User wants to buy a house within five years,User wants to buy a house within five years,goal,goal,2026-04-23,2026-05-13,1.0,DUPLICATE
198,513,User wants to buy a house within five years,User bought a house,goal,fact,2026-04-23,2026-06-08,0.706,EVOLVING
198,518,User wants to buy a house within five years,User is saving up to buy a house,goal,goal,2026-04-23,2026-04-12,0.722,RELATED
198,519,User wants to buy a house within five years,User bought a house,goal,fact,2026-04-23,2026-05-28,0.706,EVOLVING
199,230,User watched a movie yesterday,User watched a movie yesterday,event,event,2026-02-13,2026-02-24,1.0,DUPLICATE
199,347,User watched a movie yesterday,User watched a movie yesterday,event,event,2026-02-13,2026-04-01,1.0,DUPLICATE
199,448,User watched a movie yesterday,User watched a movie yesterday,event,event,2026-02-13,2026-05-03,1.0,DUPLICATE
200,205,User prefers tea over coffee,User prefers tea over coffee,preference,preference,2026-03-26,2026-02-05,1.0,DUPLICATE
200,241,User prefers tea over coffee,User prefers tea over coffee,preference,preference,2026-03-26,2026-06-01,1.0,DUPLICATE
200,247,User prefers tea over coffee,User prefers tea over coffee,preference,preference,2026-03-26,2026-02-23,1.0,DUPLICATE
200,366,User prefers tea over coffee,User prefers tea over coffee,preference,preference,2026-03-26,2026-02-01,1.0,DUPLICATE
200,368,User prefers tea over coffee,User prefers tea over coffee,preference,preference,2026-03-26,2026-04-04,1.0,DUPLICATE
200,446,User prefers tea over coffee,User prefers tea over coffee,preference,preference,2026-03-26,2026-07-13,1.0,DUPLICATE
200,453,User prefers tea over coffee,User prefers tea over coffee,preference,preference,2026-03-26,2026-05-08,1.0,DUPLICATE
200,500,User prefers tea over coffee,User prefers tea over coffee,preference,preference,2026-03-26,2026-05-13,1.0,DUPLICATE
200,501,User prefers tea over coffee,User prefers coffee over tea,preference,preference,2026-03-26,2026-05-23,0.996,DUPLICATE
201,288,User works part-time at a bakery,User works part-time at a bakery,fact,fact,2026-03-12,2026-04-05,1.0,DUPLICATE
201,445,User works part-time at a bakery,User works part-time at a bakery,fact,fact,2026-03-12,2026-03-28,1.0,DUPLICATE
203,297,User prefers Android over iOS,User prefers Android over iOS,preference,preference,2026-04-07,2026-06-01,1.0,DUPLICATE
203,299,User prefers Android over iOS,User prefers Android over iOS,preference,preference,2026-04-07,2026-06-30,1.0,DUPLICATE
203,311,User prefers Android over iOS,User prefers Android over iOS,preference,preference,2026-04-07,2026-06-28,1.0,DUPLICATE
203,334,User prefers Android over iOS,User prefers Android over iOS,preference,preference,2026-04-07,2026-07-10,1.0,DUPLICATE
203,335,User prefers Android over iOS,User prefers Android over iOS,preference,preference,2026-04-07,2026-04-20,1.0,DUPLICATE
203,349,User prefers Android over iOS,User prefers Android over iOS,preference,preference,2026-04-07,2026-04-11,1.0,DUPLICATE
203,379,User prefers Android over iOS,User prefers Android over iOS,preference,preference,2026-04-07,2026-06-25,1.0,DUPLICATE
203,418,User prefers Android over iOS,User prefers Android over iOS,preference,preference,2026-04-07,2026-03-11,1.0,DUPLICATE
203,421,User prefers Android over iOS,User prefers Android over iOS,preference,preference,2026-04-07,2026-05-18,1.0,DUPLICATE
203,459,User prefers Android over iOS,User prefers Android over iOS,preference,preference,2026-04-07,2026-07-09,1.0,DUPLICATE
204,246,Call the dentist to reschedule appointment,Call the dentist to reschedule appointment,task,task,2026-04-05,2026-04-03,1.0,DUPLICATE
204,253,Call the dentist to reschedule appointment,Call the dentist to reschedule appointment,task,task,2026-04-05,2026-03-13,1.0,DUPLICATE
204,438,Call the dentist to reschedule appointment,Call the dentist to reschedule appointment,task,task,2026-04-05,2026-06-12,1.0,DUPLICATE
204,444,Call the dentist to reschedule appointment,Call the dentist to reschedule appointment,task,task,2026-04-05,2026-06-14,1.0,DUPLICATE
204,477,Call the dentist to reschedule appointment,Call the dentist to reschedule appointment,task,task,2026-04-05,2026-04-21,1.0,DUPLICATE
205,241,User prefers tea over coffee,User prefers tea over coffee,preference,preference,2026-02-05,2026-06-01,1.0,DUPLICATE
205,247,User prefers tea over coffee,User prefers tea over coffee,preference,preference,2026-02-05,2026-02-23,1.0,DUPLICATE
205,366,User prefers tea over coffee,User prefers tea over coffee,preference,preference,2026-02-05,2026-02-01,1.0,DUPLICATE
205,368,User prefers tea over coffee,User prefers tea over coffee,preference,preference,2026-02-05,2026-04-04,1.0,DUPLICATE
205,446,User prefers tea over coffee,User prefers tea over coffee,preference,preference,2026-02-05,2026-07-13,1.0,DUPLICATE
205,453,User prefers tea over coffee,User prefers tea over coffee,preference,preference,2026-02-05,2026-05-08,1.0,DUPLICATE
205,500,User prefers tea over coffee,User prefers tea over coffee,preference,preference,2026-02-05,2026-05-13,1.0,DUPLICATE
205,501,User prefers tea over coffee,User prefers coffee over tea,preference,preference,2026-02-05,2026-05-23,0.996,DUPLICATE
206,214,User celebrated their birthday recently,User celebrated their birthday recently,event,event,2026-04-12,2026-07-24,1.0,DUPLICATE
206,289,User celebrated their birthday recently,User celebrated their birthday recently,event,event,2026-04-12,2026-06-07,1.0,DUPLICATE
206,302,User celebrated their birthday recently,User's birthday is in March,event,fact,2026-04-12,2026-03-22,0.831,RELATED
206,337,User celebrated their birthday recently,User celebrated their birthday recently,event,event,2026-04-12,2026-04-15,1.0,DUPLICATE
206,351,User celebrated their birthday recently,User celebrated their birthday recently,event,event,2026-04-12,2026-02-15,1.0,DUPLICATE
206,365,User celebrated their birthday recently,User celebrated their birthday recently,event,event,2026-04-12,2026-07-07,1.0,DUPLICATE
206,372,User celebrated their birthday recently,User celebrated their birthday recently,event,event,2026-04-12,2026-06-30,1.0,DUPLICATE
206,377,User celebrated their birthday recently,User celebrated their birthday recently,event,event,2026-04-12,2026-06-15,1.0,DUPLICATE
206,398,User celebrated their birthday recently,User celebrated their birthday recently,event,event,2026-04-12,2026-06-10,1.0,DUPLICATE
206,468,User celebrated their birthday recently,User's birthday is in March,event,fact,2026-04-12,2026-01-31,0.831,RELATED
206,471,User celebrated their birthday recently,User celebrated their birthday recently,event,event,2026-04-12,2026-03-18,1.0,DUPLICATE
206,476,User celebrated their birthday recently,User celebrated their birthday recently,event,event,2026-04-12,2026-07-03,1.0,DUPLICATE
207,217,Finish reading the assigned book by next week,Finish reading the assigned book by next week,task,task,2026-03-09,2026-05-25,1.0,DUPLICATE
207,281,Finish reading the assigned book by next week,Finish reading the assigned book by next week,task,task,2026-03-09,2026-07-06,1.0,DUPLICATE
207,295,Finish reading the assigned book by next week,Finish reading the assigned book by next week,task,task,2026-03-09,2026-04-22,1.0,DUPLICATE
207,305,Finish reading the assigned book by next week,Finish reading the assigned book by next week,task,task,2026-03-09,2026-01-31,1.0,DUPLICATE
207,320,Finish reading the assigned book by next week,Finish reading the assigned book by next week,task,task,2026-03-09,2026-07-13,1.0,DUPLICATE
207,336,Finish reading the assigned book by next week,Finish reading the assigned book by next week,task,task,2026-03-09,2026-05-20,1.0,DUPLICATE
207,357,Finish reading the assigned book by next week,Finish reading the assigned book by next week,task,task,2026-03-09,2026-03-29,1.0,DUPLICATE
207,396,Finish reading the assigned book by next week,Finish reading the assigned book by next week,task,task,2026-03-09,2026-06-23,1.0,DUPLICATE
207,481,Finish reading the assigned book by next week,Finish reading the assigned book by next week,task,task,2026-03-09,2026-05-21,1.0,DUPLICATE
208,211,Renew driving license this month,Renew driving license this month,task,task,2026-04-08,2026-03-30,1.0,DUPLICATE
208,234,Renew driving license this month,Renew driving license this month,task,task,2026-04-08,2026-04-06,1.0,DUPLICATE
208,237,Renew driving license this month,Renew driving license this month,task,task,2026-04-08,2026-02-22,1.0,DUPLICATE
208,277,Renew driving license this month,Renew driving license this month,task,task,2026-04-08,2026-05-15,1.0,DUPLICATE
208,286,Renew driving license this month,Renew driving license this month,task,task,2026-04-08,2026-04-03,1.0,DUPLICATE
208,322,Renew driving license this month,Renew driving license this month,task,task,2026-04-08,2026-07-01,1.0,DUPLICATE
208,367,Renew driving license this month,Renew driving license this month,task,task,2026-04-08,2026-03-26,1.0,DUPLICATE
208,391,Renew driving license this month,Renew driving license this month,task,task,2026-04-08,2026-03-28,1.0,DUPLICATE
208,413,Renew driving license this month,Renew driving license this month,task,task,2026-04-08,2026-06-13,1.0,DUPLICATE
208,432,Renew driving license this month,Renew driving license this month,task,task,2026-04-08,2026-07-05,1.0,DUPLICATE
208,436,Renew driving license this month,Renew driving license this month,task,task,2026-04-08,2026-04-12,1.0,DUPLICATE
209,220,Pay electricity bill by Friday,Pay electricity bill by Friday,task,task,2026-04-18,2026-05-14,1.0,DUPLICATE
209,229,Pay electricity bill by Friday,Pay electricity bill by Friday,task,task,2026-04-18,2026-06-26,1.0,DUPLICATE
209,307,Pay electricity bill by Friday,Pay electricity bill by Friday,task,task,2026-04-18,2026-03-07,1.0,DUPLICATE
209,325,Pay electricity bill by Friday,Pay electricity bill by Friday,task,task,2026-04-18,2026-02-15,1.0,DUPLICATE
209,460,Pay electricity bill by Friday,Pay electricity bill by Friday,task,task,2026-04-18,2026-04-09,1.0,DUPLICATE
209,467,Pay electricity bill by Friday,Pay electricity bill by Friday,task,task,2026-04-18,2026-05-22,1.0,DUPLICATE
209,475,Pay electricity bill by Friday,Pay electricity bill by Friday,task,task,2026-04-18,2026-01-30,1.0,DUPLICATE
210,282,User prefers dark mode,User prefers dark mode,preference,preference,2026-05-08,2026-05-23,1.0,DUPLICATE
210,309,User prefers dark mode,User prefers dark mode,preference,preference,2026-05-08,2026-05-21,1.0,DUPLICATE
210,315,User prefers dark mode,User prefers dark mode,preference,preference,2026-05-08,2026-05-23,1.0,DUPLICATE
210,388,User prefers dark mode,User prefers dark mode,preference,preference,2026-05-08,2026-04-18,1.0,DUPLICATE
210,429,User prefers dark mode,User prefers dark mode,preference,preference,2026-05-08,2026-04-16,1.0,DUPLICATE
210,479,User prefers dark mode,User prefers dark mode,preference,preference,2026-05-08,2026-03-29,1.0,DUPLICATE
210,502,User prefers dark mode,User prefers dark mode,preference,preference,2026-05-08,2026-05-31,1.0,DUPLICATE
210,503,User prefers dark mode,User prefers light mode,preference,preference,2026-05-08,2026-06-04,0.837,CONFLICT
211,234,Renew driving license this month,Renew driving license this month,task,task,2026-03-30,2026-04-06,1.0,DUPLICATE
211,237,Renew driving license this month,Renew driving license this month,task,task,2026-03-30,2026-02-22,1.0,DUPLICATE
211,277,Renew driving license this month,Renew driving license this month,task,task,2026-03-30,2026-05-15,1.0,DUPLICATE
211,286,Renew driving license this month,Renew driving license this month,task,task,2026-03-30,2026-04-03,1.0,DUPLICATE
211,322,Renew driving license this month,Renew driving license this month,task,task,2026-03-30,2026-07-01,1.0,DUPLICATE
211,367,Renew driving license this month,Renew driving license this month,task,task,2026-03-30,2026-03-26,1.0,DUPLICATE
211,391,Renew driving license this month,Renew driving license this month,task,task,2026-03-30,2026-03-28,1.0,DUPLICATE
211,413,Renew driving license this month,Renew driving license this month,task,task,2026-03-30,2026-06-13,1.0,DUPLICATE
211,432,Renew driving license this month,Renew driving license this month,task,task,2026-03-30,2026-07-05,1.0,DUPLICATE
211,436,Renew driving license this month,Renew driving license this month,task,task,2026-03-30,2026-04-12,1.0,DUPLICATE
212,312,User dislikes spicy food,User dislikes spicy food,preference,preference,2026-02-23,2026-05-07,1.0,DUPLICATE
212,359,User dislikes spicy food,User dislikes spicy food,preference,preference,2026-02-23,2026-06-14,1.0,DUPLICATE
212,371,User dislikes spicy food,User dislikes spicy food,preference,preference,2026-02-23,2026-05-16,1.0,DUPLICATE
212,504,User dislikes spicy food,User dislikes spicy food,preference,preference,2026-02-23,2026-06-25,1.0,DUPLICATE
212,505,User dislikes spicy food,User loves spicy food,preference,preference,2026-02-23,2026-07-11,0.872,CONFLICT
213,232,User's favorite color is blue,User's favorite color is blue,fact,fact,2026-05-28,2026-06-11,1.0,DUPLICATE
213,244,User's favorite color is blue,User's favorite color is blue,fact,fact,2026-05-28,2026-02-14,1.0,DUPLICATE
213,258,User's favorite color is blue,User's favorite color is blue,fact,fact,2026-05-28,2026-06-23,1.0,DUPLICATE
213,321,User's favorite color is blue,User's favorite color is blue,fact,fact,2026-05-28,2026-03-15,1.0,DUPLICATE
213,353,User's favorite color is blue,User's favorite color is blue,fact,fact,2026-05-28,2026-07-03,1.0,DUPLICATE
213,385,User's favorite color is blue,User's favorite color is blue,fact,fact,2026-05-28,2026-07-03,1.0,DUPLICATE
214,289,User celebrated their birthday recently,User celebrated their birthday recently,event,event,2026-07-24,2026-06-07,1.0,DUPLICATE
214,302,User celebrated their birthday recently,User's birthday is in March,event,fact,2026-07-24,2026-03-22,0.831,RELATED
214,337,User celebrated their birthday recently,User celebrated their birthday recently,event,event,2026-07-24,2026-04-15,1.0,DUPLICATE
214,351,User celebrated their birthday recently,User celebrated their birthday recently,event,event,2026-07-24,2026-02-15,1.0,DUPLICATE
214,365,User celebrated their birthday recently,User celebrated their birthday recently,event,event,2026-07-24,2026-07-07,1.0,DUPLICATE
214,372,User celebrated their birthday recently,User celebrated their birthday recently,event,event,2026-07-24,2026-06-30,1.0,DUPLICATE
214,377,User celebrated their birthday recently,User celebrated their birthday recently,event,event,2026-07-24,2026-06-15,1.0,DUPLICATE
214,398,User celebrated their birthday recently,User celebrated their birthday recently,event,event,2026-07-24,2026-06-10,1.0,DUPLICATE
214,468,User celebrated their birthday recently,User's birthday is in March,event,fact,2026-07-24,2026-01-31,0.831,RELATED
214,471,User celebrated their birthday recently,User celebrated their birthday recently,event,event,2026-07-24,2026-03-18,1.0,DUPLICATE
214,476,User celebrated their birthday recently,User celebrated their birthday recently,event,event,2026-07-24,2026-07-03,1.0,DUPLICATE
215,224,User went on a trip to Goa,User went on a trip to Goa,event,event,2026-05-28,2026-07-07,1.0,DUPLICATE
215,225,User went on a trip to Goa,User went on a trip to Goa,event,event,2026-05-28,2026-05-07,1.0,DUPLICATE
215,235,User went on a trip to Goa,User went on a trip to Goa,event,event,2026-05-28,2026-05-13,1.0,DUPLICATE
215,242,User went on a trip to Goa,User went on a trip to Goa,event,event,2026-05-28,2026-06-26,1.0,DUPLICATE
215,255,User went on a trip to Goa,User went on a trip to Goa,event,event,2026-05-28,2026-07-10,1.0,DUPLICATE
215,330,User went on a trip to Goa,User went on a trip to Goa,event,event,2026-05-28,2026-04-21,1.0,DUPLICATE
215,419,User went on a trip to Goa,User went on a trip to Goa,event,event,2026-05-28,2026-02-16,1.0,DUPLICATE
215,462,User went on a trip to Goa,User went on a trip to Goa,event,event,2026-05-28,2026-02-09,1.0,DUPLICATE
216,270,User is learning Spanish,User wants to learn Spanish,goal,goal,2026-03-16,2026-05-16,0.919,NEAR_DUPLICATE
216,331,User is learning Spanish,User wants to learn Spanish,goal,goal,2026-03-16,2026-07-03,0.919,NEAR_DUPLICATE
216,358,User is learning Spanish,User wants to learn Spanish,goal,goal,2026-03-16,2026-06-29,0.919,NEAR_DUPLICATE
216,420,User is learning Spanish,User is learning Spanish,goal,goal,2026-03-16,2026-06-06,1.0,DUPLICATE
216,439,User is learning Spanish,User wants to learn Spanish,goal,goal,2026-03-16,2026-03-30,0.919,NEAR_DUPLICATE
216,458,User is learning Spanish,User wants to learn Spanish,goal,goal,2026-03-16,2026-05-08,0.919,NEAR_DUPLICATE
216,510,User is learning Spanish,User is learning Spanish,goal,goal,2026-03-16,2026-05-09,1.0,DUPLICATE
216,511,User is learning Spanish,User is now fluent in Spanish,goal,fact,2026-03-16,2026-06-18,0.786,EVOLVING
217,281,Finish reading the assigned book by next week,Finish reading the assigned book by next week,task,task,2026-05-25,2026-07-06,1.0,DUPLICATE
217,295,Finish reading the assigned book by next week,Finish reading the assigned book by next week,task,task,2026-05-25,2026-04-22,1.0,DUPLICATE
217,305,Finish reading the assigned book by next week,Finish reading the assigned book by next week,task,task,2026-05-25,2026-01-31,1.0,DUPLICATE
217,320,Finish reading the assigned book by next week,Finish reading the assigned book by next week,task,task,2026-05-25,2026-07-13,1.0,DUPLICATE
217,336,Finish reading the assigned book by next week,Finish reading the assigned book by next week,task,task,2026-05-25,2026-05-20,1.0,DUPLICATE
217,357,Finish reading the assigned book by next week,Finish reading the assigned book by next week,task,task,2026-05-25,2026-03-29,1.0,DUPLICATE
217,396,Finish reading the assigned book by next week,Finish reading the assigned book by next week,task,task,2026-05-25,2026-06-23,1.0,DUPLICATE
217,481,Finish reading the assigned book by next week,Finish reading the assigned book by next week,task,task,2026-05-25,2026-05-21,1.0,DUPLICATE
218,375,User has a cat named Whiskers,User has a cat named Whiskers,fact,fact,2026-03-02,2026-05-29,1.0,DUPLICATE
218,383,User has a cat named Whiskers,User has a cat named Whiskers,fact,fact,2026-03-02,2026-03-14,1.0,DUPLICATE
218,402,User has a cat named Whiskers,User has a cat named Whiskers,fact,fact,2026-03-02,2026-04-18,1.0,DUPLICATE
218,409,User has a cat named Whiskers,User has a cat named Whiskers,fact,fact,2026-03-02,2026-07-21,1.0,DUPLICATE
218,441,User has a cat named Whiskers,User has a cat named Whiskers,fact,fact,2026-03-02,2026-06-02,1.0,DUPLICATE
219,352,User likes detailed explanations,User likes detailed explanations,preference,preference,2026-04-01,2026-02-22,1.0,DUPLICATE
219,393,User likes detailed explanations,User likes detailed explanations,preference,preference,2026-04-01,2026-02-05,1.0,DUPLICATE
219,435,User likes detailed explanations,User likes detailed explanations,preference,preference,2026-04-01,2026-05-14,1.0,DUPLICATE
219,473,User likes detailed explanations,User likes detailed explanations,preference,preference,2026-04-01,2026-06-21,1.0,DUPLICATE
220,229,Pay electricity bill by Friday,Pay electricity bill by Friday,task,task,2026-05-14,2026-06-26,1.0,DUPLICATE
220,307,Pay electricity bill by Friday,Pay electricity bill by Friday,task,task,2026-05-14,2026-03-07,1.0,DUPLICATE
220,325,Pay electricity bill by Friday,Pay electricity bill by Friday,task,task,2026-05-14,2026-02-15,1.0,DUPLICATE
220,460,Pay electricity bill by Friday,Pay electricity bill by Friday,task,task,2026-05-14,2026-04-09,1.0,DUPLICATE
220,467,Pay electricity bill by Friday,Pay electricity bill by Friday,task,task,2026-05-14,2026-05-22,1.0,DUPLICATE
220,475,Pay electricity bill by Friday,Pay electricity bill by Friday,task,task,2026-05-14,2026-01-30,1.0,DUPLICATE
221,227,User wants to buy a house within five years,User is saving up to buy a house,goal,goal,2026-04-18,2026-04-08,0.722,RELATED
221,257,User wants to buy a house within five years,User wants to buy a house within five years,goal,goal,2026-04-18,2026-04-26,1.0,DUPLICATE
221,260,User wants to buy a house within five years,User is saving up to buy a house,goal,goal,2026-04-18,2026-05-03,0.722,RELATED
221,267,User wants to buy a house within five years,User is saving up to buy a house,goal,goal,2026-04-18,2026-03-27,0.722,RELATED
221,283,User wants to buy a house within five years,User is saving up to buy a house,goal,goal,2026-04-18,2026-03-04,0.722,RELATED
221,326,User wants to buy a house within five years,User is saving up to buy a house,goal,goal,2026-04-18,2026-07-04,0.722,RELATED
221,373,User wants to buy a house within five years,User wants to buy a house within five years,goal,goal,2026-04-18,2026-07-18,1.0,DUPLICATE
221,492,User wants to buy a house within five years,User wants to buy a house within five years,goal,goal,2026-04-18,2026-02-13,1.0,DUPLICATE
221,498,User wants to buy a house within five years,User wants to buy a house within five years,goal,goal,2026-04-18,2026-05-13,1.0,DUPLICATE
221,512,User wants to buy a house within five years,User wants to buy a house within five years,goal,goal,2026-04-18,2026-05-13,1.0,DUPLICATE
221,513,User wants to buy a house within five years,User bought a house,goal,fact,2026-04-18,2026-06-08,0.706,EVOLVING
221,518,User wants to buy a house within five years,User is saving up to buy a house,goal,goal,2026-04-18,2026-04-12,0.722,RELATED
221,519,User wants to buy a house within five years,User bought a house,goal,fact,2026-04-18,2026-05-28,0.706,EVOLVING
222,248,User wants to run a marathon next year,User plans to run a marathon next year,goal,goal,2026-07-16,2026-06-25,0.935,NEAR_DUPLICATE
222,254,User wants to run a marathon next year,User plans to run a marathon next year,goal,goal,2026-07-16,2026-04-26,0.935,NEAR_DUPLICATE
222,313,User wants to run a marathon next year,User wants to run a marathon next year,goal,goal,2026-07-16,2026-03-19,1.0,DUPLICATE
222,346,User wants to run a marathon next year,User plans to run a marathon next year,goal,goal,2026-07-16,2026-04-26,0.935,NEAR_DUPLICATE
222,416,User wants to run a marathon next year,User wants to run a marathon next year,goal,goal,2026-07-16,2026-07-06,1.0,DUPLICATE
222,424,User wants to run a marathon next year,User wants to run a marathon next year,goal,goal,2026-07-16,2026-04-19,1.0,DUPLICATE
222,478,User wants to run a marathon next year,User plans to run a marathon next year,goal,goal,2026-07-16,2026-06-22,0.935,NEAR_DUPLICATE
222,516,User wants to run a marathon next year,User wants to run a marathon next year,goal,goal,2026-07-16,2026-05-30,1.0,DUPLICATE
222,517,User wants to run a marathon next year,User completed a marathon,goal,fact,2026-07-16,2026-06-20,0.743,EVOLVING
223,239,Return the library books by Thursday,Return the library books by Thursday,task,task,2026-04-21,2026-02-04,1.0,DUPLICATE
223,265,Return the library books by Thursday,Return the library books by Thursday,task,task,2026-04-21,2026-07-13,1.0,DUPLICATE
223,317,Return the library books by Thursday,Return the library books by Thursday,task,task,2026-04-21,2026-06-15,1.0,DUPLICATE
223,370,Return the library books by Thursday,Return the library books by Thursday,task,task,2026-04-21,2026-06-16,1.0,DUPLICATE
223,380,Return the library books by Thursday,Return the library books by Thursday,task,task,2026-04-21,2026-06-22,1.0,DUPLICATE
223,386,Return the library books by Thursday,Return the library books by Thursday,task,task,2026-04-21,2026-07-28,1.0,DUPLICATE
223,449,Return the library books by Thursday,Return the library books by Thursday,task,task,2026-04-21,2026-02-12,1.0,DUPLICATE
223,456,Return the library books by Thursday,Return the library books by Thursday,task,task,2026-04-21,2026-04-23,1.0,DUPLICATE
223,482,Return the library books by Thursday,Return the library books by Thursday,task,task,2026-04-21,2026-03-18,1.0,DUPLICATE
224,225,User went on a trip to Goa,User went on a trip to Goa,event,event,2026-07-07,2026-05-07,1.0,DUPLICATE
224,235,User went on a trip to Goa,User went on a trip to Goa,event,event,2026-07-07,2026-05-13,1.0,DUPLICATE
224,242,User went on a trip to Goa,User went on a trip to Goa,event,event,2026-07-07,2026-06-26,1.0,DUPLICATE
224,255,User went on a trip to Goa,User went on a trip to Goa,event,event,2026-07-07,2026-07-10,1.0,DUPLICATE
224,330,User went on a trip to Goa,User went on a trip to Goa,event,event,2026-07-07,2026-04-21,1.0,DUPLICATE
224,419,User went on a trip to Goa,User went on a trip to Goa,event,event,2026-07-07,2026-02-16,1.0,DUPLICATE
224,462,User went on a trip to Goa,User went on a trip to Goa,event,event,2026-07-07,2026-02-09,1.0,DUPLICATE
225,235,User went on a trip to Goa,User went on a trip to Goa,event,event,2026-05-07,2026-05-13,1.0,DUPLICATE
225,242,User went on a trip to Goa,User went on a trip to Goa,event,event,2026-05-07,2026-06-26,1.0,DUPLICATE
225,255,User went on a trip to Goa,User went on a trip to Goa,event,event,2026-05-07,2026-07-10,1.0,DUPLICATE
225,330,User went on a trip to Goa,User went on a trip to Goa,event,event,2026-05-07,2026-04-21,1.0,DUPLICATE
225,419,User went on a trip to Goa,User went on a trip to Goa,event,event,2026-05-07,2026-02-16,1.0,DUPLICATE
225,462,User went on a trip to Goa,User went on a trip to Goa,event,event,2026-05-07,2026-02-09,1.0,DUPLICATE
226,245,User attended a college hackathon,User attended a college hackathon,event,event,2026-04-10,2026-07-21,1.0,DUPLICATE
226,256,User attended a college hackathon,User attended a college hackathon,event,event,2026-04-10,2026-02-22,1.0,DUPLICATE
226,263,User attended a college hackathon,User attended a college hackathon,event,event,2026-04-10,2026-02-20,1.0,DUPLICATE
226,304,User attended a college hackathon,User attended a college hackathon,event,event,2026-04-10,2026-06-14,1.0,DUPLICATE
226,318,User attended a college hackathon,User attended a college hackathon,event,event,2026-04-10,2026-07-13,1.0,DUPLICATE
226,328,User attended a college hackathon,User attended a college hackathon,event,event,2026-04-10,2026-07-20,1.0,DUPLICATE
226,378,User attended a college hackathon,User attended a college hackathon,event,event,2026-04-10,2026-07-04,1.0,DUPLICATE
226,390,User attended a college hackathon,User attended a college hackathon,event,event,2026-04-10,2026-04-06,1.0,DUPLICATE
226,397,User attended a college hackathon,User attended a college hackathon,event,event,2026-04-10,2026-02-23,1.0,DUPLICATE
226,410,User attended a college hackathon,User attended a college hackathon,event,event,2026-04-10,2026-07-09,1.0,DUPLICATE
226,457,User attended a college hackathon,User attended a college hackathon,event,event,2026-04-10,2026-02-03,1.0,DUPLICATE
227,257,User is saving up to buy a house,User wants to buy a house within five years,goal,goal,2026-04-08,2026-04-26,0.722,RELATED
227,260,User is saving up to buy a house,User is saving up to buy a house,goal,goal,2026-04-08,2026-05-03,1.0,DUPLICATE
227,267,User is saving up to buy a house,User is saving up to buy a house,goal,goal,2026-04-08,2026-03-27,1.0,DUPLICATE
227,283,User is saving up to buy a house,User is saving up to buy a house,goal,goal,2026-04-08,2026-03-04,1.0,DUPLICATE
227,326,User is saving up to buy a house,User is saving up to buy a house,goal,goal,2026-04-08,2026-07-04,1.0,DUPLICATE
227,373,User is saving up to buy a house,User wants to buy a house within five years,goal,goal,2026-04-08,2026-07-18,0.722,RELATED
227,492,User is saving up to buy a house,User wants to buy a house within five years,goal,goal,2026-04-08,2026-02-13,0.722,RELATED
227,498,User is saving up to buy a house,User wants to buy a house within five years,goal,goal,2026-04-08,2026-05-13,0.722,RELATED
227,512,User is saving up to buy a house,User wants to buy a house within five years,goal,goal,2026-04-08,2026-05-13,0.722,RELATED
227,513,User is saving up to buy a house,User bought a house,goal,fact,2026-04-08,2026-06-08,0.748,EVOLVING
227,518,User is saving up to buy a house,User is saving up to buy a house,goal,goal,2026-04-08,2026-04-12,1.0,DUPLICATE
227,519,User is saving up to buy a house,User bought a house,goal,fact,2026-04-08,2026-05-28,0.748,EVOLVING
228,287,User visited the doctor last month,User visited the doctor last month,event,event,2026-02-05,2026-02-08,1.0,DUPLICATE
228,316,User visited the doctor last month,User visited the doctor last month,event,event,2026-02-05,2026-05-27,1.0,DUPLICATE
228,338,User visited the doctor last month,User visited the doctor last month,event,event,2026-02-05,2026-05-06,1.0,DUPLICATE
228,408,User visited the doctor last month,User visited the doctor last month,event,event,2026-02-05,2026-05-23,1.0,DUPLICATE
228,450,User visited the doctor last month,User visited the doctor last month,event,event,2026-02-05,2026-04-28,1.0,DUPLICATE
228,463,User visited the doctor last month,User visited the doctor last month,event,event,2026-02-05,2026-03-25,1.0,DUPLICATE
228,497,User visited the doctor last month,User visited the doctor last month,event,event,2026-02-05,2026-06-10,1.0,DUPLICATE
229,307,Pay electricity bill by Friday,Pay electricity bill by Friday,task,task,2026-06-26,2026-03-07,1.0,DUPLICATE
229,325,Pay electricity bill by Friday,Pay electricity bill by Friday,task,task,2026-06-26,2026-02-15,1.0,DUPLICATE
229,460,Pay electricity bill by Friday,Pay electricity bill by Friday,task,task,2026-06-26,2026-04-09,1.0,DUPLICATE
229,467,Pay electricity bill by Friday,Pay electricity bill by Friday,task,task,2026-06-26,2026-05-22,1.0,DUPLICATE
229,475,Pay electricity bill by Friday,Pay electricity bill by Friday,task,task,2026-06-26,2026-01-30,1.0,DUPLICATE
230,347,User watched a movie yesterday,User watched a movie yesterday,event,event,2026-02-24,2026-04-01,1.0,DUPLICATE
230,448,User watched a movie yesterday,User watched a movie yesterday,event,event,2026-02-24,2026-05-03,1.0,DUPLICATE
231,240,User attended a wedding last weekend,User attended a wedding last weekend,event,event,2026-03-15,2026-06-25,1.0,DUPLICATE
231,243,User attended a wedding last weekend,User attended a wedding last weekend,event,event,2026-03-15,2026-06-15,1.0,DUPLICATE
231,259,User attended a wedding last weekend,User attended a wedding last weekend,event,event,2026-03-15,2026-05-06,1.0,DUPLICATE
231,296,User attended a wedding last weekend,User attended a wedding last weekend,event,event,2026-03-15,2026-02-11,1.0,DUPLICATE
231,310,User attended a wedding last weekend,User attended a wedding last weekend,event,event,2026-03-15,2026-03-28,1.0,DUPLICATE
231,339,User attended a wedding last weekend,User attended a wedding last weekend,event,event,2026-03-15,2026-03-04,1.0,DUPLICATE
231,344,User attended a wedding last weekend,User attended a wedding last weekend,event,event,2026-03-15,2026-05-13,1.0,DUPLICATE
231,354,User attended a wedding last weekend,User attended a wedding last weekend,event,event,2026-03-15,2026-04-05,1.0,DUPLICATE
231,355,User attended a wedding last weekend,User attended a wedding last weekend,event,event,2026-03-15,2026-05-01,1.0,DUPLICATE
231,361,User attended a wedding last weekend,User attended a wedding last weekend,event,event,2026-03-15,2026-04-04,1.0,DUPLICATE
231,376,User attended a wedding last weekend,User attended a wedding last weekend,event,event,2026-03-15,2026-06-06,1.0,DUPLICATE
231,411,User attended a wedding last weekend,User attended a wedding last weekend,event,event,2026-03-15,2026-04-25,1.0,DUPLICATE
231,452,User attended a wedding last weekend,User attended a wedding last weekend,event,event,2026-03-15,2026-02-15,1.0,DUPLICATE
232,244,User's favorite color is blue,User's favorite color is blue,fact,fact,2026-06-11,2026-02-14,1.0,DUPLICATE
232,258,User's favorite color is blue,User's favorite color is blue,fact,fact,2026-06-11,2026-06-23,1.0,DUPLICATE
232,321,User's favorite color is blue,User's favorite color is blue,fact,fact,2026-06-11,2026-03-15,1.0,DUPLICATE
232,353,User's favorite color is blue,User's favorite color is blue,fact,fact,2026-06-11,2026-07-03,1.0,DUPLICATE
232,385,User's favorite color is blue,User's favorite color is blue,fact,fact,2026-06-11,2026-07-03,1.0,DUPLICATE
233,249,Book flight tickets before price increase,Book flight tickets before price increase,task,task,2026-02-22,2026-06-22,1.0,DUPLICATE
233,250,Book flight tickets before price increase,Book flight tickets before price increase,task,task,2026-02-22,2026-06-18,1.0,DUPLICATE
233,252,Book flight tickets before price increase,Book flight tickets before price increase,task,task,2026-02-22,2026-06-03,1.0,DUPLICATE
233,469,Book flight tickets before price increase,Book flight tickets before price increase,task,task,2026-02-22,2026-03-09,1.0,DUPLICATE
233,470,Book flight tickets before price increase,Book flight tickets before price increase,task,task,2026-02-22,2026-03-29,1.0,DUPLICATE
234,237,Renew driving license this month,Renew driving license this month,task,task,2026-04-06,2026-02-22,1.0,DUPLICATE
234,277,Renew driving license this month,Renew driving license this month,task,task,2026-04-06,2026-05-15,1.0,DUPLICATE
234,286,Renew driving license this month,Renew driving license this month,task,task,2026-04-06,2026-04-03,1.0,DUPLICATE
234,322,Renew driving license this month,Renew driving license this month,task,task,2026-04-06,2026-07-01,1.0,DUPLICATE
234,367,Renew driving license this month,Renew driving license this month,task,task,2026-04-06,2026-03-26,1.0,DUPLICATE
234,391,Renew driving license this month,Renew driving license this month,task,task,2026-04-06,2026-03-28,1.0,DUPLICATE
234,413,Renew driving license this month,Renew driving license this month,task,task,2026-04-06,2026-06-13,1.0,DUPLICATE
234,432,Renew driving license this month,Renew driving license this month,task,task,2026-04-06,2026-07-05,1.0,DUPLICATE
234,436,Renew driving license this month,Renew driving license this month,task,task,2026-04-06,2026-04-12,1.0,DUPLICATE
235,242,User went on a trip to Goa,User went on a trip to Goa,event,event,2026-05-13,2026-06-26,1.0,DUPLICATE
235,255,User went on a trip to Goa,User went on a trip to Goa,event,event,2026-05-13,2026-07-10,1.0,DUPLICATE
235,330,User went on a trip to Goa,User went on a trip to Goa,event,event,2026-05-13,2026-04-21,1.0,DUPLICATE
235,419,User went on a trip to Goa,User went on a trip to Goa,event,event,2026-05-13,2026-02-16,1.0,DUPLICATE
235,462,User went on a trip to Goa,User went on a trip to Goa,event,event,2026-05-13,2026-02-09,1.0,DUPLICATE
236,404,User prefers Python over Java,User prefers Python over Java,preference,preference,2026-05-29,2026-03-13,1.0,DUPLICATE
236,425,User prefers Python over Java,User prefers Python over Java,preference,preference,2026-05-29,2026-03-01,1.0,DUPLICATE
236,434,User prefers Python over Java,User prefers Python over Java,preference,preference,2026-05-29,2026-05-19,1.0,DUPLICATE
236,442,User prefers Python over Java,User prefers Python over Java,preference,preference,2026-05-29,2026-05-29,1.0,DUPLICATE
236,451,User prefers Python over Java,User prefers Python over Java,preference,preference,2026-05-29,2026-07-28,1.0,DUPLICATE
236,506,User prefers Python over Java,User prefers Python over Java,preference,preference,2026-05-29,2026-06-10,1.0,DUPLICATE
236,507,User prefers Python over Java,User prefers Java over Python,preference,preference,2026-05-29,2026-06-24,0.992,DUPLICATE
237,277,Renew driving license this month,Renew driving license this month,task,task,2026-02-22,2026-05-15,1.0,DUPLICATE
237,286,Renew driving license this month,Renew driving license this month,task,task,2026-02-22,2026-04-03,1.0,DUPLICATE
237,322,Renew driving license this month,Renew driving license this month,task,task,2026-02-22,2026-07-01,1.0,DUPLICATE
237,367,Renew driving license this month,Renew driving license this month,task,task,2026-02-22,2026-03-26,1.0,DUPLICATE
237,391,Renew driving license this month,Renew driving license this month,task,task,2026-02-22,2026-03-28,1.0,DUPLICATE
237,413,Renew driving license this month,Renew driving license this month,task,task,2026-02-22,2026-06-13,1.0,DUPLICATE
237,432,Renew driving license this month,Renew driving license this month,task,task,2026-02-22,2026-07-05,1.0,DUPLICATE
237,436,Renew driving license this month,Renew driving license this month,task,task,2026-02-22,2026-04-12,1.0,DUPLICATE
238,333,Send the report to manager by end of day,Send the report to manager by end of day,task,task,2026-04-15,2026-06-11,1.0,DUPLICATE
238,403,Send the report to manager by end of day,Send the report to manager by end of day,task,task,2026-04-15,2026-07-07,1.0,DUPLICATE
238,485,Send the report to manager by end of day,Send the report to manager by end of day,task,task,2026-04-15,2026-02-16,1.0,DUPLICATE
239,265,Return the library books by Thursday,Return the library books by Thursday,task,task,2026-02-04,2026-07-13,1.0,DUPLICATE
239,317,Return the library books by Thursday,Return the library books by Thursday,task,task,2026-02-04,2026-06-15,1.0,DUPLICATE
239,370,Return the library books by Thursday,Return the library books by Thursday,task,task,2026-02-04,2026-06-16,1.0,DUPLICATE
239,380,Return the library books by Thursday,Return the library books by Thursday,task,task,2026-02-04,2026-06-22,1.0,DUPLICATE
239,386,Return the library books by Thursday,Return the library books by Thursday,task,task,2026-02-04,2026-07-28,1.0,DUPLICATE
239,449,Return the library books by Thursday,Return the library books by Thursday,task,task,2026-02-04,2026-02-12,1.0,DUPLICATE
239,456,Return the library books by Thursday,Return the library books by Thursday,task,task,2026-02-04,2026-04-23,1.0,DUPLICATE
239,482,Return the library books by Thursday,Return the library books by Thursday,task,task,2026-02-04,2026-03-18,1.0,DUPLICATE
240,243,User attended a wedding last weekend,User attended a wedding last weekend,event,event,2026-06-25,2026-06-15,1.0,DUPLICATE
240,259,User attended a wedding last weekend,User attended a wedding last weekend,event,event,2026-06-25,2026-05-06,1.0,DUPLICATE
240,296,User attended a wedding last weekend,User attended a wedding last weekend,event,event,2026-06-25,2026-02-11,1.0,DUPLICATE
240,310,User attended a wedding last weekend,User attended a wedding last weekend,event,event,2026-06-25,2026-03-28,1.0,DUPLICATE
240,339,User attended a wedding last weekend,User attended a wedding last weekend,event,event,2026-06-25,2026-03-04,1.0,DUPLICATE
240,344,User attended a wedding last weekend,User attended a wedding last weekend,event,event,2026-06-25,2026-05-13,1.0,DUPLICATE
240,354,User attended a wedding last weekend,User attended a wedding last weekend,event,event,2026-06-25,2026-04-05,1.0,DUPLICATE
240,355,User attended a wedding last weekend,User attended a wedding last weekend,event,event,2026-06-25,2026-05-01,1.0,DUPLICATE
240,361,User attended a wedding last weekend,User attended a wedding last weekend,event,event,2026-06-25,2026-04-04,1.0,DUPLICATE
240,376,User attended a wedding last weekend,User attended a wedding last weekend,event,event,2026-06-25,2026-06-06,1.0,DUPLICATE
240,411,User attended a wedding last weekend,User attended a wedding last weekend,event,event,2026-06-25,2026-04-25,1.0,DUPLICATE
240,452,User attended a wedding last weekend,User attended a wedding last weekend,event,event,2026-06-25,2026-02-15,1.0,DUPLICATE
241,247,User prefers tea over coffee,User prefers tea over coffee,preference,preference,2026-06-01,2026-02-23,1.0,DUPLICATE
241,366,User prefers tea over coffee,User prefers tea over coffee,preference,preference,2026-06-01,2026-02-01,1.0,DUPLICATE
241,368,User prefers tea over coffee,User prefers tea over coffee,preference,preference,2026-06-01,2026-04-04,1.0,DUPLICATE
241,446,User prefers tea over coffee,User prefers tea over coffee,preference,preference,2026-06-01,2026-07-13,1.0,DUPLICATE
241,453,User prefers tea over coffee,User prefers tea over coffee,preference,preference,2026-06-01,2026-05-08,1.0,DUPLICATE
241,500,User prefers tea over coffee,User prefers tea over coffee,preference,preference,2026-06-01,2026-05-13,1.0,DUPLICATE
241,501,User prefers tea over coffee,User prefers coffee over tea,preference,preference,2026-06-01,2026-05-23,0.996,DUPLICATE
242,255,User went on a trip to Goa,User went on a trip to Goa,event,event,2026-06-26,2026-07-10,1.0,DUPLICATE
242,330,User went on a trip to Goa,User went on a trip to Goa,event,event,2026-06-26,2026-04-21,1.0,DUPLICATE
242,419,User went on a trip to Goa,User went on a trip to Goa,event,event,2026-06-26,2026-02-16,1.0,DUPLICATE
242,462,User went on a trip to Goa,User went on a trip to Goa,event,event,2026-06-26,2026-02-09,1.0,DUPLICATE
243,259,User attended a wedding last weekend,User attended a wedding last weekend,event,event,2026-06-15,2026-05-06,1.0,DUPLICATE
243,296,User attended a wedding last weekend,User attended a wedding last weekend,event,event,2026-06-15,2026-02-11,1.0,DUPLICATE
243,310,User attended a wedding last weekend,User attended a wedding last weekend,event,event,2026-06-15,2026-03-28,1.0,DUPLICATE
243,339,User attended a wedding last weekend,User attended a wedding last weekend,event,event,2026-06-15,2026-03-04,1.0,DUPLICATE
243,344,User attended a wedding last weekend,User attended a wedding last weekend,event,event,2026-06-15,2026-05-13,1.0,DUPLICATE
243,354,User attended a wedding last weekend,User attended a wedding last weekend,event,event,2026-06-15,2026-04-05,1.0,DUPLICATE
243,355,User attended a wedding last weekend,User attended a wedding last weekend,event,event,2026-06-15,2026-05-01,1.0,DUPLICATE
243,361,User attended a wedding last weekend,User attended a wedding last weekend,event,event,2026-06-15,2026-04-04,1.0,DUPLICATE
243,376,User attended a wedding last weekend,User attended a wedding last weekend,event,event,2026-06-15,2026-06-06,1.0,DUPLICATE
243,411,User attended a wedding last weekend,User attended a wedding last weekend,event,event,2026-06-15,2026-04-25,1.0,DUPLICATE
243,452,User attended a wedding last weekend,User attended a wedding last weekend,event,event,2026-06-15,2026-02-15,1.0,DUPLICATE
244,258,User's favorite color is blue,User's favorite color is blue,fact,fact,2026-02-14,2026-06-23,1.0,DUPLICATE
244,321,User's favorite color is blue,User's favorite color is blue,fact,fact,2026-02-14,2026-03-15,1.0,DUPLICATE
244,353,User's favorite color is blue,User's favorite color is blue,fact,fact,2026-02-14,2026-07-03,1.0,DUPLICATE
244,385,User's favorite color is blue,User's favorite color is blue,fact,fact,2026-02-14,2026-07-03,1.0,DUPLICATE
245,256,User attended a college hackathon,User attended a college hackathon,event,event,2026-07-21,2026-02-22,1.0,DUPLICATE
245,263,User attended a college hackathon,User attended a college hackathon,event,event,2026-07-21,2026-02-20,1.0,DUPLICATE
245,304,User attended a college hackathon,User attended a college hackathon,event,event,2026-07-21,2026-06-14,1.0,DUPLICATE
245,318,User attended a college hackathon,User attended a college hackathon,event,event,2026-07-21,2026-07-13,1.0,DUPLICATE
245,328,User attended a college hackathon,User attended a college hackathon,event,event,2026-07-21,2026-07-20,1.0,DUPLICATE
245,378,User attended a college hackathon,User attended a college hackathon,event,event,2026-07-21,2026-07-04,1.0,DUPLICATE
245,390,User attended a college hackathon,User attended a college hackathon,event,event,2026-07-21,2026-04-06,1.0,DUPLICATE
245,397,User attended a college hackathon,User attended a college hackathon,event,event,2026-07-21,2026-02-23,1.0,DUPLICATE
245,410,User attended a college hackathon,User attended a college hackathon,event,event,2026-07-21,2026-07-09,1.0,DUPLICATE
245,457,User attended a college hackathon,User attended a college hackathon,event,event,2026-07-21,2026-02-03,1.0,DUPLICATE
246,253,Call the dentist to reschedule appointment,Call the dentist to reschedule appointment,task,task,2026-04-03,2026-03-13,1.0,DUPLICATE
246,438,Call the dentist to reschedule appointment,Call the dentist to reschedule appointment,task,task,2026-04-03,2026-06-12,1.0,DUPLICATE
246,444,Call the dentist to reschedule appointment,Call the dentist to reschedule appointment,task,task,2026-04-03,2026-06-14,1.0,DUPLICATE
246,477,Call the dentist to reschedule appointment,Call the dentist to reschedule appointment,task,task,2026-04-03,2026-04-21,1.0,DUPLICATE
247,366,User prefers tea over coffee,User prefers tea over coffee,preference,preference,2026-02-23,2026-02-01,1.0,DUPLICATE
247,368,User prefers tea over coffee,User prefers tea over coffee,preference,preference,2026-02-23,2026-04-04,1.0,DUPLICATE
247,446,User prefers tea over coffee,User prefers tea over coffee,preference,preference,2026-02-23,2026-07-13,1.0,DUPLICATE
247,453,User prefers tea over coffee,User prefers tea over coffee,preference,preference,2026-02-23,2026-05-08,1.0,DUPLICATE
247,500,User prefers tea over coffee,User prefers tea over coffee,preference,preference,2026-02-23,2026-05-13,1.0,DUPLICATE
247,501,User prefers tea over coffee,User prefers coffee over tea,preference,preference,2026-02-23,2026-05-23,0.996,DUPLICATE
248,254,User plans to run a marathon next year,User plans to run a marathon next year,goal,goal,2026-06-25,2026-04-26,1.0,DUPLICATE
248,313,User plans to run a marathon next year,User wants to run a marathon next year,goal,goal,2026-06-25,2026-03-19,0.935,NEAR_DUPLICATE
248,346,User plans to run a marathon next year,User plans to run a marathon next year,goal,goal,2026-06-25,2026-04-26,1.0,DUPLICATE
248,416,User plans to run a marathon next year,User wants to run a marathon next year,goal,goal,2026-06-25,2026-07-06,0.935,NEAR_DUPLICATE
248,424,User plans to run a marathon next year,User wants to run a marathon next year,goal,goal,2026-06-25,2026-04-19,0.935,NEAR_DUPLICATE
248,478,User plans to run a marathon next year,User plans to run a marathon next year,goal,goal,2026-06-25,2026-06-22,1.0,DUPLICATE
248,516,User plans to run a marathon next year,User wants to run a marathon next year,goal,goal,2026-06-25,2026-05-30,0.935,NEAR_DUPLICATE
248,517,User plans to run a marathon next year,User completed a marathon,goal,fact,2026-06-25,2026-06-20,0.684,EVOLVING
249,250,Book flight tickets before price increase,Book flight tickets before price increase,task,task,2026-06-22,2026-06-18,1.0,DUPLICATE
249,252,Book flight tickets before price increase,Book flight tickets before price increase,task,task,2026-06-22,2026-06-03,1.0,DUPLICATE
249,469,Book flight tickets before price increase,Book flight tickets before price increase,task,task,2026-06-22,2026-03-09,1.0,DUPLICATE
249,470,Book flight tickets before price increase,Book flight tickets before price increase,task,task,2026-06-22,2026-03-29,1.0,DUPLICATE
250,252,Book flight tickets before price increase,Book flight tickets before price increase,task,task,2026-06-18,2026-06-03,1.0,DUPLICATE
250,469,Book flight tickets before price increase,Book flight tickets before price increase,task,task,2026-06-18,2026-03-09,1.0,DUPLICATE
250,470,Book flight tickets before price increase,Book flight tickets before price increase,task,task,2026-06-18,2026-03-29,1.0,DUPLICATE
251,266,User had a job interview last week,User had a job interview last week,event,event,2026-03-23,2026-05-09,1.0,DUPLICATE
251,298,User had a job interview last week,User had a job interview last week,event,event,2026-03-23,2026-03-14,1.0,DUPLICATE
251,303,User had a job interview last week,User is preparing for interviews,event,goal,2026-03-23,2026-05-12,0.625,RELATED
251,306,User had a job interview last week,User had a job interview last week,event,event,2026-03-23,2026-05-28,1.0,DUPLICATE
251,308,User had a job interview last week,User is preparing for interviews,event,goal,2026-03-23,2026-05-05,0.625,RELATED
251,314,User had a job interview last week,User is preparing for interviews,event,goal,2026-03-23,2026-04-25,0.625,RELATED
251,327,User had a job interview last week,User had a job interview last week,event,event,2026-03-23,2026-05-20,1.0,DUPLICATE
251,332,User had a job interview last week,User had a job interview last week,event,event,2026-03-23,2026-05-06,1.0,DUPLICATE
251,343,User had a job interview last week,User had a job interview last week,event,event,2026-03-23,2026-05-05,1.0,DUPLICATE
251,350,User had a job interview last week,User had a job interview last week,event,event,2026-03-23,2026-03-14,1.0,DUPLICATE
251,433,User had a job interview last week,User had a job interview last week,event,event,2026-03-23,2026-04-18,1.0,DUPLICATE
251,464,User had a job interview last week,User had a job interview last week,event,event,2026-03-23,2026-06-07,1.0,DUPLICATE
251,483,User had a job interview last week,User had a job interview last week,event,event,2026-03-23,2026-06-24,1.0,DUPLICATE
251,494,User had a job interview last week,User is preparing for interviews,event,goal,2026-03-23,2026-06-20,0.625,RELATED
251,495,User had a job interview last week,User had a job interview last week,event,event,2026-03-23,2026-02-09,1.0,DUPLICATE
251,514,User had a job interview last week,User is preparing for interviews,event,goal,2026-03-23,2026-04-21,0.625,RELATED
251,515,User had a job interview last week,User got a new job after interviews,event,fact,2026-03-23,2026-05-24,0.776,RELATED
252,469,Book flight tickets before price increase,Book flight tickets before price increase,task,task,2026-06-03,2026-03-09,1.0,DUPLICATE
252,470,Book flight tickets before price increase,Book flight tickets before price increase,task,task,2026-06-03,2026-03-29,1.0,DUPLICATE
253,438,Call the dentist to reschedule appointment,Call the dentist to reschedule appointment,task,task,2026-03-13,2026-06-12,1.0,DUPLICATE
253,444,Call the dentist to reschedule appointment,Call the dentist to reschedule appointment,task,task,2026-03-13,2026-06-14,1.0,DUPLICATE
253,477,Call the dentist to reschedule appointment,Call the dentist to reschedule appointment,task,task,2026-03-13,2026-04-21,1.0,DUPLICATE
254,313,User plans to run a marathon next year,User wants to run a marathon next year,goal,goal,2026-04-26,2026-03-19,0.935,NEAR_DUPLICATE
254,346,User plans to run a marathon next year,User plans to run a marathon next year,goal,goal,2026-04-26,2026-04-26,1.0,DUPLICATE
254,416,User plans to run a marathon next year,User wants to run a marathon next year,goal,goal,2026-04-26,2026-07-06,0.935,NEAR_DUPLICATE
254,424,User plans to run a marathon next year,User wants to run a marathon next year,goal,goal,2026-04-26,2026-04-19,0.935,NEAR_DUPLICATE
254,478,User plans to run a marathon next year,User plans to run a marathon next year,goal,goal,2026-04-26,2026-06-22,1.0,DUPLICATE
254,516,User plans to run a marathon next year,User wants to run a marathon next year,goal,goal,2026-04-26,2026-05-30,0.935,NEAR_DUPLICATE
254,517,User plans to run a marathon next year,User completed a marathon,goal,fact,2026-04-26,2026-06-20,0.684,EVOLVING
255,330,User went on a trip to Goa,User went on a trip to Goa,event,event,2026-07-10,2026-04-21,1.0,DUPLICATE
255,419,User went on a trip to Goa,User went on a trip to Goa,event,event,2026-07-10,2026-02-16,1.0,DUPLICATE
255,462,User went on a trip to Goa,User went on a trip to Goa,event,event,2026-07-10,2026-02-09,1.0,DUPLICATE
256,263,User attended a college hackathon,User attended a college hackathon,event,event,2026-02-22,2026-02-20,1.0,DUPLICATE
256,304,User attended a college hackathon,User attended a college hackathon,event,event,2026-02-22,2026-06-14,1.0,DUPLICATE
256,318,User attended a college hackathon,User attended a college hackathon,event,event,2026-02-22,2026-07-13,1.0,DUPLICATE
256,328,User attended a college hackathon,User attended a college hackathon,event,event,2026-02-22,2026-07-20,1.0,DUPLICATE
256,378,User attended a college hackathon,User attended a college hackathon,event,event,2026-02-22,2026-07-04,1.0,DUPLICATE
256,390,User attended a college hackathon,User attended a college hackathon,event,event,2026-02-22,2026-04-06,1.0,DUPLICATE
256,397,User attended a college hackathon,User attended a college hackathon,event,event,2026-02-22,2026-02-23,1.0,DUPLICATE
256,410,User attended a college hackathon,User attended a college hackathon,event,event,2026-02-22,2026-07-09,1.0,DUPLICATE
256,457,User attended a college hackathon,User attended a college hackathon,event,event,2026-02-22,2026-02-03,1.0,DUPLICATE
257,260,User wants to buy a house within five years,User is saving up to buy a house,goal,goal,2026-04-26,2026-05-03,0.722,RELATED
257,267,User wants to buy a house within five years,User is saving up to buy a house,goal,goal,2026-04-26,2026-03-27,0.722,RELATED
257,283,User wants to buy a house within five years,User is saving up to buy a house,goal,goal,2026-04-26,2026-03-04,0.722,RELATED
257,326,User wants to buy a house within five years,User is saving up to buy a house,goal,goal,2026-04-26,2026-07-04,0.722,RELATED
257,373,User wants to buy a house within five years,User wants to buy a house within five years,goal,goal,2026-04-26,2026-07-18,1.0,DUPLICATE
257,492,User wants to buy a house within five years,User wants to buy a house within five years,goal,goal,2026-04-26,2026-02-13,1.0,DUPLICATE
257,498,User wants to buy a house within five years,User wants to buy a house within five years,goal,goal,2026-04-26,2026-05-13,1.0,DUPLICATE
257,512,User wants to buy a house within five years,User wants to buy a house within five years,goal,goal,2026-04-26,2026-05-13,1.0,DUPLICATE
257,513,User wants to buy a house within five years,User bought a house,goal,fact,2026-04-26,2026-06-08,0.706,EVOLVING
257,518,User wants to buy a house within five years,User is saving up to buy a house,goal,goal,2026-04-26,2026-04-12,0.722,RELATED
257,519,User wants to buy a house within five years,User bought a house,goal,fact,2026-04-26,2026-05-28,0.706,EVOLVING
258,321,User's favorite color is blue,User's favorite color is blue,fact,fact,2026-06-23,2026-03-15,1.0,DUPLICATE
258,353,User's favorite color is blue,User's favorite color is blue,fact,fact,2026-06-23,2026-07-03,1.0,DUPLICATE
258,385,User's favorite color is blue,User's favorite color is blue,fact,fact,2026-06-23,2026-07-03,1.0,DUPLICATE
259,296,User attended a wedding last weekend,User attended a wedding last weekend,event,event,2026-05-06,2026-02-11,1.0,DUPLICATE
259,310,User attended a wedding last weekend,User attended a wedding last weekend,event,event,2026-05-06,2026-03-28,1.0,DUPLICATE
259,339,User attended a wedding last weekend,User attended a wedding last weekend,event,event,2026-05-06,2026-03-04,1.0,DUPLICATE
259,344,User attended a wedding last weekend,User attended a wedding last weekend,event,event,2026-05-06,2026-05-13,1.0,DUPLICATE
259,354,User attended a wedding last weekend,User attended a wedding last weekend,event,event,2026-05-06,2026-04-05,1.0,DUPLICATE
259,355,User attended a wedding last weekend,User attended a wedding last weekend,event,event,2026-05-06,2026-05-01,1.0,DUPLICATE
259,361,User attended a wedding last weekend,User attended a wedding last weekend,event,event,2026-05-06,2026-04-04,1.0,DUPLICATE
259,376,User attended a wedding last weekend,User attended a wedding last weekend,event,event,2026-05-06,2026-06-06,1.0,DUPLICATE
259,411,User attended a wedding last weekend,User attended a wedding last weekend,event,event,2026-05-06,2026-04-25,1.0,DUPLICATE
259,452,User attended a wedding last weekend,User attended a wedding last weekend,event,event,2026-05-06,2026-02-15,1.0,DUPLICATE
260,267,User is saving up to buy a house,User is saving up to buy a house,goal,goal,2026-05-03,2026-03-27,1.0,DUPLICATE
260,283,User is saving up to buy a house,User is saving up to buy a house,goal,goal,2026-05-03,2026-03-04,1.0,DUPLICATE
260,326,User is saving up to buy a house,User is saving up to buy a house,goal,goal,2026-05-03,2026-07-04,1.0,DUPLICATE
260,373,User is saving up to buy a house,User wants to buy a house within five years,goal,goal,2026-05-03,2026-07-18,0.722,RELATED
260,492,User is saving up to buy a house,User wants to buy a house within five years,goal,goal,2026-05-03,2026-02-13,0.722,RELATED
260,498,User is saving up to buy a house,User wants to buy a house within five years,goal,goal,2026-05-03,2026-05-13,0.722,RELATED
260,512,User is saving up to buy a house,User wants to buy a house within five years,goal,goal,2026-05-03,2026-05-13,0.722,RELATED
260,513,User is saving up to buy a house,User bought a house,goal,fact,2026-05-03,2026-06-08,0.748,EVOLVING
260,518,User is saving up to buy a house,User is saving up to buy a house,goal,goal,2026-05-03,2026-04-12,1.0,DUPLICATE
260,519,User is saving up to buy a house,User bought a house,goal,fact,2026-05-03,2026-05-28,0.748,EVOLVING
261,364,User is allergic to peanuts,User is allergic to peanuts,fact,fact,2026-05-05,2026-04-29,1.0,DUPLICATE
261,392,User is allergic to peanuts,User is allergic to peanuts,fact,fact,2026-05-05,2026-04-25,1.0,DUPLICATE
261,400,User is allergic to peanuts,User is allergic to peanuts,fact,fact,2026-05-05,2026-05-08,1.0,DUPLICATE
261,461,User is allergic to peanuts,User is allergic to peanuts,fact,fact,2026-05-05,2026-06-06,1.0,DUPLICATE
262,423,User is left-handed,User is left-handed,fact,fact,2026-03-29,2026-03-05,1.0,DUPLICATE
262,431,User is left-handed,User is left-handed,fact,fact,2026-03-29,2026-02-28,1.0,DUPLICATE
263,304,User attended a college hackathon,User attended a college hackathon,event,event,2026-02-20,2026-06-14,1.0,DUPLICATE
263,318,User attended a college hackathon,User attended a college hackathon,event,event,2026-02-20,2026-07-13,1.0,DUPLICATE
263,328,User attended a college hackathon,User attended a college hackathon,event,event,2026-02-20,2026-07-20,1.0,DUPLICATE
263,378,User attended a college hackathon,User attended a college hackathon,event,event,2026-02-20,2026-07-04,1.0,DUPLICATE
263,390,User attended a college hackathon,User attended a college hackathon,event,event,2026-02-20,2026-04-06,1.0,DUPLICATE
263,397,User attended a college hackathon,User attended a college hackathon,event,event,2026-02-20,2026-02-23,1.0,DUPLICATE
263,410,User attended a college hackathon,User attended a college hackathon,event,event,2026-02-20,2026-07-09,1.0,DUPLICATE
263,457,User attended a college hackathon,User attended a college hackathon,event,event,2026-02-20,2026-02-03,1.0,DUPLICATE
264,300,User owns a dog named Max,User owns a dog named Max,fact,fact,2026-07-24,2026-06-06,1.0,DUPLICATE
264,301,User owns a dog named Max,User owns a dog named Max,fact,fact,2026-07-24,2026-07-17,1.0,DUPLICATE
264,412,User owns a dog named Max,User owns a dog named Max,fact,fact,2026-07-24,2026-03-20,1.0,DUPLICATE
264,484,User owns a dog named Max,User owns a dog named Max,fact,fact,2026-07-24,2026-07-20,1.0,DUPLICATE
265,317,Return the library books by Thursday,Return the library books by Thursday,task,task,2026-07-13,2026-06-15,1.0,DUPLICATE
265,370,Return the library books by Thursday,Return the library books by Thursday,task,task,2026-07-13,2026-06-16,1.0,DUPLICATE
265,380,Return the library books by Thursday,Return the library books by Thursday,task,task,2026-07-13,2026-06-22,1.0,DUPLICATE
265,386,Return the library books by Thursday,Return the library books by Thursday,task,task,2026-07-13,2026-07-28,1.0,DUPLICATE
265,449,Return the library books by Thursday,Return the library books by Thursday,task,task,2026-07-13,2026-02-12,1.0,DUPLICATE
265,456,Return the library books by Thursday,Return the library books by Thursday,task,task,2026-07-13,2026-04-23,1.0,DUPLICATE
265,482,Return the library books by Thursday,Return the library books by Thursday,task,task,2026-07-13,2026-03-18,1.0,DUPLICATE
266,298,User had a job interview last week,User had a job interview last week,event,event,2026-05-09,2026-03-14,1.0,DUPLICATE
266,303,User had a job interview last week,User is preparing for interviews,event,goal,2026-05-09,2026-05-12,0.625,RELATED
266,306,User had a job interview last week,User had a job interview last week,event,event,2026-05-09,2026-05-28,1.0,DUPLICATE
266,308,User had a job interview last week,User is preparing for interviews,event,goal,2026-05-09,2026-05-05,0.625,RELATED
266,314,User had a job interview last week,User is preparing for interviews,event,goal,2026-05-09,2026-04-25,0.625,RELATED
266,327,User had a job interview last week,User had a job interview last week,event,event,2026-05-09,2026-05-20,1.0,DUPLICATE
266,332,User had a job interview last week,User had a job interview last week,event,event,2026-05-09,2026-05-06,1.0,DUPLICATE
266,343,User had a job interview last week,User had a job interview last week,event,event,2026-05-09,2026-05-05,1.0,DUPLICATE
266,350,User had a job interview last week,User had a job interview last week,event,event,2026-05-09,2026-03-14,1.0,DUPLICATE
266,433,User had a job interview last week,User had a job interview last week,event,event,2026-05-09,2026-04-18,1.0,DUPLICATE
266,464,User had a job interview last week,User had a job interview last week,event,event,2026-05-09,2026-06-07,1.0,DUPLICATE
266,483,User had a job interview last week,User had a job interview last week,event,event,2026-05-09,2026-06-24,1.0,DUPLICATE
266,494,User had a job interview last week,User is preparing for interviews,event,goal,2026-05-09,2026-06-20,0.625,RELATED
266,495,User had a job interview last week,User had a job interview last week,event,event,2026-05-09,2026-02-09,1.0,DUPLICATE
266,514,User had a job interview last week,User is preparing for interviews,event,goal,2026-05-09,2026-04-21,0.625,RELATED
266,515,User had a job interview last week,User got a new job after interviews,event,fact,2026-05-09,2026-05-24,0.776,RELATED
267,283,User is saving up to buy a house,User is saving up to buy a house,goal,goal,2026-03-27,2026-03-04,1.0,DUPLICATE
267,326,User is saving up to buy a house,User is saving up to buy a house,goal,goal,2026-03-27,2026-07-04,1.0,DUPLICATE
267,373,User is saving up to buy a house,User wants to buy a house within five years,goal,goal,2026-03-27,2026-07-18,0.722,RELATED
267,492,User is saving up to buy a house,User wants to buy a house within five years,goal,goal,2026-03-27,2026-02-13,0.722,RELATED
267,498,User is saving up to buy a house,User wants to buy a house within five years,goal,goal,2026-03-27,2026-05-13,0.722,RELATED
267,512,User is saving up to buy a house,User wants to buy a house within five years,goal,goal,2026-03-27,2026-05-13,0.722,RELATED
267,513,User is saving up to buy a house,User bought a house,goal,fact,2026-03-27,2026-06-08,0.748,EVOLVING
267,518,User is saving up to buy a house,User is saving up to buy a house,goal,goal,2026-03-27,2026-04-12,1.0,DUPLICATE
267,519,User is saving up to buy a house,User bought a house,goal,fact,2026-03-27,2026-05-28,0.748,EVOLVING
268,269,User wants to publish a research paper,User wants to publish a research paper,goal,goal,2026-06-05,2026-06-27,1.0,DUPLICATE
268,275,User wants to publish a research paper,User wants to publish a research paper,goal,goal,2026-06-05,2026-02-13,1.0,DUPLICATE
268,278,User wants to publish a research paper,User wants to publish a research paper,goal,goal,2026-06-05,2026-04-03,1.0,DUPLICATE
268,280,User wants to publish a research paper,User wants to publish a research paper,goal,goal,2026-06-05,2026-03-05,1.0,DUPLICATE
268,323,User wants to publish a research paper,User wants to publish a research paper,goal,goal,2026-06-05,2026-04-18,1.0,DUPLICATE
268,340,User wants to publish a research paper,User wants to publish a research paper,goal,goal,2026-06-05,2026-03-24,1.0,DUPLICATE
268,345,User wants to publish a research paper,User wants to publish a research paper,goal,goal,2026-06-05,2026-02-01,1.0,DUPLICATE
268,384,User wants to publish a research paper,User wants to publish a research paper,goal,goal,2026-06-05,2026-05-03,1.0,DUPLICATE
268,414,User wants to publish a research paper,User wants to publish a research paper,goal,goal,2026-06-05,2026-07-09,1.0,DUPLICATE
268,480,User wants to publish a research paper,User wants to publish a research paper,goal,goal,2026-06-05,2026-05-18,1.0,DUPLICATE
268,493,User wants to publish a research paper,User wants to publish a research paper,goal,goal,2026-06-05,2026-02-15,1.0,DUPLICATE
268,496,User wants to publish a research paper,User wants to publish a research paper,goal,goal,2026-06-05,2026-04-12,1.0,DUPLICATE
269,275,User wants to publish a research paper,User wants to publish a research paper,goal,goal,2026-06-27,2026-02-13,1.0,DUPLICATE
269,278,User wants to publish a research paper,User wants to publish a research paper,goal,goal,2026-06-27,2026-04-03,1.0,DUPLICATE
269,280,User wants to publish a research paper,User wants to publish a research paper,goal,goal,2026-06-27,2026-03-05,1.0,DUPLICATE
269,323,User wants to publish a research paper,User wants to publish a research paper,goal,goal,2026-06-27,2026-04-18,1.0,DUPLICATE
269,340,User wants to publish a research paper,User wants to publish a research paper,goal,goal,2026-06-27,2026-03-24,1.0,DUPLICATE
269,345,User wants to publish a research paper,User wants to publish a research paper,goal,goal,2026-06-27,2026-02-01,1.0,DUPLICATE
269,384,User wants to publish a research paper,User wants to publish a research paper,goal,goal,2026-06-27,2026-05-03,1.0,DUPLICATE
269,414,User wants to publish a research paper,User wants to publish a research paper,goal,goal,2026-06-27,2026-07-09,1.0,DUPLICATE
269,480,User wants to publish a research paper,User wants to publish a research paper,goal,goal,2026-06-27,2026-05-18,1.0,DUPLICATE
269,493,User wants to publish a research paper,User wants to publish a research paper,goal,goal,2026-06-27,2026-02-15,1.0,DUPLICATE
269,496,User wants to publish a research paper,User wants to publish a research paper,goal,goal,2026-06-27,2026-04-12,1.0,DUPLICATE
270,331,User wants to learn Spanish,User wants to learn Spanish,goal,goal,2026-05-16,2026-07-03,1.0,DUPLICATE
270,358,User wants to learn Spanish,User wants to learn Spanish,goal,goal,2026-05-16,2026-06-29,1.0,DUPLICATE
270,420,User wants to learn Spanish,User is learning Spanish,goal,goal,2026-05-16,2026-06-06,0.919,NEAR_DUPLICATE
270,439,User wants to learn Spanish,User wants to learn Spanish,goal,goal,2026-05-16,2026-03-30,1.0,DUPLICATE
270,458,User wants to learn Spanish,User wants to learn Spanish,goal,goal,2026-05-16,2026-05-08,1.0,DUPLICATE
270,510,User wants to learn Spanish,User is learning Spanish,goal,goal,2026-05-16,2026-05-09,0.919,NEAR_DUPLICATE
270,511,User wants to learn Spanish,User is now fluent in Spanish,goal,fact,2026-05-16,2026-06-18,0.74,EVOLVING
271,272,User dislikes long meetings,User dislikes long meetings,preference,preference,2026-03-13,2026-07-16,1.0,DUPLICATE
271,415,User dislikes long meetings,User dislikes long meetings,preference,preference,2026-03-13,2026-03-18,1.0,DUPLICATE
271,472,User dislikes long meetings,User dislikes long meetings,preference,preference,2026-03-13,2026-06-09,1.0,DUPLICATE
271,488,User dislikes long meetings,User dislikes long meetings,preference,preference,2026-03-13,2026-02-13,1.0,DUPLICATE
272,415,User dislikes long meetings,User dislikes long meetings,preference,preference,2026-07-16,2026-03-18,1.0,DUPLICATE
272,472,User dislikes long meetings,User dislikes long meetings,preference,preference,2026-07-16,2026-06-09,1.0,DUPLICATE
272,488,User dislikes long meetings,User dislikes long meetings,preference,preference,2026-07-16,2026-02-13,1.0,DUPLICATE
273,285,User wants to lose 5 kg,User wants to lose 5 kg,goal,goal,2026-03-30,2026-06-28,1.0,DUPLICATE
273,292,User wants to lose 5 kg,User wants to lose 5 kg,goal,goal,2026-03-30,2026-07-23,1.0,DUPLICATE
273,362,User wants to lose 5 kg,User wants to lose 5 kg,goal,goal,2026-03-30,2026-07-12,1.0,DUPLICATE
273,417,User wants to lose 5 kg,User wants to lose 5 kg,goal,goal,2026-03-30,2026-02-19,1.0,DUPLICATE
273,490,User wants to lose 5 kg,User wants to lose 5 kg,goal,goal,2026-03-30,2026-02-14,1.0,DUPLICATE
273,499,User wants to lose 5 kg,User wants to lose 5 kg,goal,goal,2026-03-30,2026-03-07,1.0,DUPLICATE
274,360,User likes minimalist design,User likes minimalist design,preference,preference,2026-02-11,2026-02-17,1.0,DUPLICATE
274,369,User likes minimalist design,User likes minimalist design,preference,preference,2026-02-11,2026-03-07,1.0,DUPLICATE
275,278,User wants to publish a research paper,User wants to publish a research paper,goal,goal,2026-02-13,2026-04-03,1.0,DUPLICATE
275,280,User wants to publish a research paper,User wants to publish a research paper,goal,goal,2026-02-13,2026-03-05,1.0,DUPLICATE
275,323,User wants to publish a research paper,User wants to publish a research paper,goal,goal,2026-02-13,2026-04-18,1.0,DUPLICATE
275,340,User wants to publish a research paper,User wants to publish a research paper,goal,goal,2026-02-13,2026-03-24,1.0,DUPLICATE
275,345,User wants to publish a research paper,User wants to publish a research paper,goal,goal,2026-02-13,2026-02-01,1.0,DUPLICATE
275,384,User wants to publish a research paper,User wants to publish a research paper,goal,goal,2026-02-13,2026-05-03,1.0,DUPLICATE
275,414,User wants to publish a research paper,User wants to publish a research paper,goal,goal,2026-02-13,2026-07-09,1.0,DUPLICATE
275,480,User wants to publish a research paper,User wants to publish a research paper,goal,goal,2026-02-13,2026-05-18,1.0,DUPLICATE
275,493,User wants to publish a research paper,User wants to publish a research paper,goal,goal,2026-02-13,2026-02-15,1.0,DUPLICATE
275,496,User wants to publish a research paper,User wants to publish a research paper,goal,goal,2026-02-13,2026-04-12,1.0,DUPLICATE
276,294,User is vegetarian,User is vegetarian,fact,fact,2026-06-14,2026-03-30,1.0,DUPLICATE
276,508,User is vegetarian,User is vegetarian,fact,fact,2026-06-14,2026-05-24,1.0,DUPLICATE
276,509,User is vegetarian,User eats non-vegetarian food regularly,fact,fact,2026-06-14,2026-06-08,0.813,CONFLICT
277,286,Renew driving license this month,Renew driving license this month,task,task,2026-05-15,2026-04-03,1.0,DUPLICATE
277,322,Renew driving license this month,Renew driving license this month,task,task,2026-05-15,2026-07-01,1.0,DUPLICATE
277,367,Renew driving license this month,Renew driving license this month,task,task,2026-05-15,2026-03-26,1.0,DUPLICATE
277,391,Renew driving license this month,Renew driving license this month,task,task,2026-05-15,2026-03-28,1.0,DUPLICATE
277,413,Renew driving license this month,Renew driving license this month,task,task,2026-05-15,2026-06-13,1.0,DUPLICATE
277,432,Renew driving license this month,Renew driving license this month,task,task,2026-05-15,2026-07-05,1.0,DUPLICATE
277,436,Renew driving license this month,Renew driving license this month,task,task,2026-05-15,2026-04-12,1.0,DUPLICATE
278,280,User wants to publish a research paper,User wants to publish a research paper,goal,goal,2026-04-03,2026-03-05,1.0,DUPLICATE
278,323,User wants to publish a research paper,User wants to publish a research paper,goal,goal,2026-04-03,2026-04-18,1.0,DUPLICATE
278,340,User wants to publish a research paper,User wants to publish a research paper,goal,goal,2026-04-03,2026-03-24,1.0,DUPLICATE
278,345,User wants to publish a research paper,User wants to publish a research paper,goal,goal,2026-04-03,2026-02-01,1.0,DUPLICATE
278,384,User wants to publish a research paper,User wants to publish a research paper,goal,goal,2026-04-03,2026-05-03,1.0,DUPLICATE
278,414,User wants to publish a research paper,User wants to publish a research paper,goal,goal,2026-04-03,2026-07-09,1.0,DUPLICATE
278,480,User wants to publish a research paper,User wants to publish a research paper,goal,goal,2026-04-03,2026-05-18,1.0,DUPLICATE
278,493,User wants to publish a research paper,User wants to publish a research paper,goal,goal,2026-04-03,2026-02-15,1.0,DUPLICATE
278,496,User wants to publish a research paper,User wants to publish a research paper,goal,goal,2026-04-03,2026-04-12,1.0,DUPLICATE
279,395,User likes concise answers,User likes concise answers,preference,preference,2026-05-05,2026-07-03,1.0,DUPLICATE
279,407,User likes concise answers,User likes concise answers,preference,preference,2026-05-05,2026-07-25,1.0,DUPLICATE
279,430,User likes concise answers,User likes concise answers,preference,preference,2026-05-05,2026-07-25,1.0,DUPLICATE
279,440,User likes concise answers,User likes concise answers,preference,preference,2026-05-05,2026-05-26,1.0,DUPLICATE
280,323,User wants to publish a research paper,User wants to publish a research paper,goal,goal,2026-03-05,2026-04-18,1.0,DUPLICATE
280,340,User wants to publish a research paper,User wants to publish a research paper,goal,goal,2026-03-05,2026-03-24,1.0,DUPLICATE
280,345,User wants to publish a research paper,User wants to publish a research paper,goal,goal,2026-03-05,2026-02-01,1.0,DUPLICATE
280,384,User wants to publish a research paper,User wants to publish a research paper,goal,goal,2026-03-05,2026-05-03,1.0,DUPLICATE
280,414,User wants to publish a research paper,User wants to publish a research paper,goal,goal,2026-03-05,2026-07-09,1.0,DUPLICATE
280,480,User wants to publish a research paper,User wants to publish a research paper,goal,goal,2026-03-05,2026-05-18,1.0,DUPLICATE
280,493,User wants to publish a research paper,User wants to publish a research paper,goal,goal,2026-03-05,2026-02-15,1.0,DUPLICATE
280,496,User wants to publish a research paper,User wants to publish a research paper,goal,goal,2026-03-05,2026-04-12,1.0,DUPLICATE
281,295,Finish reading the assigned book by next week,Finish reading the assigned book by next week,task,task,2026-07-06,2026-04-22,1.0,DUPLICATE
281,305,Finish reading the assigned book by next week,Finish reading the assigned book by next week,task,task,2026-07-06,2026-01-31,1.0,DUPLICATE
281,320,Finish reading the assigned book by next week,Finish reading the assigned book by next week,task,task,2026-07-06,2026-07-13,1.0,DUPLICATE
281,336,Finish reading the assigned book by next week,Finish reading the assigned book by next week,task,task,2026-07-06,2026-05-20,1.0,DUPLICATE
281,357,Finish reading the assigned book by next week,Finish reading the assigned book by next week,task,task,2026-07-06,2026-03-29,1.0,DUPLICATE
281,396,Finish reading the assigned book by next week,Finish reading the assigned book by next week,task,task,2026-07-06,2026-06-23,1.0,DUPLICATE
281,481,Finish reading the assigned book by next week,Finish reading the assigned book by next week,task,task,2026-07-06,2026-05-21,1.0,DUPLICATE
282,309,User prefers dark mode,User prefers dark mode,preference,preference,2026-05-23,2026-05-21,1.0,DUPLICATE
282,315,User prefers dark mode,User prefers dark mode,preference,preference,2026-05-23,2026-05-23,1.0,DUPLICATE
282,388,User prefers dark mode,User prefers dark mode,preference,preference,2026-05-23,2026-04-18,1.0,DUPLICATE
282,429,User prefers dark mode,User prefers dark mode,preference,preference,2026-05-23,2026-04-16,1.0,DUPLICATE
282,479,User prefers dark mode,User prefers dark mode,preference,preference,2026-05-23,2026-03-29,1.0,DUPLICATE
282,502,User prefers dark mode,User prefers dark mode,preference,preference,2026-05-23,2026-05-31,1.0,DUPLICATE
282,503,User prefers dark mode,User prefers light mode,preference,preference,2026-05-23,2026-06-04,0.837,CONFLICT
283,326,User is saving up to buy a house,User is saving up to buy a house,goal,goal,2026-03-04,2026-07-04,1.0,DUPLICATE
283,373,User is saving up to buy a house,User wants to buy a house within five years,goal,goal,2026-03-04,2026-07-18,0.722,RELATED
283,492,User is saving up to buy a house,User wants to buy a house within five years,goal,goal,2026-03-04,2026-02-13,0.722,RELATED
283,498,User is saving up to buy a house,User wants to buy a house within five years,goal,goal,2026-03-04,2026-05-13,0.722,RELATED
283,512,User is saving up to buy a house,User wants to buy a house within five years,goal,goal,2026-03-04,2026-05-13,0.722,RELATED
283,513,User is saving up to buy a house,User bought a house,goal,fact,2026-03-04,2026-06-08,0.748,EVOLVING
283,518,User is saving up to buy a house,User is saving up to buy a house,goal,goal,2026-03-04,2026-04-12,1.0,DUPLICATE
283,519,User is saving up to buy a house,User bought a house,goal,fact,2026-03-04,2026-05-28,0.748,EVOLVING
284,291,User's phone number ends in 4471,User's phone number ends in 4471,fact,fact,2026-05-11,2026-06-25,1.0,DUPLICATE
284,406,User's phone number ends in 4471,User's phone number ends in 4471,fact,fact,2026-05-11,2026-02-22,1.0,DUPLICATE
284,465,User's phone number ends in 4471,User's phone number ends in 4471,fact,fact,2026-05-11,2026-06-29,1.0,DUPLICATE
284,489,User's phone number ends in 4471,User's phone number ends in 4471,fact,fact,2026-05-11,2026-06-25,1.0,DUPLICATE
285,292,User wants to lose 5 kg,User wants to lose 5 kg,goal,goal,2026-06-28,2026-07-23,1.0,DUPLICATE
285,362,User wants to lose 5 kg,User wants to lose 5 kg,goal,goal,2026-06-28,2026-07-12,1.0,DUPLICATE
285,417,User wants to lose 5 kg,User wants to lose 5 kg,goal,goal,2026-06-28,2026-02-19,1.0,DUPLICATE
285,490,User wants to lose 5 kg,User wants to lose 5 kg,goal,goal,2026-06-28,2026-02-14,1.0,DUPLICATE
285,499,User wants to lose 5 kg,User wants to lose 5 kg,goal,goal,2026-06-28,2026-03-07,1.0,DUPLICATE
286,322,Renew driving license this month,Renew driving license this month,task,task,2026-04-03,2026-07-01,1.0,DUPLICATE
286,367,Renew driving license this month,Renew driving license this month,task,task,2026-04-03,2026-03-26,1.0,DUPLICATE
286,391,Renew driving license this month,Renew driving license this month,task,task,2026-04-03,2026-03-28,1.0,DUPLICATE
286,413,Renew driving license this month,Renew driving license this month,task,task,2026-04-03,2026-06-13,1.0,DUPLICATE
286,432,Renew driving license this month,Renew driving license this month,task,task,2026-04-03,2026-07-05,1.0,DUPLICATE
286,436,Renew driving license this month,Renew driving license this month,task,task,2026-04-03,2026-04-12,1.0,DUPLICATE
287,316,User visited the doctor last month,User visited the doctor last month,event,event,2026-02-08,2026-05-27,1.0,DUPLICATE
287,338,User visited the doctor last month,User visited the doctor last month,event,event,2026-02-08,2026-05-06,1.0,DUPLICATE
287,408,User visited the doctor last month,User visited the doctor last month,event,event,2026-02-08,2026-05-23,1.0,DUPLICATE
287,450,User visited the doctor last month,User visited the doctor last month,event,event,2026-02-08,2026-04-28,1.0,DUPLICATE
287,463,User visited the doctor last month,User visited the doctor last month,event,event,2026-02-08,2026-03-25,1.0,DUPLICATE
287,497,User visited the doctor last month,User visited the doctor last month,event,event,2026-02-08,2026-06-10,1.0,DUPLICATE
288,445,User works part-time at a bakery,User works part-time at a bakery,fact,fact,2026-04-05,2026-03-28,1.0,DUPLICATE
289,302,User celebrated their birthday recently,User's birthday is in March,event,fact,2026-06-07,2026-03-22,0.831,RELATED
289,337,User celebrated their birthday recently,User celebrated their birthday recently,event,event,2026-06-07,2026-04-15,1.0,DUPLICATE
289,351,User celebrated their birthday recently,User celebrated their birthday recently,event,event,2026-06-07,2026-02-15,1.0,DUPLICATE
289,365,User celebrated their birthday recently,User celebrated their birthday recently,event,event,2026-06-07,2026-07-07,1.0,DUPLICATE
289,372,User celebrated their birthday recently,User celebrated their birthday recently,event,event,2026-06-07,2026-06-30,1.0,DUPLICATE
289,377,User celebrated their birthday recently,User celebrated their birthday recently,event,event,2026-06-07,2026-06-15,1.0,DUPLICATE
289,398,User celebrated their birthday recently,User celebrated their birthday recently,event,event,2026-06-07,2026-06-10,1.0,DUPLICATE
289,468,User celebrated their birthday recently,User's birthday is in March,event,fact,2026-06-07,2026-01-31,0.831,RELATED
289,471,User celebrated their birthday recently,User celebrated their birthday recently,event,event,2026-06-07,2026-03-18,1.0,DUPLICATE
289,476,User celebrated their birthday recently,User celebrated their birthday recently,event,event,2026-06-07,2026-07-03,1.0,DUPLICATE
290,466,User's mother tongue is Marathi,User's mother tongue is Marathi,fact,fact,2026-06-06,2026-03-11,1.0,DUPLICATE
291,406,User's phone number ends in 4471,User's phone number ends in 4471,fact,fact,2026-06-25,2026-02-22,1.0,DUPLICATE
291,465,User's phone number ends in 4471,User's phone number ends in 4471,fact,fact,2026-06-25,2026-06-29,1.0,DUPLICATE
291,489,User's phone number ends in 4471,User's phone number ends in 4471,fact,fact,2026-06-25,2026-06-25,1.0,DUPLICATE
292,362,User wants to lose 5 kg,User wants to lose 5 kg,goal,goal,2026-07-23,2026-07-12,1.0,DUPLICATE
292,417,User wants to lose 5 kg,User wants to lose 5 kg,goal,goal,2026-07-23,2026-02-19,1.0,DUPLICATE
292,490,User wants to lose 5 kg,User wants to lose 5 kg,goal,goal,2026-07-23,2026-02-14,1.0,DUPLICATE
292,499,User wants to lose 5 kg,User wants to lose 5 kg,goal,goal,2026-07-23,2026-03-07,1.0,DUPLICATE
293,319,User has two younger siblings,User has two younger siblings,fact,fact,2026-05-01,2026-06-23,1.0,DUPLICATE
293,381,User has two younger siblings,User has two younger siblings,fact,fact,2026-05-01,2026-03-19,1.0,DUPLICATE
293,437,User has two younger siblings,User has two younger siblings,fact,fact,2026-05-01,2026-04-28,1.0,DUPLICATE
294,508,User is vegetarian,User is vegetarian,fact,fact,2026-03-30,2026-05-24,1.0,DUPLICATE
294,509,User is vegetarian,User eats non-vegetarian food regularly,fact,fact,2026-03-30,2026-06-08,0.813,CONFLICT
295,305,Finish reading the assigned book by next week,Finish reading the assigned book by next week,task,task,2026-04-22,2026-01-31,1.0,DUPLICATE
295,320,Finish reading the assigned book by next week,Finish reading the assigned book by next week,task,task,2026-04-22,2026-07-13,1.0,DUPLICATE
295,336,Finish reading the assigned book by next week,Finish reading the assigned book by next week,task,task,2026-04-22,2026-05-20,1.0,DUPLICATE
295,357,Finish reading the assigned book by next week,Finish reading the assigned book by next week,task,task,2026-04-22,2026-03-29,1.0,DUPLICATE
295,396,Finish reading the assigned book by next week,Finish reading the assigned book by next week,task,task,2026-04-22,2026-06-23,1.0,DUPLICATE
295,481,Finish reading the assigned book by next week,Finish reading the assigned book by next week,task,task,2026-04-22,2026-05-21,1.0,DUPLICATE
296,310,User attended a wedding last weekend,User attended a wedding last weekend,event,event,2026-02-11,2026-03-28,1.0,DUPLICATE
296,339,User attended a wedding last weekend,User attended a wedding last weekend,event,event,2026-02-11,2026-03-04,1.0,DUPLICATE
296,344,User attended a wedding last weekend,User attended a wedding last weekend,event,event,2026-02-11,2026-05-13,1.0,DUPLICATE
296,354,User attended a wedding last weekend,User attended a wedding last weekend,event,event,2026-02-11,2026-04-05,1.0,DUPLICATE
296,355,User attended a wedding last weekend,User attended a wedding last weekend,event,event,2026-02-11,2026-05-01,1.0,DUPLICATE
296,361,User attended a wedding last weekend,User attended a wedding last weekend,event,event,2026-02-11,2026-04-04,1.0,DUPLICATE
296,376,User attended a wedding last weekend,User attended a wedding last weekend,event,event,2026-02-11,2026-06-06,1.0,DUPLICATE
296,411,User attended a wedding last weekend,User attended a wedding last weekend,event,event,2026-02-11,2026-04-25,1.0,DUPLICATE
296,452,User attended a wedding last weekend,User attended a wedding last weekend,event,event,2026-02-11,2026-02-15,1.0,DUPLICATE
297,299,User prefers Android over iOS,User prefers Android over iOS,preference,preference,2026-06-01,2026-06-30,1.0,DUPLICATE
297,311,User prefers Android over iOS,User prefers Android over iOS,preference,preference,2026-06-01,2026-06-28,1.0,DUPLICATE
297,334,User prefers Android over iOS,User prefers Android over iOS,preference,preference,2026-06-01,2026-07-10,1.0,DUPLICATE
297,335,User prefers Android over iOS,User prefers Android over iOS,preference,preference,2026-06-01,2026-04-20,1.0,DUPLICATE
297,349,User prefers Android over iOS,User prefers Android over iOS,preference,preference,2026-06-01,2026-04-11,1.0,DUPLICATE
297,379,User prefers Android over iOS,User prefers Android over iOS,preference,preference,2026-06-01,2026-06-25,1.0,DUPLICATE
297,418,User prefers Android over iOS,User prefers Android over iOS,preference,preference,2026-06-01,2026-03-11,1.0,DUPLICATE
297,421,User prefers Android over iOS,User prefers Android over iOS,preference,preference,2026-06-01,2026-05-18,1.0,DUPLICATE
297,459,User prefers Android over iOS,User prefers Android over iOS,preference,preference,2026-06-01,2026-07-09,1.0,DUPLICATE
298,303,User had a job interview last week,User is preparing for interviews,event,goal,2026-03-14,2026-05-12,0.625,RELATED
298,306,User had a job interview last week,User had a job interview last week,event,event,2026-03-14,2026-05-28,1.0,DUPLICATE
298,308,User had a job interview last week,User is preparing for interviews,event,goal,2026-03-14,2026-05-05,0.625,RELATED
298,314,User had a job interview last week,User is preparing for interviews,event,goal,2026-03-14,2026-04-25,0.625,RELATED
298,327,User had a job interview last week,User had a job interview last week,event,event,2026-03-14,2026-05-20,1.0,DUPLICATE
298,332,User had a job interview last week,User had a job interview last week,event,event,2026-03-14,2026-05-06,1.0,DUPLICATE
298,343,User had a job interview last week,User had a job interview last week,event,event,2026-03-14,2026-05-05,1.0,DUPLICATE
298,350,User had a job interview last week,User had a job interview last week,event,event,2026-03-14,2026-03-14,1.0,DUPLICATE
298,433,User had a job interview last week,User had a job interview last week,event,event,2026-03-14,2026-04-18,1.0,DUPLICATE
298,464,User had a job interview last week,User had a job interview last week,event,event,2026-03-14,2026-06-07,1.0,DUPLICATE
298,483,User had a job interview last week,User had a job interview last week,event,event,2026-03-14,2026-06-24,1.0,DUPLICATE
298,494,User had a job interview last week,User is preparing for interviews,event,goal,2026-03-14,2026-06-20,0.625,RELATED
298,495,User had a job interview last week,User had a job interview last week,event,event,2026-03-14,2026-02-09,1.0,DUPLICATE
298,514,User had a job interview last week,User is preparing for interviews,event,goal,2026-03-14,2026-04-21,0.625,RELATED
298,515,User had a job interview last week,User got a new job after interviews,event,fact,2026-03-14,2026-05-24,0.776,RELATED
299,311,User prefers Android over iOS,User prefers Android over iOS,preference,preference,2026-06-30,2026-06-28,1.0,DUPLICATE
299,334,User prefers Android over iOS,User prefers Android over iOS,preference,preference,2026-06-30,2026-07-10,1.0,DUPLICATE
299,335,User prefers Android over iOS,User prefers Android over iOS,preference,preference,2026-06-30,2026-04-20,1.0,DUPLICATE
299,349,User prefers Android over iOS,User prefers Android over iOS,preference,preference,2026-06-30,2026-04-11,1.0,DUPLICATE
299,379,User prefers Android over iOS,User prefers Android over iOS,preference,preference,2026-06-30,2026-06-25,1.0,DUPLICATE
299,418,User prefers Android over iOS,User prefers Android over iOS,preference,preference,2026-06-30,2026-03-11,1.0,DUPLICATE
299,421,User prefers Android over iOS,User prefers Android over iOS,preference,preference,2026-06-30,2026-05-18,1.0,DUPLICATE
299,459,User prefers Android over iOS,User prefers Android over iOS,preference,preference,2026-06-30,2026-07-09,1.0,DUPLICATE
300,301,User owns a dog named Max,User owns a dog named Max,fact,fact,2026-06-06,2026-07-17,1.0,DUPLICATE
300,412,User owns a dog named Max,User owns a dog named Max,fact,fact,2026-06-06,2026-03-20,1.0,DUPLICATE
300,484,User owns a dog named Max,User owns a dog named Max,fact,fact,2026-06-06,2026-07-20,1.0,DUPLICATE
301,412,User owns a dog named Max,User owns a dog named Max,fact,fact,2026-07-17,2026-03-20,1.0,DUPLICATE
301,484,User owns a dog named Max,User owns a dog named Max,fact,fact,2026-07-17,2026-07-20,1.0,DUPLICATE
302,337,User's birthday is in March,User celebrated their birthday recently,fact,event,2026-03-22,2026-04-15,0.831,RELATED
302,351,User's birthday is in March,User celebrated their birthday recently,fact,event,2026-03-22,2026-02-15,0.831,RELATED
302,365,User's birthday is in March,User celebrated their birthday recently,fact,event,2026-03-22,2026-07-07,0.831,RELATED
302,372,User's birthday is in March,User celebrated their birthday recently,fact,event,2026-03-22,2026-06-30,0.831,RELATED
302,377,User's birthday is in March,User celebrated their birthday recently,fact,event,2026-03-22,2026-06-15,0.831,RELATED
302,398,User's birthday is in March,User celebrated their birthday recently,fact,event,2026-03-22,2026-06-10,0.831,RELATED
302,468,User's birthday is in March,User's birthday is in March,fact,fact,2026-03-22,2026-01-31,1.0,DUPLICATE
302,471,User's birthday is in March,User celebrated their birthday recently,fact,event,2026-03-22,2026-03-18,0.831,RELATED
302,476,User's birthday is in March,User celebrated their birthday recently,fact,event,2026-03-22,2026-07-03,0.831,RELATED
303,306,User is preparing for interviews,User had a job interview last week,goal,event,2026-05-12,2026-05-28,0.625,RELATED
303,308,User is preparing for interviews,User is preparing for interviews,goal,goal,2026-05-12,2026-05-05,1.0,DUPLICATE
303,314,User is preparing for interviews,User is preparing for interviews,goal,goal,2026-05-12,2026-04-25,1.0,DUPLICATE
303,327,User is preparing for interviews,User had a job interview last week,goal,event,2026-05-12,2026-05-20,0.625,RELATED
303,332,User is preparing for interviews,User had a job interview last week,goal,event,2026-05-12,2026-05-06,0.625,RELATED
303,343,User is preparing for interviews,User had a job interview last week,goal,event,2026-05-12,2026-05-05,0.625,RELATED
303,350,User is preparing for interviews,User had a job interview last week,goal,event,2026-05-12,2026-03-14,0.625,RELATED
303,433,User is preparing for interviews,User had a job interview last week,goal,event,2026-05-12,2026-04-18,0.625,RELATED
303,464,User is preparing for interviews,User had a job interview last week,goal,event,2026-05-12,2026-06-07,0.625,RELATED
303,483,User is preparing for interviews,User had a job interview last week,goal,event,2026-05-12,2026-06-24,0.625,RELATED
303,494,User is preparing for interviews,User is preparing for interviews,goal,goal,2026-05-12,2026-06-20,1.0,DUPLICATE
303,495,User is preparing for interviews,User had a job interview last week,goal,event,2026-05-12,2026-02-09,0.625,RELATED
303,514,User is preparing for interviews,User is preparing for interviews,goal,goal,2026-05-12,2026-04-21,1.0,DUPLICATE
303,515,User is preparing for interviews,User got a new job after interviews,goal,fact,2026-05-12,2026-05-24,0.667,EVOLVING
304,318,User attended a college hackathon,User attended a college hackathon,event,event,2026-06-14,2026-07-13,1.0,DUPLICATE
304,328,User attended a college hackathon,User attended a college hackathon,event,event,2026-06-14,2026-07-20,1.0,DUPLICATE
304,378,User attended a college hackathon,User attended a college hackathon,event,event,2026-06-14,2026-07-04,1.0,DUPLICATE
304,390,User attended a college hackathon,User attended a college hackathon,event,event,2026-06-14,2026-04-06,1.0,DUPLICATE
304,397,User attended a college hackathon,User attended a college hackathon,event,event,2026-06-14,2026-02-23,1.0,DUPLICATE
304,410,User attended a college hackathon,User attended a college hackathon,event,event,2026-06-14,2026-07-09,1.0,DUPLICATE
304,457,User attended a college hackathon,User attended a college hackathon,event,event,2026-06-14,2026-02-03,1.0,DUPLICATE
305,320,Finish reading the assigned book by next week,Finish reading the assigned book by next week,task,task,2026-01-31,2026-07-13,1.0,DUPLICATE
305,336,Finish reading the assigned book by next week,Finish reading the assigned book by next week,task,task,2026-01-31,2026-05-20,1.0,DUPLICATE
305,357,Finish reading the assigned book by next week,Finish reading the assigned book by next week,task,task,2026-01-31,2026-03-29,1.0,DUPLICATE
305,396,Finish reading the assigned book by next week,Finish reading the assigned book by next week,task,task,2026-01-31,2026-06-23,1.0,DUPLICATE
305,481,Finish reading the assigned book by next week,Finish reading the assigned book by next week,task,task,2026-01-31,2026-05-21,1.0,DUPLICATE
306,308,User had a job interview last week,User is preparing for interviews,event,goal,2026-05-28,2026-05-05,0.625,RELATED
306,314,User had a job interview last week,User is preparing for interviews,event,goal,2026-05-28,2026-04-25,0.625,RELATED
306,327,User had a job interview last week,User had a job interview last week,event,event,2026-05-28,2026-05-20,1.0,DUPLICATE
306,332,User had a job interview last week,User had a job interview last week,event,event,2026-05-28,2026-05-06,1.0,DUPLICATE
306,343,User had a job interview last week,User had a job interview last week,event,event,2026-05-28,2026-05-05,1.0,DUPLICATE
306,350,User had a job interview last week,User had a job interview last week,event,event,2026-05-28,2026-03-14,1.0,DUPLICATE
306,433,User had a job interview last week,User had a job interview last week,event,event,2026-05-28,2026-04-18,1.0,DUPLICATE
306,464,User had a job interview last week,User had a job interview last week,event,event,2026-05-28,2026-06-07,1.0,DUPLICATE
306,483,User had a job interview last week,User had a job interview last week,event,event,2026-05-28,2026-06-24,1.0,DUPLICATE
306,494,User had a job interview last week,User is preparing for interviews,event,goal,2026-05-28,2026-06-20,0.625,RELATED
306,495,User had a job interview last week,User had a job interview last week,event,event,2026-05-28,2026-02-09,1.0,DUPLICATE
306,514,User had a job interview last week,User is preparing for interviews,event,goal,2026-05-28,2026-04-21,0.625,RELATED
306,515,User had a job interview last week,User got a new job after interviews,event,fact,2026-05-28,2026-05-24,0.776,RELATED
307,325,Pay electricity bill by Friday,Pay electricity bill by Friday,task,task,2026-03-07,2026-02-15,1.0,DUPLICATE
307,460,Pay electricity bill by Friday,Pay electricity bill by Friday,task,task,2026-03-07,2026-04-09,1.0,DUPLICATE
307,467,Pay electricity bill by Friday,Pay electricity bill by Friday,task,task,2026-03-07,2026-05-22,1.0,DUPLICATE
307,475,Pay electricity bill by Friday,Pay electricity bill by Friday,task,task,2026-03-07,2026-01-30,1.0,DUPLICATE
308,314,User is preparing for interviews,User is preparing for interviews,goal,goal,2026-05-05,2026-04-25,1.0,DUPLICATE
308,327,User is preparing for interviews,User had a job interview last week,goal,event,2026-05-05,2026-05-20,0.625,RELATED
308,332,User is preparing for interviews,User had a job interview last week,goal,event,2026-05-05,2026-05-06,0.625,RELATED
308,343,User is preparing for interviews,User had a job interview last week,goal,event,2026-05-05,2026-05-05,0.625,RELATED
308,350,User is preparing for interviews,User had a job interview last week,goal,event,2026-05-05,2026-03-14,0.625,RELATED
308,433,User is preparing for interviews,User had a job interview last week,goal,event,2026-05-05,2026-04-18,0.625,RELATED
308,464,User is preparing for interviews,User had a job interview last week,goal,event,2026-05-05,2026-06-07,0.625,RELATED
308,483,User is preparing for interviews,User had a job interview last week,goal,event,2026-05-05,2026-06-24,0.625,RELATED
308,494,User is preparing for interviews,User is preparing for interviews,goal,goal,2026-05-05,2026-06-20,1.0,DUPLICATE
308,495,User is preparing for interviews,User had a job interview last week,goal,event,2026-05-05,2026-02-09,0.625,RELATED
308,514,User is preparing for interviews,User is preparing for interviews,goal,goal,2026-05-05,2026-04-21,1.0,DUPLICATE
308,515,User is preparing for interviews,User got a new job after interviews,goal,fact,2026-05-05,2026-05-24,0.667,EVOLVING
309,315,User prefers dark mode,User prefers dark mode,preference,preference,2026-05-21,2026-05-23,1.0,DUPLICATE
309,388,User prefers dark mode,User prefers dark mode,preference,preference,2026-05-21,2026-04-18,1.0,DUPLICATE
309,429,User prefers dark mode,User prefers dark mode,preference,preference,2026-05-21,2026-04-16,1.0,DUPLICATE
309,479,User prefers dark mode,User prefers dark mode,preference,preference,2026-05-21,2026-03-29,1.0,DUPLICATE
309,502,User prefers dark mode,User prefers dark mode,preference,preference,2026-05-21,2026-05-31,1.0,DUPLICATE
309,503,User prefers dark mode,User prefers light mode,preference,preference,2026-05-21,2026-06-04,0.837,CONFLICT
310,339,User attended a wedding last weekend,User attended a wedding last weekend,event,event,2026-03-28,2026-03-04,1.0,DUPLICATE
310,344,User attended a wedding last weekend,User attended a wedding last weekend,event,event,2026-03-28,2026-05-13,1.0,DUPLICATE
310,354,User attended a wedding last weekend,User attended a wedding last weekend,event,event,2026-03-28,2026-04-05,1.0,DUPLICATE
310,355,User attended a wedding last weekend,User attended a wedding last weekend,event,event,2026-03-28,2026-05-01,1.0,DUPLICATE
310,361,User attended a wedding last weekend,User attended a wedding last weekend,event,event,2026-03-28,2026-04-04,1.0,DUPLICATE
310,376,User attended a wedding last weekend,User attended a wedding last weekend,event,event,2026-03-28,2026-06-06,1.0,DUPLICATE
310,411,User attended a wedding last weekend,User attended a wedding last weekend,event,event,2026-03-28,2026-04-25,1.0,DUPLICATE
310,452,User attended a wedding last weekend,User attended a wedding last weekend,event,event,2026-03-28,2026-02-15,1.0,DUPLICATE
311,334,User prefers Android over iOS,User prefers Android over iOS,preference,preference,2026-06-28,2026-07-10,1.0,DUPLICATE
311,335,User prefers Android over iOS,User prefers Android over iOS,preference,preference,2026-06-28,2026-04-20,1.0,DUPLICATE
311,349,User prefers Android over iOS,User prefers Android over iOS,preference,preference,2026-06-28,2026-04-11,1.0,DUPLICATE
311,379,User prefers Android over iOS,User prefers Android over iOS,preference,preference,2026-06-28,2026-06-25,1.0,DUPLICATE
311,418,User prefers Android over iOS,User prefers Android over iOS,preference,preference,2026-06-28,2026-03-11,1.0,DUPLICATE
311,421,User prefers Android over iOS,User prefers Android over iOS,preference,preference,2026-06-28,2026-05-18,1.0,DUPLICATE
311,459,User prefers Android over iOS,User prefers Android over iOS,preference,preference,2026-06-28,2026-07-09,1.0,DUPLICATE
312,359,User dislikes spicy food,User dislikes spicy food,preference,preference,2026-05-07,2026-06-14,1.0,DUPLICATE
312,371,User dislikes spicy food,User dislikes spicy food,preference,preference,2026-05-07,2026-05-16,1.0,DUPLICATE
312,504,User dislikes spicy food,User dislikes spicy food,preference,preference,2026-05-07,2026-06-25,1.0,DUPLICATE
312,505,User dislikes spicy food,User loves spicy food,preference,preference,2026-05-07,2026-07-11,0.872,CONFLICT
313,346,User wants to run a marathon next year,User plans to run a marathon next year,goal,goal,2026-03-19,2026-04-26,0.935,NEAR_DUPLICATE
313,416,User wants to run a marathon next year,User wants to run a marathon next year,goal,goal,2026-03-19,2026-07-06,1.0,DUPLICATE
313,424,User wants to run a marathon next year,User wants to run a marathon next year,goal,goal,2026-03-19,2026-04-19,1.0,DUPLICATE
313,478,User wants to run a marathon next year,User plans to run a marathon next year,goal,goal,2026-03-19,2026-06-22,0.935,NEAR_DUPLICATE
313,516,User wants to run a marathon next year,User wants to run a marathon next year,goal,goal,2026-03-19,2026-05-30,1.0,DUPLICATE
313,517,User wants to run a marathon next year,User completed a marathon,goal,fact,2026-03-19,2026-06-20,0.743,EVOLVING
314,327,User is preparing for interviews,User had a job interview last week,goal,event,2026-04-25,2026-05-20,0.625,RELATED
314,332,User is preparing for interviews,User had a job interview last week,goal,event,2026-04-25,2026-05-06,0.625,RELATED
314,343,User is preparing for interviews,User had a job interview last week,goal,event,2026-04-25,2026-05-05,0.625,RELATED
314,350,User is preparing for interviews,User had a job interview last week,goal,event,2026-04-25,2026-03-14,0.625,RELATED
314,433,User is preparing for interviews,User had a job interview last week,goal,event,2026-04-25,2026-04-18,0.625,RELATED
314,464,User is preparing for interviews,User had a job interview last week,goal,event,2026-04-25,2026-06-07,0.625,RELATED
314,483,User is preparing for interviews,User had a job interview last week,goal,event,2026-04-25,2026-06-24,0.625,RELATED
314,494,User is preparing for interviews,User is preparing for interviews,goal,goal,2026-04-25,2026-06-20,1.0,DUPLICATE
314,495,User is preparing for interviews,User had a job interview last week,goal,event,2026-04-25,2026-02-09,0.625,RELATED
314,514,User is preparing for interviews,User is preparing for interviews,goal,goal,2026-04-25,2026-04-21,1.0,DUPLICATE
314,515,User is preparing for interviews,User got a new job after interviews,goal,fact,2026-04-25,2026-05-24,0.667,EVOLVING
315,388,User prefers dark mode,User prefers dark mode,preference,preference,2026-05-23,2026-04-18,1.0,DUPLICATE
315,429,User prefers dark mode,User prefers dark mode,preference,preference,2026-05-23,2026-04-16,1.0,DUPLICATE
315,479,User prefers dark mode,User prefers dark mode,preference,preference,2026-05-23,2026-03-29,1.0,DUPLICATE
315,502,User prefers dark mode,User prefers dark mode,preference,preference,2026-05-23,2026-05-31,1.0,DUPLICATE
315,503,User prefers dark mode,User prefers light mode,preference,preference,2026-05-23,2026-06-04,0.837,CONFLICT
316,338,User visited the doctor last month,User visited the doctor last month,event,event,2026-05-27,2026-05-06,1.0,DUPLICATE
316,408,User visited the doctor last month,User visited the doctor last month,event,event,2026-05-27,2026-05-23,1.0,DUPLICATE
316,450,User visited the doctor last month,User visited the doctor last month,event,event,2026-05-27,2026-04-28,1.0,DUPLICATE
316,463,User visited the doctor last month,User visited the doctor last month,event,event,2026-05-27,2026-03-25,1.0,DUPLICATE
316,497,User visited the doctor last month,User visited the doctor last month,event,event,2026-05-27,2026-06-10,1.0,DUPLICATE
317,370,Return the library books by Thursday,Return the library books by Thursday,task,task,2026-06-15,2026-06-16,1.0,DUPLICATE
317,380,Return the library books by Thursday,Return the library books by Thursday,task,task,2026-06-15,2026-06-22,1.0,DUPLICATE
317,386,Return the library books by Thursday,Return the library books by Thursday,task,task,2026-06-15,2026-07-28,1.0,DUPLICATE
317,449,Return the library books by Thursday,Return the library books by Thursday,task,task,2026-06-15,2026-02-12,1.0,DUPLICATE
317,456,Return the library books by Thursday,Return the library books by Thursday,task,task,2026-06-15,2026-04-23,1.0,DUPLICATE
317,482,Return the library books by Thursday,Return the library books by Thursday,task,task,2026-06-15,2026-03-18,1.0,DUPLICATE
318,328,User attended a college hackathon,User attended a college hackathon,event,event,2026-07-13,2026-07-20,1.0,DUPLICATE
318,378,User attended a college hackathon,User attended a college hackathon,event,event,2026-07-13,2026-07-04,1.0,DUPLICATE
318,390,User attended a college hackathon,User attended a college hackathon,event,event,2026-07-13,2026-04-06,1.0,DUPLICATE
318,397,User attended a college hackathon,User attended a college hackathon,event,event,2026-07-13,2026-02-23,1.0,DUPLICATE
318,410,User attended a college hackathon,User attended a college hackathon,event,event,2026-07-13,2026-07-09,1.0,DUPLICATE
318,457,User attended a college hackathon,User attended a college hackathon,event,event,2026-07-13,2026-02-03,1.0,DUPLICATE
319,381,User has two younger siblings,User has two younger siblings,fact,fact,2026-06-23,2026-03-19,1.0,DUPLICATE
319,437,User has two younger siblings,User has two younger siblings,fact,fact,2026-06-23,2026-04-28,1.0,DUPLICATE
320,336,Finish reading the assigned book by next week,Finish reading the assigned book by next week,task,task,2026-07-13,2026-05-20,1.0,DUPLICATE
320,357,Finish reading the assigned book by next week,Finish reading the assigned book by next week,task,task,2026-07-13,2026-03-29,1.0,DUPLICATE
320,396,Finish reading the assigned book by next week,Finish reading the assigned book by next week,task,task,2026-07-13,2026-06-23,1.0,DUPLICATE
320,481,Finish reading the assigned book by next week,Finish reading the assigned book by next week,task,task,2026-07-13,2026-05-21,1.0,DUPLICATE
321,353,User's favorite color is blue,User's favorite color is blue,fact,fact,2026-03-15,2026-07-03,1.0,DUPLICATE
321,385,User's favorite color is blue,User's favorite color is blue,fact,fact,2026-03-15,2026-07-03,1.0,DUPLICATE
322,367,Renew driving license this month,Renew driving license this month,task,task,2026-07-01,2026-03-26,1.0,DUPLICATE
322,391,Renew driving license this month,Renew driving license this month,task,task,2026-07-01,2026-03-28,1.0,DUPLICATE
322,413,Renew driving license this month,Renew driving license this month,task,task,2026-07-01,2026-06-13,1.0,DUPLICATE
322,432,Renew driving license this month,Renew driving license this month,task,task,2026-07-01,2026-07-05,1.0,DUPLICATE
322,436,Renew driving license this month,Renew driving license this month,task,task,2026-07-01,2026-04-12,1.0,DUPLICATE
323,340,User wants to publish a research paper,User wants to publish a research paper,goal,goal,2026-04-18,2026-03-24,1.0,DUPLICATE
323,345,User wants to publish a research paper,User wants to publish a research paper,goal,goal,2026-04-18,2026-02-01,1.0,DUPLICATE
323,384,User wants to publish a research paper,User wants to publish a research paper,goal,goal,2026-04-18,2026-05-03,1.0,DUPLICATE
323,414,User wants to publish a research paper,User wants to publish a research paper,goal,goal,2026-04-18,2026-07-09,1.0,DUPLICATE
323,480,User wants to publish a research paper,User wants to publish a research paper,goal,goal,2026-04-18,2026-05-18,1.0,DUPLICATE
323,493,User wants to publish a research paper,User wants to publish a research paper,goal,goal,2026-04-18,2026-02-15,1.0,DUPLICATE
323,496,User wants to publish a research paper,User wants to publish a research paper,goal,goal,2026-04-18,2026-04-12,1.0,DUPLICATE
324,374,User prefers email over calls,User prefers email over calls,preference,preference,2026-02-03,2026-07-20,1.0,DUPLICATE
325,460,Pay electricity bill by Friday,Pay electricity bill by Friday,task,task,2026-02-15,2026-04-09,1.0,DUPLICATE
325,467,Pay electricity bill by Friday,Pay electricity bill by Friday,task,task,2026-02-15,2026-05-22,1.0,DUPLICATE
325,475,Pay electricity bill by Friday,Pay electricity bill by Friday,task,task,2026-02-15,2026-01-30,1.0,DUPLICATE
326,373,User is saving up to buy a house,User wants to buy a house within five years,goal,goal,2026-07-04,2026-07-18,0.722,RELATED
326,492,User is saving up to buy a house,User wants to buy a house within five years,goal,goal,2026-07-04,2026-02-13,0.722,RELATED
326,498,User is saving up to buy a house,User wants to buy a house within five years,goal,goal,2026-07-04,2026-05-13,0.722,RELATED
326,512,User is saving up to buy a house,User wants to buy a house within five years,goal,goal,2026-07-04,2026-05-13,0.722,RELATED
326,513,User is saving up to buy a house,User bought a house,goal,fact,2026-07-04,2026-06-08,0.748,EVOLVING
326,518,User is saving up to buy a house,User is saving up to buy a house,goal,goal,2026-07-04,2026-04-12,1.0,DUPLICATE
326,519,User is saving up to buy a house,User bought a house,goal,fact,2026-07-04,2026-05-28,0.748,EVOLVING
327,332,User had a job interview last week,User had a job interview last week,event,event,2026-05-20,2026-05-06,1.0,DUPLICATE
327,343,User had a job interview last week,User had a job interview last week,event,event,2026-05-20,2026-05-05,1.0,DUPLICATE
327,350,User had a job interview last week,User had a job interview last week,event,event,2026-05-20,2026-03-14,1.0,DUPLICATE
327,433,User had a job interview last week,User had a job interview last week,event,event,2026-05-20,2026-04-18,1.0,DUPLICATE
327,464,User had a job interview last week,User had a job interview last week,event,event,2026-05-20,2026-06-07,1.0,DUPLICATE
327,483,User had a job interview last week,User had a job interview last week,event,event,2026-05-20,2026-06-24,1.0,DUPLICATE
327,494,User had a job interview last week,User is preparing for interviews,event,goal,2026-05-20,2026-06-20,0.625,RELATED
327,495,User had a job interview last week,User had a job interview last week,event,event,2026-05-20,2026-02-09,1.0,DUPLICATE
327,514,User had a job interview last week,User is preparing for interviews,event,goal,2026-05-20,2026-04-21,0.625,RELATED
327,515,User had a job interview last week,User got a new job after interviews,event,fact,2026-05-20,2026-05-24,0.776,RELATED
328,378,User attended a college hackathon,User attended a college hackathon,event,event,2026-07-20,2026-07-04,1.0,DUPLICATE
328,390,User attended a college hackathon,User attended a college hackathon,event,event,2026-07-20,2026-04-06,1.0,DUPLICATE
328,397,User attended a college hackathon,User attended a college hackathon,event,event,2026-07-20,2026-02-23,1.0,DUPLICATE
328,410,User attended a college hackathon,User attended a college hackathon,event,event,2026-07-20,2026-07-09,1.0,DUPLICATE
328,457,User attended a college hackathon,User attended a college hackathon,event,event,2026-07-20,2026-02-03,1.0,DUPLICATE
329,341,Submit assignment by Monday,Submit assignment by Monday,task,task,2026-05-13,2026-04-27,1.0,DUPLICATE
329,426,Submit assignment by Monday,Submit assignment by Monday,task,task,2026-05-13,2026-03-13,1.0,DUPLICATE
330,419,User went on a trip to Goa,User went on a trip to Goa,event,event,2026-04-21,2026-02-16,1.0,DUPLICATE
330,462,User went on a trip to Goa,User went on a trip to Goa,event,event,2026-04-21,2026-02-09,1.0,DUPLICATE
331,358,User wants to learn Spanish,User wants to learn Spanish,goal,goal,2026-07-03,2026-06-29,1.0,DUPLICATE
331,420,User wants to learn Spanish,User is learning Spanish,goal,goal,2026-07-03,2026-06-06,0.919,NEAR_DUPLICATE
331,439,User wants to learn Spanish,User wants to learn Spanish,goal,goal,2026-07-03,2026-03-30,1.0,DUPLICATE
331,458,User wants to learn Spanish,User wants to learn Spanish,goal,goal,2026-07-03,2026-05-08,1.0,DUPLICATE
331,510,User wants to learn Spanish,User is learning Spanish,goal,goal,2026-07-03,2026-05-09,0.919,NEAR_DUPLICATE
331,511,User wants to learn Spanish,User is now fluent in Spanish,goal,fact,2026-07-03,2026-06-18,0.74,EVOLVING
332,343,User had a job interview last week,User had a job interview last week,event,event,2026-05-06,2026-05-05,1.0,DUPLICATE
332,350,User had a job interview last week,User had a job interview last week,event,event,2026-05-06,2026-03-14,1.0,DUPLICATE
332,433,User had a job interview last week,User had a job interview last week,event,event,2026-05-06,2026-04-18,1.0,DUPLICATE
332,464,User had a job interview last week,User had a job interview last week,event,event,2026-05-06,2026-06-07,1.0,DUPLICATE
332,483,User had a job interview last week,User had a job interview last week,event,event,2026-05-06,2026-06-24,1.0,DUPLICATE
332,494,User had a job interview last week,User is preparing for interviews,event,goal,2026-05-06,2026-06-20,0.625,RELATED
332,495,User had a job interview last week,User had a job interview last week,event,event,2026-05-06,2026-02-09,1.0,DUPLICATE
332,514,User had a job interview last week,User is preparing for interviews,event,goal,2026-05-06,2026-04-21,0.625,RELATED
332,515,User had a job interview last week,User got a new job after interviews,event,fact,2026-05-06,2026-05-24,0.776,RELATED
333,403,Send the report to manager by end of day,Send the report to manager by end of day,task,task,2026-06-11,2026-07-07,1.0,DUPLICATE
333,485,Send the report to manager by end of day,Send the report to manager by end of day,task,task,2026-06-11,2026-02-16,1.0,DUPLICATE
334,335,User prefers Android over iOS,User prefers Android over iOS,preference,preference,2026-07-10,2026-04-20,1.0,DUPLICATE
334,349,User prefers Android over iOS,User prefers Android over iOS,preference,preference,2026-07-10,2026-04-11,1.0,DUPLICATE
334,379,User prefers Android over iOS,User prefers Android over iOS,preference,preference,2026-07-10,2026-06-25,1.0,DUPLICATE
334,418,User prefers Android over iOS,User prefers Android over iOS,preference,preference,2026-07-10,2026-03-11,1.0,DUPLICATE
334,421,User prefers Android over iOS,User prefers Android over iOS,preference,preference,2026-07-10,2026-05-18,1.0,DUPLICATE
334,459,User prefers Android over iOS,User prefers Android over iOS,preference,preference,2026-07-10,2026-07-09,1.0,DUPLICATE
335,349,User prefers Android over iOS,User prefers Android over iOS,preference,preference,2026-04-20,2026-04-11,1.0,DUPLICATE
335,379,User prefers Android over iOS,User prefers Android over iOS,preference,preference,2026-04-20,2026-06-25,1.0,DUPLICATE
335,418,User prefers Android over iOS,User prefers Android over iOS,preference,preference,2026-04-20,2026-03-11,1.0,DUPLICATE
335,421,User prefers Android over iOS,User prefers Android over iOS,preference,preference,2026-04-20,2026-05-18,1.0,DUPLICATE
335,459,User prefers Android over iOS,User prefers Android over iOS,preference,preference,2026-04-20,2026-07-09,1.0,DUPLICATE
336,357,Finish reading the assigned book by next week,Finish reading the assigned book by next week,task,task,2026-05-20,2026-03-29,1.0,DUPLICATE
336,396,Finish reading the assigned book by next week,Finish reading the assigned book by next week,task,task,2026-05-20,2026-06-23,1.0,DUPLICATE
336,481,Finish reading the assigned book by next week,Finish reading the assigned book by next week,task,task,2026-05-20,2026-05-21,1.0,DUPLICATE
337,351,User celebrated their birthday recently,User celebrated their birthday recently,event,event,2026-04-15,2026-02-15,1.0,DUPLICATE
337,365,User celebrated their birthday recently,User celebrated their birthday recently,event,event,2026-04-15,2026-07-07,1.0,DUPLICATE
337,372,User celebrated their birthday recently,User celebrated their birthday recently,event,event,2026-04-15,2026-06-30,1.0,DUPLICATE
337,377,User celebrated their birthday recently,User celebrated their birthday recently,event,event,2026-04-15,2026-06-15,1.0,DUPLICATE
337,398,User celebrated their birthday recently,User celebrated their birthday recently,event,event,2026-04-15,2026-06-10,1.0,DUPLICATE
337,468,User celebrated their birthday recently,User's birthday is in March,event,fact,2026-04-15,2026-01-31,0.831,RELATED
337,471,User celebrated their birthday recently,User celebrated their birthday recently,event,event,2026-04-15,2026-03-18,1.0,DUPLICATE
337,476,User celebrated their birthday recently,User celebrated their birthday recently,event,event,2026-04-15,2026-07-03,1.0,DUPLICATE
338,408,User visited the doctor last month,User visited the doctor last month,event,event,2026-05-06,2026-05-23,1.0,DUPLICATE
338,450,User visited the doctor last month,User visited the doctor last month,event,event,2026-05-06,2026-04-28,1.0,DUPLICATE
338,463,User visited the doctor last month,User visited the doctor last month,event,event,2026-05-06,2026-03-25,1.0,DUPLICATE
338,497,User visited the doctor last month,User visited the doctor last month,event,event,2026-05-06,2026-06-10,1.0,DUPLICATE
339,344,User attended a wedding last weekend,User attended a wedding last weekend,event,event,2026-03-04,2026-05-13,1.0,DUPLICATE
339,354,User attended a wedding last weekend,User attended a wedding last weekend,event,event,2026-03-04,2026-04-05,1.0,DUPLICATE
339,355,User attended a wedding last weekend,User attended a wedding last weekend,event,event,2026-03-04,2026-05-01,1.0,DUPLICATE
339,361,User attended a wedding last weekend,User attended a wedding last weekend,event,event,2026-03-04,2026-04-04,1.0,DUPLICATE
339,376,User attended a wedding last weekend,User attended a wedding last weekend,event,event,2026-03-04,2026-06-06,1.0,DUPLICATE
339,411,User attended a wedding last weekend,User attended a wedding last weekend,event,event,2026-03-04,2026-04-25,1.0,DUPLICATE
339,452,User attended a wedding last weekend,User attended a wedding last weekend,event,event,2026-03-04,2026-02-15,1.0,DUPLICATE
340,345,User wants to publish a research paper,User wants to publish a research paper,goal,goal,2026-03-24,2026-02-01,1.0,DUPLICATE
340,384,User wants to publish a research paper,User wants to publish a research paper,goal,goal,2026-03-24,2026-05-03,1.0,DUPLICATE
340,414,User wants to publish a research paper,User wants to publish a research paper,goal,goal,2026-03-24,2026-07-09,1.0,DUPLICATE
340,480,User wants to publish a research paper,User wants to publish a research paper,goal,goal,2026-03-24,2026-05-18,1.0,DUPLICATE
340,493,User wants to publish a research paper,User wants to publish a research paper,goal,goal,2026-03-24,2026-02-15,1.0,DUPLICATE
340,496,User wants to publish a research paper,User wants to publish a research paper,goal,goal,2026-03-24,2026-04-12,1.0,DUPLICATE
341,426,Submit assignment by Monday,Submit assignment by Monday,task,task,2026-04-27,2026-03-13,1.0,DUPLICATE
342,394,User prefers working late at night,User prefers working late at night,preference,preference,2026-07-01,2026-04-30,1.0,DUPLICATE
342,399,User prefers working late at night,User prefers working late at night,preference,preference,2026-07-01,2026-04-21,1.0,DUPLICATE
342,401,User prefers working late at night,User prefers working late at night,preference,preference,2026-07-01,2026-07-10,1.0,DUPLICATE
342,486,User prefers working late at night,User prefers working late at night,preference,preference,2026-07-01,2026-02-28,1.0,DUPLICATE
342,491,User prefers working late at night,User prefers working late at night,preference,preference,2026-07-01,2026-05-12,1.0,DUPLICATE
343,350,User had a job interview last week,User had a job interview last week,event,event,2026-05-05,2026-03-14,1.0,DUPLICATE
343,433,User had a job interview last week,User had a job interview last week,event,event,2026-05-05,2026-04-18,1.0,DUPLICATE
343,464,User had a job interview last week,User had a job interview last week,event,event,2026-05-05,2026-06-07,1.0,DUPLICATE
343,483,User had a job interview last week,User had a job interview last week,event,event,2026-05-05,2026-06-24,1.0,DUPLICATE
343,494,User had a job interview last week,User is preparing for interviews,event,goal,2026-05-05,2026-06-20,0.625,RELATED
343,495,User had a job interview last week,User had a job interview last week,event,event,2026-05-05,2026-02-09,1.0,DUPLICATE
343,514,User had a job interview last week,User is preparing for interviews,event,goal,2026-05-05,2026-04-21,0.625,RELATED
343,515,User had a job interview last week,User got a new job after interviews,event,fact,2026-05-05,2026-05-24,0.776,RELATED
344,354,User attended a wedding last weekend,User attended a wedding last weekend,event,event,2026-05-13,2026-04-05,1.0,DUPLICATE
344,355,User attended a wedding last weekend,User attended a wedding last weekend,event,event,2026-05-13,2026-05-01,1.0,DUPLICATE
344,361,User attended a wedding last weekend,User attended a wedding last weekend,event,event,2026-05-13,2026-04-04,1.0,DUPLICATE
344,376,User attended a wedding last weekend,User attended a wedding last weekend,event,event,2026-05-13,2026-06-06,1.0,DUPLICATE
344,411,User attended a wedding last weekend,User attended a wedding last weekend,event,event,2026-05-13,2026-04-25,1.0,DUPLICATE
344,452,User attended a wedding last weekend,User attended a wedding last weekend,event,event,2026-05-13,2026-02-15,1.0,DUPLICATE
345,384,User wants to publish a research paper,User wants to publish a research paper,goal,goal,2026-02-01,2026-05-03,1.0,DUPLICATE
345,414,User wants to publish a research paper,User wants to publish a research paper,goal,goal,2026-02-01,2026-07-09,1.0,DUPLICATE
345,480,User wants to publish a research paper,User wants to publish a research paper,goal,goal,2026-02-01,2026-05-18,1.0,DUPLICATE
345,493,User wants to publish a research paper,User wants to publish a research paper,goal,goal,2026-02-01,2026-02-15,1.0,DUPLICATE
345,496,User wants to publish a research paper,User wants to publish a research paper,goal,goal,2026-02-01,2026-04-12,1.0,DUPLICATE
346,416,User plans to run a marathon next year,User wants to run a marathon next year,goal,goal,2026-04-26,2026-07-06,0.935,NEAR_DUPLICATE
346,424,User plans to run a marathon next year,User wants to run a marathon next year,goal,goal,2026-04-26,2026-04-19,0.935,NEAR_DUPLICATE
346,478,User plans to run a marathon next year,User plans to run a marathon next year,goal,goal,2026-04-26,2026-06-22,1.0,DUPLICATE
346,516,User plans to run a marathon next year,User wants to run a marathon next year,goal,goal,2026-04-26,2026-05-30,0.935,NEAR_DUPLICATE
346,517,User plans to run a marathon next year,User completed a marathon,goal,fact,2026-04-26,2026-06-20,0.684,EVOLVING
347,448,User watched a movie yesterday,User watched a movie yesterday,event,event,2026-04-01,2026-05-03,1.0,DUPLICATE
348,382,User's hometown is Pune,User's hometown is Pune,fact,fact,2026-04-15,2026-07-05,1.0,DUPLICATE
348,447,User's hometown is Pune,User's hometown is Pune,fact,fact,2026-04-15,2026-03-16,1.0,DUPLICATE
349,379,User prefers Android over iOS,User prefers Android over iOS,preference,preference,2026-04-11,2026-06-25,1.0,DUPLICATE
349,418,User prefers Android over iOS,User prefers Android over iOS,preference,preference,2026-04-11,2026-03-11,1.0,DUPLICATE
349,421,User prefers Android over iOS,User prefers Android over iOS,preference,preference,2026-04-11,2026-05-18,1.0,DUPLICATE
349,459,User prefers Android over iOS,User prefers Android over iOS,preference,preference,2026-04-11,2026-07-09,1.0,DUPLICATE
350,433,User had a job interview last week,User had a job interview last week,event,event,2026-03-14,2026-04-18,1.0,DUPLICATE
350,464,User had a job interview last week,User had a job interview last week,event,event,2026-03-14,2026-06-07,1.0,DUPLICATE
350,483,User had a job interview last week,User had a job interview last week,event,event,2026-03-14,2026-06-24,1.0,DUPLICATE
350,494,User had a job interview last week,User is preparing for interviews,event,goal,2026-03-14,2026-06-20,0.625,RELATED
350,495,User had a job interview last week,User had a job interview last week,event,event,2026-03-14,2026-02-09,1.0,DUPLICATE
350,514,User had a job interview last week,User is preparing for interviews,event,goal,2026-03-14,2026-04-21,0.625,RELATED
350,515,User had a job interview last week,User got a new job after interviews,event,fact,2026-03-14,2026-05-24,0.776,RELATED
351,365,User celebrated their birthday recently,User celebrated their birthday recently,event,event,2026-02-15,2026-07-07,1.0,DUPLICATE
351,372,User celebrated their birthday recently,User celebrated their birthday recently,event,event,2026-02-15,2026-06-30,1.0,DUPLICATE
351,377,User celebrated their birthday recently,User celebrated their birthday recently,event,event,2026-02-15,2026-06-15,1.0,DUPLICATE
351,398,User celebrated their birthday recently,User celebrated their birthday recently,event,event,2026-02-15,2026-06-10,1.0,DUPLICATE
351,468,User celebrated their birthday recently,User's birthday is in March,event,fact,2026-02-15,2026-01-31,0.831,RELATED
351,471,User celebrated their birthday recently,User celebrated their birthday recently,event,event,2026-02-15,2026-03-18,1.0,DUPLICATE
351,476,User celebrated their birthday recently,User celebrated their birthday recently,event,event,2026-02-15,2026-07-03,1.0,DUPLICATE
352,393,User likes detailed explanations,User likes detailed explanations,preference,preference,2026-02-22,2026-02-05,1.0,DUPLICATE
352,435,User likes detailed explanations,User likes detailed explanations,preference,preference,2026-02-22,2026-05-14,1.0,DUPLICATE
352,473,User likes detailed explanations,User likes detailed explanations,preference,preference,2026-02-22,2026-06-21,1.0,DUPLICATE
353,385,User's favorite color is blue,User's favorite color is blue,fact,fact,2026-07-03,2026-07-03,1.0,DUPLICATE
354,355,User attended a wedding last weekend,User attended a wedding last weekend,event,event,2026-04-05,2026-05-01,1.0,DUPLICATE
354,361,User attended a wedding last weekend,User attended a wedding last weekend,event,event,2026-04-05,2026-04-04,1.0,DUPLICATE
354,376,User attended a wedding last weekend,User attended a wedding last weekend,event,event,2026-04-05,2026-06-06,1.0,DUPLICATE
354,411,User attended a wedding last weekend,User attended a wedding last weekend,event,event,2026-04-05,2026-04-25,1.0,DUPLICATE
354,452,User attended a wedding last weekend,User attended a wedding last weekend,event,event,2026-04-05,2026-02-15,1.0,DUPLICATE
355,361,User attended a wedding last weekend,User attended a wedding last weekend,event,event,2026-05-01,2026-04-04,1.0,DUPLICATE
355,376,User attended a wedding last weekend,User attended a wedding last weekend,event,event,2026-05-01,2026-06-06,1.0,DUPLICATE
355,411,User attended a wedding last weekend,User attended a wedding last weekend,event,event,2026-05-01,2026-04-25,1.0,DUPLICATE
355,452,User attended a wedding last weekend,User attended a wedding last weekend,event,event,2026-05-01,2026-02-15,1.0,DUPLICATE
356,427,User lives in Solapur,User lives in Solapur,fact,fact,2026-06-22,2026-06-18,1.0,DUPLICATE
356,474,User lives in Solapur,User lives in Solapur,fact,fact,2026-06-22,2026-04-20,1.0,DUPLICATE
357,396,Finish reading the assigned book by next week,Finish reading the assigned book by next week,task,task,2026-03-29,2026-06-23,1.0,DUPLICATE
357,481,Finish reading the assigned book by next week,Finish reading the assigned book by next week,task,task,2026-03-29,2026-05-21,1.0,DUPLICATE
358,420,User wants to learn Spanish,User is learning Spanish,goal,goal,2026-06-29,2026-06-06,0.919,NEAR_DUPLICATE
358,439,User wants to learn Spanish,User wants to learn Spanish,goal,goal,2026-06-29,2026-03-30,1.0,DUPLICATE
358,458,User wants to learn Spanish,User wants to learn Spanish,goal,goal,2026-06-29,2026-05-08,1.0,DUPLICATE
358,510,User wants to learn Spanish,User is learning Spanish,goal,goal,2026-06-29,2026-05-09,0.919,NEAR_DUPLICATE
358,511,User wants to learn Spanish,User is now fluent in Spanish,goal,fact,2026-06-29,2026-06-18,0.74,EVOLVING
359,371,User dislikes spicy food,User dislikes spicy food,preference,preference,2026-06-14,2026-05-16,1.0,DUPLICATE
359,504,User dislikes spicy food,User dislikes spicy food,preference,preference,2026-06-14,2026-06-25,1.0,DUPLICATE
359,505,User dislikes spicy food,User loves spicy food,preference,preference,2026-06-14,2026-07-11,0.872,CONFLICT
360,369,User likes minimalist design,User likes minimalist design,preference,preference,2026-02-17,2026-03-07,1.0,DUPLICATE
361,376,User attended a wedding last weekend,User attended a wedding last weekend,event,event,2026-04-04,2026-06-06,1.0,DUPLICATE
361,411,User attended a wedding last weekend,User attended a wedding last weekend,event,event,2026-04-04,2026-04-25,1.0,DUPLICATE
361,452,User attended a wedding last weekend,User attended a wedding last weekend,event,event,2026-04-04,2026-02-15,1.0,DUPLICATE
362,417,User wants to lose 5 kg,User wants to lose 5 kg,goal,goal,2026-07-12,2026-02-19,1.0,DUPLICATE
362,490,User wants to lose 5 kg,User wants to lose 5 kg,goal,goal,2026-07-12,2026-02-14,1.0,DUPLICATE
362,499,User wants to lose 5 kg,User wants to lose 5 kg,goal,goal,2026-07-12,2026-03-07,1.0,DUPLICATE
364,392,User is allergic to peanuts,User is allergic to peanuts,fact,fact,2026-04-29,2026-04-25,1.0,DUPLICATE
364,400,User is allergic to peanuts,User is allergic to peanuts,fact,fact,2026-04-29,2026-05-08,1.0,DUPLICATE
364,461,User is allergic to peanuts,User is allergic to peanuts,fact,fact,2026-04-29,2026-06-06,1.0,DUPLICATE
365,372,User celebrated their birthday recently,User celebrated their birthday recently,event,event,2026-07-07,2026-06-30,1.0,DUPLICATE
365,377,User celebrated their birthday recently,User celebrated their birthday recently,event,event,2026-07-07,2026-06-15,1.0,DUPLICATE
365,398,User celebrated their birthday recently,User celebrated their birthday recently,event,event,2026-07-07,2026-06-10,1.0,DUPLICATE
365,468,User celebrated their birthday recently,User's birthday is in March,event,fact,2026-07-07,2026-01-31,0.831,RELATED
365,471,User celebrated their birthday recently,User celebrated their birthday recently,event,event,2026-07-07,2026-03-18,1.0,DUPLICATE
365,476,User celebrated their birthday recently,User celebrated their birthday recently,event,event,2026-07-07,2026-07-03,1.0,DUPLICATE
366,368,User prefers tea over coffee,User prefers tea over coffee,preference,preference,2026-02-01,2026-04-04,1.0,DUPLICATE
366,446,User prefers tea over coffee,User prefers tea over coffee,preference,preference,2026-02-01,2026-07-13,1.0,DUPLICATE
366,453,User prefers tea over coffee,User prefers tea over coffee,preference,preference,2026-02-01,2026-05-08,1.0,DUPLICATE
366,500,User prefers tea over coffee,User prefers tea over coffee,preference,preference,2026-02-01,2026-05-13,1.0,DUPLICATE
366,501,User prefers tea over coffee,User prefers coffee over tea,preference,preference,2026-02-01,2026-05-23,0.996,DUPLICATE
367,391,Renew driving license this month,Renew driving license this month,task,task,2026-03-26,2026-03-28,1.0,DUPLICATE
367,413,Renew driving license this month,Renew driving license this month,task,task,2026-03-26,2026-06-13,1.0,DUPLICATE
367,432,Renew driving license this month,Renew driving license this month,task,task,2026-03-26,2026-07-05,1.0,DUPLICATE
367,436,Renew driving license this month,Renew driving license this month,task,task,2026-03-26,2026-04-12,1.0,DUPLICATE
368,446,User prefers tea over coffee,User prefers tea over coffee,preference,preference,2026-04-04,2026-07-13,1.0,DUPLICATE
368,453,User prefers tea over coffee,User prefers tea over coffee,preference,preference,2026-04-04,2026-05-08,1.0,DUPLICATE
368,500,User prefers tea over coffee,User prefers tea over coffee,preference,preference,2026-04-04,2026-05-13,1.0,DUPLICATE
368,501,User prefers tea over coffee,User prefers coffee over tea,preference,preference,2026-04-04,2026-05-23,0.996,DUPLICATE
370,380,Return the library books by Thursday,Return the library books by Thursday,task,task,2026-06-16,2026-06-22,1.0,DUPLICATE
370,386,Return the library books by Thursday,Return the library books by Thursday,task,task,2026-06-16,2026-07-28,1.0,DUPLICATE
370,449,Return the library books by Thursday,Return the library books by Thursday,task,task,2026-06-16,2026-02-12,1.0,DUPLICATE
370,456,Return the library books by Thursday,Return the library books by Thursday,task,task,2026-06-16,2026-04-23,1.0,DUPLICATE
370,482,Return the library books by Thursday,Return the library books by Thursday,task,task,2026-06-16,2026-03-18,1.0,DUPLICATE
371,504,User dislikes spicy food,User dislikes spicy food,preference,preference,2026-05-16,2026-06-25,1.0,DUPLICATE
371,505,User dislikes spicy food,User loves spicy food,preference,preference,2026-05-16,2026-07-11,0.872,CONFLICT
372,377,User celebrated their birthday recently,User celebrated their birthday recently,event,event,2026-06-30,2026-06-15,1.0,DUPLICATE
372,398,User celebrated their birthday recently,User celebrated their birthday recently,event,event,2026-06-30,2026-06-10,1.0,DUPLICATE
372,468,User celebrated their birthday recently,User's birthday is in March,event,fact,2026-06-30,2026-01-31,0.831,RELATED
372,471,User celebrated their birthday recently,User celebrated their birthday recently,event,event,2026-06-30,2026-03-18,1.0,DUPLICATE
372,476,User celebrated their birthday recently,User celebrated their birthday recently,event,event,2026-06-30,2026-07-03,1.0,DUPLICATE
373,492,User wants to buy a house within five years,User wants to buy a house within five years,goal,goal,2026-07-18,2026-02-13,1.0,DUPLICATE
373,498,User wants to buy a house within five years,User wants to buy a house within five years,goal,goal,2026-07-18,2026-05-13,1.0,DUPLICATE
373,512,User wants to buy a house within five years,User wants to buy a house within five years,goal,goal,2026-07-18,2026-05-13,1.0,DUPLICATE
373,513,User wants to buy a house within five years,User bought a house,goal,fact,2026-07-18,2026-06-08,0.706,EVOLVING
373,518,User wants to buy a house within five years,User is saving up to buy a house,goal,goal,2026-07-18,2026-04-12,0.722,RELATED
373,519,User wants to buy a house within five years,User bought a house,goal,fact,2026-07-18,2026-05-28,0.706,EVOLVING
375,383,User has a cat named Whiskers,User has a cat named Whiskers,fact,fact,2026-05-29,2026-03-14,1.0,DUPLICATE
375,402,User has a cat named Whiskers,User has a cat named Whiskers,fact,fact,2026-05-29,2026-04-18,1.0,DUPLICATE
375,409,User has a cat named Whiskers,User has a cat named Whiskers,fact,fact,2026-05-29,2026-07-21,1.0,DUPLICATE
375,441,User has a cat named Whiskers,User has a cat named Whiskers,fact,fact,2026-05-29,2026-06-02,1.0,DUPLICATE
376,411,User attended a wedding last weekend,User attended a wedding last weekend,event,event,2026-06-06,2026-04-25,1.0,DUPLICATE
376,452,User attended a wedding last weekend,User attended a wedding last weekend,event,event,2026-06-06,2026-02-15,1.0,DUPLICATE
377,398,User celebrated their birthday recently,User celebrated their birthday recently,event,event,2026-06-15,2026-06-10,1.0,DUPLICATE
377,468,User celebrated their birthday recently,User's birthday is in March,event,fact,2026-06-15,2026-01-31,0.831,RELATED
377,471,User celebrated their birthday recently,User celebrated their birthday recently,event,event,2026-06-15,2026-03-18,1.0,DUPLICATE
377,476,User celebrated their birthday recently,User celebrated their birthday recently,event,event,2026-06-15,2026-07-03,1.0,DUPLICATE
378,390,User attended a college hackathon,User attended a college hackathon,event,event,2026-07-04,2026-04-06,1.0,DUPLICATE
378,397,User attended a college hackathon,User attended a college hackathon,event,event,2026-07-04,2026-02-23,1.0,DUPLICATE
378,410,User attended a college hackathon,User attended a college hackathon,event,event,2026-07-04,2026-07-09,1.0,DUPLICATE
378,457,User attended a college hackathon,User attended a college hackathon,event,event,2026-07-04,2026-02-03,1.0,DUPLICATE
379,418,User prefers Android over iOS,User prefers Android over iOS,preference,preference,2026-06-25,2026-03-11,1.0,DUPLICATE
379,421,User prefers Android over iOS,User prefers Android over iOS,preference,preference,2026-06-25,2026-05-18,1.0,DUPLICATE
379,459,User prefers Android over iOS,User prefers Android over iOS,preference,preference,2026-06-25,2026-07-09,1.0,DUPLICATE
380,386,Return the library books by Thursday,Return the library books by Thursday,task,task,2026-06-22,2026-07-28,1.0,DUPLICATE
380,449,Return the library books by Thursday,Return the library books by Thursday,task,task,2026-06-22,2026-02-12,1.0,DUPLICATE
380,456,Return the library books by Thursday,Return the library books by Thursday,task,task,2026-06-22,2026-04-23,1.0,DUPLICATE
380,482,Return the library books by Thursday,Return the library books by Thursday,task,task,2026-06-22,2026-03-18,1.0,DUPLICATE
381,437,User has two younger siblings,User has two younger siblings,fact,fact,2026-03-19,2026-04-28,1.0,DUPLICATE
382,447,User's hometown is Pune,User's hometown is Pune,fact,fact,2026-07-05,2026-03-16,1.0,DUPLICATE
383,402,User has a cat named Whiskers,User has a cat named Whiskers,fact,fact,2026-03-14,2026-04-18,1.0,DUPLICATE
383,409,User has a cat named Whiskers,User has a cat named Whiskers,fact,fact,2026-03-14,2026-07-21,1.0,DUPLICATE
383,441,User has a cat named Whiskers,User has a cat named Whiskers,fact,fact,2026-03-14,2026-06-02,1.0,DUPLICATE
384,414,User wants to publish a research paper,User wants to publish a research paper,goal,goal,2026-05-03,2026-07-09,1.0,DUPLICATE
384,480,User wants to publish a research paper,User wants to publish a research paper,goal,goal,2026-05-03,2026-05-18,1.0,DUPLICATE
384,493,User wants to publish a research paper,User wants to publish a research paper,goal,goal,2026-05-03,2026-02-15,1.0,DUPLICATE
384,496,User wants to publish a research paper,User wants to publish a research paper,goal,goal,2026-05-03,2026-04-12,1.0,DUPLICATE
386,449,Return the library books by Thursday,Return the library books by Thursday,task,task,2026-07-28,2026-02-12,1.0,DUPLICATE
386,456,Return the library books by Thursday,Return the library books by Thursday,task,task,2026-07-28,2026-04-23,1.0,DUPLICATE
386,482,Return the library books by Thursday,Return the library books by Thursday,task,task,2026-07-28,2026-03-18,1.0,DUPLICATE
388,429,User prefers dark mode,User prefers dark mode,preference,preference,2026-04-18,2026-04-16,1.0,DUPLICATE
388,479,User prefers dark mode,User prefers dark mode,preference,preference,2026-04-18,2026-03-29,1.0,DUPLICATE
388,502,User prefers dark mode,User prefers dark mode,preference,preference,2026-04-18,2026-05-31,1.0,DUPLICATE
388,503,User prefers dark mode,User prefers light mode,preference,preference,2026-04-18,2026-06-04,0.837,CONFLICT
389,428,User wears glasses,User wears glasses,fact,fact,2026-07-04,2026-05-26,1.0,DUPLICATE
389,443,User wears glasses,User wears glasses,fact,fact,2026-07-04,2026-01-30,1.0,DUPLICATE
389,455,User wears glasses,User wears glasses,fact,fact,2026-07-04,2026-07-28,1.0,DUPLICATE
390,397,User attended a college hackathon,User attended a college hackathon,event,event,2026-04-06,2026-02-23,1.0,DUPLICATE
390,410,User attended a college hackathon,User attended a college hackathon,event,event,2026-04-06,2026-07-09,1.0,DUPLICATE
390,457,User attended a college hackathon,User attended a college hackathon,event,event,2026-04-06,2026-02-03,1.0,DUPLICATE
391,413,Renew driving license this month,Renew driving license this month,task,task,2026-03-28,2026-06-13,1.0,DUPLICATE
391,432,Renew driving license this month,Renew driving license this month,task,task,2026-03-28,2026-07-05,1.0,DUPLICATE
391,436,Renew driving license this month,Renew driving license this month,task,task,2026-03-28,2026-04-12,1.0,DUPLICATE
392,400,User is allergic to peanuts,User is allergic to peanuts,fact,fact,2026-04-25,2026-05-08,1.0,DUPLICATE
392,461,User is allergic to peanuts,User is allergic to peanuts,fact,fact,2026-04-25,2026-06-06,1.0,DUPLICATE
393,435,User likes detailed explanations,User likes detailed explanations,preference,preference,2026-02-05,2026-05-14,1.0,DUPLICATE
393,473,User likes detailed explanations,User likes detailed explanations,preference,preference,2026-02-05,2026-06-21,1.0,DUPLICATE
394,399,User prefers working late at night,User prefers working late at night,preference,preference,2026-04-30,2026-04-21,1.0,DUPLICATE
394,401,User prefers working late at night,User prefers working late at night,preference,preference,2026-04-30,2026-07-10,1.0,DUPLICATE
394,486,User prefers working late at night,User prefers working late at night,preference,preference,2026-04-30,2026-02-28,1.0,DUPLICATE
394,491,User prefers working late at night,User prefers working late at night,preference,preference,2026-04-30,2026-05-12,1.0,DUPLICATE
395,407,User likes concise answers,User likes concise answers,preference,preference,2026-07-03,2026-07-25,1.0,DUPLICATE
395,430,User likes concise answers,User likes concise answers,preference,preference,2026-07-03,2026-07-25,1.0,DUPLICATE
395,440,User likes concise answers,User likes concise answers,preference,preference,2026-07-03,2026-05-26,1.0,DUPLICATE
396,481,Finish reading the assigned book by next week,Finish reading the assigned book by next week,task,task,2026-06-23,2026-05-21,1.0,DUPLICATE
397,410,User attended a college hackathon,User attended a college hackathon,event,event,2026-02-23,2026-07-09,1.0,DUPLICATE
397,457,User attended a college hackathon,User attended a college hackathon,event,event,2026-02-23,2026-02-03,1.0,DUPLICATE
398,468,User celebrated their birthday recently,User's birthday is in March,event,fact,2026-06-10,2026-01-31,0.831,RELATED
398,471,User celebrated their birthday recently,User celebrated their birthday recently,event,event,2026-06-10,2026-03-18,1.0,DUPLICATE
398,476,User celebrated their birthday recently,User celebrated their birthday recently,event,event,2026-06-10,2026-07-03,1.0,DUPLICATE
399,401,User prefers working late at night,User prefers working late at night,preference,preference,2026-04-21,2026-07-10,1.0,DUPLICATE
399,486,User prefers working late at night,User prefers working late at night,preference,preference,2026-04-21,2026-02-28,1.0,DUPLICATE
399,491,User prefers working late at night,User prefers working late at night,preference,preference,2026-04-21,2026-05-12,1.0,DUPLICATE
400,461,User is allergic to peanuts,User is allergic to peanuts,fact,fact,2026-05-08,2026-06-06,1.0,DUPLICATE
401,486,User prefers working late at night,User prefers working late at night,preference,preference,2026-07-10,2026-02-28,1.0,DUPLICATE
401,491,User prefers working late at night,User prefers working late at night,preference,preference,2026-07-10,2026-05-12,1.0,DUPLICATE
402,409,User has a cat named Whiskers,User has a cat named Whiskers,fact,fact,2026-04-18,2026-07-21,1.0,DUPLICATE
402,441,User has a cat named Whiskers,User has a cat named Whiskers,fact,fact,2026-04-18,2026-06-02,1.0,DUPLICATE
403,485,Send the report to manager by end of day,Send the report to manager by end of day,task,task,2026-07-07,2026-02-16,1.0,DUPLICATE
404,425,User prefers Python over Java,User prefers Python over Java,preference,preference,2026-03-13,2026-03-01,1.0,DUPLICATE
404,434,User prefers Python over Java,User prefers Python over Java,preference,preference,2026-03-13,2026-05-19,1.0,DUPLICATE
404,442,User prefers Python over Java,User prefers Python over Java,preference,preference,2026-03-13,2026-05-29,1.0,DUPLICATE
404,451,User prefers Python over Java,User prefers Python over Java,preference,preference,2026-03-13,2026-07-28,1.0,DUPLICATE
404,506,User prefers Python over Java,User prefers Python over Java,preference,preference,2026-03-13,2026-06-10,1.0,DUPLICATE
404,507,User prefers Python over Java,User prefers Java over Python,preference,preference,2026-03-13,2026-06-24,0.992,DUPLICATE
405,487,User studied at NK Orchid College,User studied at NK Orchid College,fact,fact,2026-01-31,2026-07-21,1.0,DUPLICATE
406,465,User's phone number ends in 4471,User's phone number ends in 4471,fact,fact,2026-02-22,2026-06-29,1.0,DUPLICATE
406,489,User's phone number ends in 4471,User's phone number ends in 4471,fact,fact,2026-02-22,2026-06-25,1.0,DUPLICATE
407,430,User likes concise answers,User likes concise answers,preference,preference,2026-07-25,2026-07-25,1.0,DUPLICATE
407,440,User likes concise answers,User likes concise answers,preference,preference,2026-07-25,2026-05-26,1.0,DUPLICATE
408,450,User visited the doctor last month,User visited the doctor last month,event,event,2026-05-23,2026-04-28,1.0,DUPLICATE
408,463,User visited the doctor last month,User visited the doctor last month,event,event,2026-05-23,2026-03-25,1.0,DUPLICATE
408,497,User visited the doctor last month,User visited the doctor last month,event,event,2026-05-23,2026-06-10,1.0,DUPLICATE
409,441,User has a cat named Whiskers,User has a cat named Whiskers,fact,fact,2026-07-21,2026-06-02,1.0,DUPLICATE
410,457,User attended a college hackathon,User attended a college hackathon,event,event,2026-07-09,2026-02-03,1.0,DUPLICATE
411,452,User attended a wedding last weekend,User attended a wedding last weekend,event,event,2026-04-25,2026-02-15,1.0,DUPLICATE
412,484,User owns a dog named Max,User owns a dog named Max,fact,fact,2026-03-20,2026-07-20,1.0,DUPLICATE
413,432,Renew driving license this month,Renew driving license this month,task,task,2026-06-13,2026-07-05,1.0,DUPLICATE
413,436,Renew driving license this month,Renew driving license this month,task,task,2026-06-13,2026-04-12,1.0,DUPLICATE
414,480,User wants to publish a research paper,User wants to publish a research paper,goal,goal,2026-07-09,2026-05-18,1.0,DUPLICATE
414,493,User wants to publish a research paper,User wants to publish a research paper,goal,goal,2026-07-09,2026-02-15,1.0,DUPLICATE
414,496,User wants to publish a research paper,User wants to publish a research paper,goal,goal,2026-07-09,2026-04-12,1.0,DUPLICATE
415,472,User dislikes long meetings,User dislikes long meetings,preference,preference,2026-03-18,2026-06-09,1.0,DUPLICATE
415,488,User dislikes long meetings,User dislikes long meetings,preference,preference,2026-03-18,2026-02-13,1.0,DUPLICATE
416,424,User wants to run a marathon next year,User wants to run a marathon next year,goal,goal,2026-07-06,2026-04-19,1.0,DUPLICATE
416,478,User wants to run a marathon next year,User plans to run a marathon next year,goal,goal,2026-07-06,2026-06-22,0.935,NEAR_DUPLICATE
416,516,User wants to run a marathon next year,User wants to run a marathon next year,goal,goal,2026-07-06,2026-05-30,1.0,DUPLICATE
416,517,User wants to run a marathon next year,User completed a marathon,goal,fact,2026-07-06,2026-06-20,0.743,EVOLVING
417,490,User wants to lose 5 kg,User wants to lose 5 kg,goal,goal,2026-02-19,2026-02-14,1.0,DUPLICATE
417,499,User wants to lose 5 kg,User wants to lose 5 kg,goal,goal,2026-02-19,2026-03-07,1.0,DUPLICATE
418,421,User prefers Android over iOS,User prefers Android over iOS,preference,preference,2026-03-11,2026-05-18,1.0,DUPLICATE
418,459,User prefers Android over iOS,User prefers Android over iOS,preference,preference,2026-03-11,2026-07-09,1.0,DUPLICATE
419,462,User went on a trip to Goa,User went on a trip to Goa,event,event,2026-02-16,2026-02-09,1.0,DUPLICATE
420,439,User is learning Spanish,User wants to learn Spanish,goal,goal,2026-06-06,2026-03-30,0.919,NEAR_DUPLICATE
420,458,User is learning Spanish,User wants to learn Spanish,goal,goal,2026-06-06,2026-05-08,0.919,NEAR_DUPLICATE
420,510,User is learning Spanish,User is learning Spanish,goal,goal,2026-06-06,2026-05-09,1.0,DUPLICATE
420,511,User is learning Spanish,User is now fluent in Spanish,goal,fact,2026-06-06,2026-06-18,0.786,EVOLVING
421,459,User prefers Android over iOS,User prefers Android over iOS,preference,preference,2026-05-18,2026-07-09,1.0,DUPLICATE
422,454,User wants to switch careers into AI,User wants to switch careers into AI,goal,goal,2026-07-07,2026-07-26,1.0,DUPLICATE
423,431,User is left-handed,User is left-handed,fact,fact,2026-03-05,2026-02-28,1.0,DUPLICATE
424,478,User wants to run a marathon next year,User plans to run a marathon next year,goal,goal,2026-04-19,2026-06-22,0.935,NEAR_DUPLICATE
424,516,User wants to run a marathon next year,User wants to run a marathon next year,goal,goal,2026-04-19,2026-05-30,1.0,DUPLICATE
424,517,User wants to run a marathon next year,User completed a marathon,goal,fact,2026-04-19,2026-06-20,0.743,EVOLVING
425,434,User prefers Python over Java,User prefers Python over Java,preference,preference,2026-03-01,2026-05-19,1.0,DUPLICATE
425,442,User prefers Python over Java,User prefers Python over Java,preference,preference,2026-03-01,2026-05-29,1.0,DUPLICATE
425,451,User prefers Python over Java,User prefers Python over Java,preference,preference,2026-03-01,2026-07-28,1.0,DUPLICATE
425,506,User prefers Python over Java,User prefers Python over Java,preference,preference,2026-03-01,2026-06-10,1.0,DUPLICATE
425,507,User prefers Python over Java,User prefers Java over Python,preference,preference,2026-03-01,2026-06-24,0.992,DUPLICATE
427,474,User lives in Solapur,User lives in Solapur,fact,fact,2026-06-18,2026-04-20,1.0,DUPLICATE
428,443,User wears glasses,User wears glasses,fact,fact,2026-05-26,2026-01-30,1.0,DUPLICATE
428,455,User wears glasses,User wears glasses,fact,fact,2026-05-26,2026-07-28,1.0,DUPLICATE
429,479,User prefers dark mode,User prefers dark mode,preference,preference,2026-04-16,2026-03-29,1.0,DUPLICATE
429,502,User prefers dark mode,User prefers dark mode,preference,preference,2026-04-16,2026-05-31,1.0,DUPLICATE
429,503,User prefers dark mode,User prefers light mode,preference,preference,2026-04-16,2026-06-04,0.837,CONFLICT
430,440,User likes concise answers,User likes concise answers,preference,preference,2026-07-25,2026-05-26,1.0,DUPLICATE
432,436,Renew driving license this month,Renew driving license this month,task,task,2026-07-05,2026-04-12,1.0,DUPLICATE
433,464,User had a job interview last week,User had a job interview last week,event,event,2026-04-18,2026-06-07,1.0,DUPLICATE
433,483,User had a job interview last week,User had a job interview last week,event,event,2026-04-18,2026-06-24,1.0,DUPLICATE
433,494,User had a job interview last week,User is preparing for interviews,event,goal,2026-04-18,2026-06-20,0.625,RELATED
433,495,User had a job interview last week,User had a job interview last week,event,event,2026-04-18,2026-02-09,1.0,DUPLICATE
433,514,User had a job interview last week,User is preparing for interviews,event,goal,2026-04-18,2026-04-21,0.625,RELATED
433,515,User had a job interview last week,User got a new job after interviews,event,fact,2026-04-18,2026-05-24,0.776,RELATED
434,442,User prefers Python over Java,User prefers Python over Java,preference,preference,2026-05-19,2026-05-29,1.0,DUPLICATE
434,451,User prefers Python over Java,User prefers Python over Java,preference,preference,2026-05-19,2026-07-28,1.0,DUPLICATE
434,506,User prefers Python over Java,User prefers Python over Java,preference,preference,2026-05-19,2026-06-10,1.0,DUPLICATE
434,507,User prefers Python over Java,User prefers Java over Python,preference,preference,2026-05-19,2026-06-24,0.992,DUPLICATE
435,473,User likes detailed explanations,User likes detailed explanations,preference,preference,2026-05-14,2026-06-21,1.0,DUPLICATE
438,444,Call the dentist to reschedule appointment,Call the dentist to reschedule appointment,task,task,2026-06-12,2026-06-14,1.0,DUPLICATE
438,477,Call the dentist to reschedule appointment,Call the dentist to reschedule appointment,task,task,2026-06-12,2026-04-21,1.0,DUPLICATE
439,458,User wants to learn Spanish,User wants to learn Spanish,goal,goal,2026-03-30,2026-05-08,1.0,DUPLICATE
439,510,User wants to learn Spanish,User is learning Spanish,goal,goal,2026-03-30,2026-05-09,0.919,NEAR_DUPLICATE
439,511,User wants to learn Spanish,User is now fluent in Spanish,goal,fact,2026-03-30,2026-06-18,0.74,EVOLVING
442,451,User prefers Python over Java,User prefers Python over Java,preference,preference,2026-05-29,2026-07-28,1.0,DUPLICATE
442,506,User prefers Python over Java,User prefers Python over Java,preference,preference,2026-05-29,2026-06-10,1.0,DUPLICATE
442,507,User prefers Python over Java,User prefers Java over Python,preference,preference,2026-05-29,2026-06-24,0.992,DUPLICATE
443,455,User wears glasses,User wears glasses,fact,fact,2026-01-30,2026-07-28,1.0,DUPLICATE
444,477,Call the dentist to reschedule appointment,Call the dentist to reschedule appointment,task,task,2026-06-14,2026-04-21,1.0,DUPLICATE
446,453,User prefers tea over coffee,User prefers tea over coffee,preference,preference,2026-07-13,2026-05-08,1.0,DUPLICATE
446,500,User prefers tea over coffee,User prefers tea over coffee,preference,preference,2026-07-13,2026-05-13,1.0,DUPLICATE
446,501,User prefers tea over coffee,User prefers coffee over tea,preference,preference,2026-07-13,2026-05-23,0.996,DUPLICATE
449,456,Return the library books by Thursday,Return the library books by Thursday,task,task,2026-02-12,2026-04-23,1.0,DUPLICATE
449,482,Return the library books by Thursday,Return the library books by Thursday,task,task,2026-02-12,2026-03-18,1.0,DUPLICATE
450,463,User visited the doctor last month,User visited the doctor last month,event,event,2026-04-28,2026-03-25,1.0,DUPLICATE
450,497,User visited the doctor last month,User visited the doctor last month,event,event,2026-04-28,2026-06-10,1.0,DUPLICATE
451,506,User prefers Python over Java,User prefers Python over Java,preference,preference,2026-07-28,2026-06-10,1.0,DUPLICATE
451,507,User prefers Python over Java,User prefers Java over Python,preference,preference,2026-07-28,2026-06-24,0.992,DUPLICATE
453,500,User prefers tea over coffee,User prefers tea over coffee,preference,preference,2026-05-08,2026-05-13,1.0,DUPLICATE
453,501,User prefers tea over coffee,User prefers coffee over tea,preference,preference,2026-05-08,2026-05-23,0.996,DUPLICATE
456,482,Return the library books by Thursday,Return the library books by Thursday,task,task,2026-04-23,2026-03-18,1.0,DUPLICATE
458,510,User wants to learn Spanish,User is learning Spanish,goal,goal,2026-05-08,2026-05-09,0.919,NEAR_DUPLICATE
458,511,User wants to learn Spanish,User is now fluent in Spanish,goal,fact,2026-05-08,2026-06-18,0.74,EVOLVING
460,467,Pay electricity bill by Friday,Pay electricity bill by Friday,task,task,2026-04-09,2026-05-22,1.0,DUPLICATE
460,475,Pay electricity bill by Friday,Pay electricity bill by Friday,task,task,2026-04-09,2026-01-30,1.0,DUPLICATE
463,497,User visited the doctor last month,User visited the doctor last month,event,event,2026-03-25,2026-06-10,1.0,DUPLICATE
464,483,User had a job interview last week,User had a job interview last week,event,event,2026-06-07,2026-06-24,1.0,DUPLICATE
464,494,User had a job interview last week,User is preparing for interviews,event,goal,2026-06-07,2026-06-20,0.625,RELATED
464,495,User had a job interview last week,User had a job interview last week,event,event,2026-06-07,2026-02-09,1.0,DUPLICATE
464,514,User had a job interview last week,User is preparing for interviews,event,goal,2026-06-07,2026-04-21,0.625,RELATED
464,515,User had a job interview last week,User got a new job after interviews,event,fact,2026-06-07,2026-05-24,0.776,RELATED
465,489,User's phone number ends in 4471,User's phone number ends in 4471,fact,fact,2026-06-29,2026-06-25,1.0,DUPLICATE
467,475,Pay electricity bill by Friday,Pay electricity bill by Friday,task,task,2026-05-22,2026-01-30,1.0,DUPLICATE
468,471,User's birthday is in March,User celebrated their birthday recently,fact,event,2026-01-31,2026-03-18,0.831,RELATED
468,476,User's birthday is in March,User celebrated their birthday recently,fact,event,2026-01-31,2026-07-03,0.831,RELATED
469,470,Book flight tickets before price increase,Book flight tickets before price increase,task,task,2026-03-09,2026-03-29,1.0,DUPLICATE
471,476,User celebrated their birthday recently,User celebrated their birthday recently,event,event,2026-03-18,2026-07-03,1.0,DUPLICATE
472,488,User dislikes long meetings,User dislikes long meetings,preference,preference,2026-06-09,2026-02-13,1.0,DUPLICATE
478,516,User plans to run a marathon next year,User wants to run a marathon next year,goal,goal,2026-06-22,2026-05-30,0.935,NEAR_DUPLICATE
478,517,User plans to run a marathon next year,User completed a marathon,goal,fact,2026-06-22,2026-06-20,0.684,EVOLVING
479,502,User prefers dark mode,User prefers dark mode,preference,preference,2026-03-29,2026-05-31,1.0,DUPLICATE
479,503,User prefers dark mode,User prefers light mode,preference,preference,2026-03-29,2026-06-04,0.837,CONFLICT
480,493,User wants to publish a research paper,User wants to publish a research paper,goal,goal,2026-05-18,2026-02-15,1.0,DUPLICATE
480,496,User wants to publish a research paper,User wants to publish a research paper,goal,goal,2026-05-18,2026-04-12,1.0,DUPLICATE
483,494,User had a job interview last week,User is preparing for interviews,event,goal,2026-06-24,2026-06-20,0.625,RELATED
483,495,User had a job interview last week,User had a job interview last week,event,event,2026-06-24,2026-02-09,1.0,DUPLICATE
483,514,User had a job interview last week,User is preparing for interviews,event,goal,2026-06-24,2026-04-21,0.625,RELATED
483,515,User had a job interview last week,User got a new job after interviews,event,fact,2026-06-24,2026-05-24,0.776,RELATED
486,491,User prefers working late at night,User prefers working late at night,preference,preference,2026-02-28,2026-05-12,1.0,DUPLICATE
490,499,User wants to lose 5 kg,User wants to lose 5 kg,goal,goal,2026-02-14,2026-03-07,1.0,DUPLICATE
492,498,User wants to buy a house within five years,User wants to buy a house within five years,goal,goal,2026-02-13,2026-05-13,1.0,DUPLICATE
492,512,User wants to buy a house within five years,User wants to buy a house within five years,goal,goal,2026-02-13,2026-05-13,1.0,DUPLICATE
492,513,User wants to buy a house within five years,User bought a house,goal,fact,2026-02-13,2026-06-08,0.706,EVOLVING
492,518,User wants to buy a house within five years,User is saving up to buy a house,goal,goal,2026-02-13,2026-04-12,0.722,RELATED
492,519,User wants to buy a house within five years,User bought a house,goal,fact,2026-02-13,2026-05-28,0.706,EVOLVING
493,496,User wants to publish a research paper,User wants to publish a research paper,goal,goal,2026-02-15,2026-04-12,1.0,DUPLICATE
494,495,User is preparing for interviews,User had a job interview last week,goal,event,2026-06-20,2026-02-09,0.625,RELATED
494,514,User is preparing for interviews,User is preparing for interviews,goal,goal,2026-06-20,2026-04-21,1.0,DUPLICATE
494,515,User is preparing for interviews,User got a new job after interviews,goal,fact,2026-06-20,2026-05-24,0.667,EVOLVING
495,514,User had a job interview last week,User is preparing for interviews,event,goal,2026-02-09,2026-04-21,0.625,RELATED
495,515,User had a job interview last week,User got a new job after interviews,event,fact,2026-02-09,2026-05-24,0.776,RELATED
498,512,User wants to buy a house within five years,User wants to buy a house within five years,goal,goal,2026-05-13,2026-05-13,1.0,DUPLICATE
498,513,User wants to buy a house within five years,User bought a house,goal,fact,2026-05-13,2026-06-08,0.706,EVOLVING
498,518,User wants to buy a house within five years,User is saving up to buy a house,goal,goal,2026-05-13,2026-04-12,0.722,RELATED
498,519,User wants to buy a house within five years,User bought a house,goal,fact,2026-05-13,2026-05-28,0.706,EVOLVING
500,501,User prefers tea over coffee,User prefers coffee over tea,preference,preference,2026-05-13,2026-05-23,0.996,DUPLICATE
502,503,User prefers dark mode,User prefers light mode,preference,preference,2026-05-31,2026-06-04,0.837,CONFLICT
504,505,User dislikes spicy food,User loves spicy food,preference,preference,2026-06-25,2026-07-11,0.872,CONFLICT
506,507,User prefers Python over Java,User prefers Java over Python,preference,preference,2026-06-10,2026-06-24,0.992,DUPLICATE
508,509,User is vegetarian,User eats non-vegetarian food regularly,fact,fact,2026-05-24,2026-06-08,0.813,CONFLICT
510,511,User is learning Spanish,User is now fluent in Spanish,goal,fact,2026-05-09,2026-06-18,0.786,EVOLVING
512,513,User wants to buy a house within five years,User bought a house,goal,fact,2026-05-13,2026-06-08,0.706,EVOLVING
512,518,User wants to buy a house within five years,User is saving up to buy a house,goal,goal,2026-05-13,2026-04-12,0.722,RELATED
512,519,User wants to buy a house within five years,User bought a house,goal,fact,2026-05-13,2026-05-28,0.706,EVOLVING
513,518,User bought a house,User is saving up to buy a house,fact,goal,2026-06-08,2026-04-12,0.748,EVOLVING
513,519,User bought a house,User bought a house,fact,fact,2026-06-08,2026-05-28,1.0,DUPLICATE
514,515,User is preparing for interviews,User got a new job after interviews,goal,fact,2026-04-21,2026-05-24,0.667,EVOLVING
516,517,User wants to run a marathon next year,User completed a marathon,goal,fact,2026-05-30,2026-06-20,0.743,EVOLVING
518,519,User is saving up to buy a house,User bought a house,goal,fact,2026-04-12,2026-05-28,0.748,EVOLVING
